paper_id,work_id,identifiers,raw_relationships,year,date_status,ocis,book_family
lazic_21377655,omid:br/062401987591,doi:10.1007/978-3-030-39335-9_15 omid:br/062401987591,1,2020,dated,062401987591-06120316318,10.1007/978-3-030-39335-9
lazic_21513798,omid:br/06013752484,doi:10.1016/b978-0-323-95488-4.14026-4 omid:br/06013752484,1,2018,dated,06013752484-0620556162,10.1016/b978-0-323-95488-4
lazic_21513798,omid:br/06102765770,doi:10.1016/b978-0-12-801238-3.64258-7 omid:br/06102765770,1,2018,dated,06102765770-0620556162,10.1016/b978-0-12-801238-3
lazic_21513798,omid:br/061904285558,doi:10.1016/b978-0-323-95488-4.00176-5 omid:br/061904285558,1,2024,dated,061904285558-0620556162,10.1016/b978-0-323-95488-4
lazic_21787449,omid:br/062602322383,doi:10.1016/b978-0-12-813197-8.00016-6 omid:br/062602322383,1,2019,dated,062602322383-06230862777,10.1016/b978-0-12-813197-8
lazic_21816387,omid:br/06102655294,doi:10.1016/b978-0-12-813201-2.00012-0 omid:br/06102655294,1,2020,dated,06102655294-06120316144,10.1016/b978-0-12-813201-2
lazic_21816387,omid:br/06102952971,doi:10.1016/b978-0-12-802114-9.00005-6 omid:br/06102952971,1,2016,dated,06102952971-06120316144,10.1016/b978-0-12-802114-9
lazic_21816387,omid:br/061102525628,doi:10.1016/b978-0-12-800981-9.00021-3 omid:br/061102525628,1,2016,dated,061102525628-06120316144,10.1016/b978-0-12-800981-9
lazic_21816387,omid:br/061502803736,doi:10.1007/978-3-642-25761-2_14 omid:br/061502803736,1,2012,dated,061502803736-06120316144,10.1007/978-3-642-25761-2
lazic_21816387,omid:br/062302594330,doi:10.1007/978-1-4939-3014-2_13 omid:br/062302594330,1,2016,dated,062302594330-06120316144,10.1007/978-1-4939-3014-2
lazic_21816387,omid:br/062401987590,doi:10.1007/978-3-030-39335-9_11 omid:br/062401987590,1,2020,dated,062401987590-06120316144,10.1007/978-3-030-39335-9
lazic_21893170,omid:br/0607518774,doi:10.1007/978-3-031-71571-6_6 omid:br/0607518774,1,2025,dated,0607518774-06260108054,10.1007/978-3-031-71571-6
lazic_21893170,omid:br/06202628340,doi:10.1007/978-3-319-67858-0_7 omid:br/06202628340,1,2017,dated,06202628340-06260108054,10.1007/978-3-319-67858-0
lazic_21893170,omid:br/062603998780,doi:10.1007/978-981-19-7376-5_5 omid:br/062603998780,1,2023,dated,062603998780-06260108054,10.1007/978-981-19-7376-5
lazic_21893170,omid:br/06402958315,doi:10.1016/b978-0-08-097086-8.14142-x omid:br/06402958315,1,2015,dated,06402958315-06260108054,10.1016/b978-0-08-097086-8
lazic_21900122,omid:br/062202616337,doi:10.1007/978-3-319-16733-6_5 omid:br/062202616337,1,2015,dated,062202616337-0620901106,10.1007/978-3-319-16733-6
lazic_21900122,omid:br/06802370988,doi:10.1007/978-3-030-24958-8_6 omid:br/06802370988,1,2019,dated,06802370988-0620901106,10.1007/978-3-030-24958-8
lazic_21900122,omid:br/06902410267,doi:10.1007/978-3-319-60289-9_16 omid:br/06902410267,1,2017,dated,06902410267-0620901106,10.1007/978-3-319-60289-9
lazic_21930963,omid:br/06402096009,doi:10.1016/b978-0-08-102723-3.00014-7 omid:br/06402096009,1,2022,dated,06402096009-06503171284,10.1016/b978-0-08-102723-3
lazic_21930963,omid:br/06502406537,doi:10.1007/978-981-15-3797-4_2 omid:br/06502406537,1,2020,dated,06502406537-06503171284,10.1007/978-981-15-3797-4
lazic_21930963,omid:br/06802022807,doi:10.1016/b978-0-323-08593-9.00052-8 omid:br/06802022807,1,2014,dated,06802022807-06503171284,10.1016/b978-0-323-08593-9
lazic_21963399,omid:br/06602882654,doi:10.1016/b978-0-12-803592-4.00074-2 omid:br/06602882654,1,2017,dated,06602882654-0670591819,10.1016/b978-0-12-803592-4
lazic_22023958,omid:br/06013761092,doi:10.1016/b978-0-443-33841-0.00005-1 omid:br/06013761092,1,2026,dated,06013761092-06130731043,10.1016/b978-0-443-33841-0
lazic_22160775,omid:br/06102704339,doi:10.1007/978-3-319-55530-0_12 omid:br/06102704339,1,2019,dated,06102704339-06601496580,10.1007/978-3-319-55530-0
lazic_22160775,omid:br/061202425152,doi:10.1007/978-3-319-31143-2_12-1 omid:br/061202425152,1,2017,dated,061202425152-06601496580,10.1007/978-3-319-31143-2
lazic_22160775,omid:br/061402261647,doi:10.1016/b978-0-12-815876-0.00020-6 omid:br/061402261647,1,2020,dated,061402261647-06601496580,10.1016/b978-0-12-815876-0
lazic_22160775,omid:br/06202732918,doi:10.1007/978-3-319-31107-4_40 omid:br/06202732918,1,2018,dated,06202732918-06601496580,10.1007/978-3-319-31107-4
lazic_22160775,omid:br/06402853892,doi:10.1007/978-3-319-31420-4_40-1 omid:br/06402853892,1,2017,dated,06402853892-06601496580,10.1007/978-3-319-31420-4
lazic_22160775,omid:br/06602929926,doi:10.1016/b978-0-12-801383-0.00015-3 omid:br/06602929926,1,2016,dated,06602929926-06601496580,10.1016/b978-0-12-801383-0
lazic_22160775,omid:br/06602931060,doi:10.1016/b978-0-12-800102-8.00015-1 omid:br/06602931060,1,2016,dated,06602931060-06601496580,10.1016/b978-0-12-800102-8
lazic_22178135,omid:br/061802275953,doi:10.1016/b978-0-323-89773-0.00044-8 omid:br/061802275953,1,2022,dated,061802275953-061901493196,10.1016/b978-0-323-89773-0
lazic_22178135,omid:br/06350174895,doi:10.1007/978-3-030-39044-0_1 omid:br/06350174895,1,2023,dated,06350174895-061901493196,10.1007/978-3-030-39044-0
lazic_22178135,omid:br/0649071335,doi:10.1007/978-3-030-38366-4_1-1 omid:br/0649071335,1,2022,dated,0649071335-061901493196,10.1007/978-3-030-38366-4
lazic_22178135,omid:br/06702860278,doi:10.1016/b978-0-12-804239-7.00045-7 omid:br/06702860278,1,2017,dated,06702860278-061901493196,10.1016/b978-0-12-804239-7
lazic_22210394,omid:br/061202655607,doi:10.1007/978-1-4939-0280-4_11 omid:br/061202655607,1,2014,dated,061202655607-06180499906,10.1007/978-1-4939-0280-4
lazic_22230260,omid:br/061502655615,doi:10.1007/978-94-007-7772-9_6 omid:br/061502655615,1,2013,dated,061502655615-06703232640,10.1007/978-94-007-7772-9
lazic_22230260,omid:br/06402714592,doi:10.1016/b978-0-444-64199-1.00002-6 omid:br/06402714592,1,2018,dated,06402714592-06703232640,10.1016/b978-0-444-64199-1
lazic_22230260,omid:br/06702540450,doi:10.1007/978-981-13-2565-6_6 omid:br/06702540450,1,2018,dated,06702540450-06703232640,10.1007/978-981-13-2565-6
lazic_22326588,omid:br/061802234571,doi:10.1007/978-981-10-4714-5_3 omid:br/061802234571,1,2017,dated,061802234571-06603512785,10.1007/978-981-10-4714-5
lazic_22348036,omid:br/061102664452,doi:10.1007/978-1-4939-1031-1_7 omid:br/061102664452,1,2014,dated,061102664452-061901528706,10.1007/978-1-4939-1031-1
lazic_22348036,omid:br/061102905386,doi:10.1007/978-3-642-30018-9_41 omid:br/061102905386,1,2014,dated,061102905386-061901528706,10.1007/978-3-642-30018-9
lazic_22348036,omid:br/061502413155,doi:10.1007/978-3-319-12125-3_14-1 omid:br/061502413155,1,2015,dated,061502413155-061901528706,10.1007/978-3-319-12125-3
lazic_22348036,omid:br/061502655612,doi:10.1007/978-94-007-7772-9_5 omid:br/061502655612,1,2013,dated,061502655612-061901528706,10.1007/978-94-007-7772-9
lazic_22348036,omid:br/061903485650,doi:10.1016/b978-0-12-823761-8.00031-8 omid:br/061903485650,1,2023,dated,061903485650-061901528706,10.1016/b978-0-12-823761-8
lazic_22348036,omid:br/06201930896,doi:10.1007/978-3-319-11251-0_14 omid:br/06201930896,1,2016,dated,06201930896-061901528706,10.1007/978-3-319-11251-0
lazic_22348036,omid:br/062102712198,doi:10.1007/978-1-4939-7483-2_15 omid:br/062102712198,1,2018,dated,062102712198-061901528706,10.1007/978-1-4939-7483-2
lazic_22348036,omid:br/062102712200,doi:10.1007/978-1-4939-7483-2_12 omid:br/062102712200,1,2018,dated,062102712200-061901528706,10.1007/978-1-4939-7483-2
lazic_22348036,omid:br/062202644285,doi:10.1007/978-1-4939-1405-0_18 omid:br/062202644285,1,2014,dated,062202644285-061901528706,10.1007/978-1-4939-1405-0
lazic_22348036,omid:br/062302129540,doi:10.1007/978-981-13-3681-2_1 omid:br/062302129540,1,2019,dated,062302129540-061901528706,10.1007/978-981-13-3681-2
lazic_22348036,omid:br/062602322383,doi:10.1016/b978-0-12-813197-8.00016-6 omid:br/062602322383,1,2019,dated,062602322383-061901528706,10.1016/b978-0-12-813197-8
lazic_22395468,omid:br/061302709390,doi:10.1007/978-3-642-38007-5_16 omid:br/061302709390,1,2013,dated,061302709390-06230603137,10.1007/978-3-642-38007-5
lazic_22395468,omid:br/06402486746,doi:10.1007/978-3-030-16073-9_25 omid:br/06402486746,1,2019,dated,06402486746-06230603137,10.1007/978-3-030-16073-9
lazic_22395468,omid:br/06402810990,doi:10.1007/978-1-4939-6386-7_13 omid:br/06402810990,1,2016,dated,06402810990-06230603137,10.1007/978-1-4939-6386-7
lazic_22464150,omid:br/06103056926,doi:10.1007/978-3-319-16853-1_13 omid:br/06103056926,1,2015,dated,06103056926-0640240983,10.1007/978-3-319-16853-1
lazic_22464150,omid:br/061503271141,doi:10.1016/b978-0-12-821038-3.00041-0 omid:br/061503271141,1,2021,dated,061503271141-0640240983,10.1016/b978-0-12-821038-3
lazic_22464150,omid:br/062602527002,doi:10.1016/b978-0-12-802147-7.00046-2 omid:br/062602527002,1,2016,dated,062602527002-0640240983,10.1016/b978-0-12-802147-7
lazic_22645107,omid:br/06303090893,doi:10.1007/978-94-007-7832-0_15 omid:br/06303090893,1,2013,dated,06303090893-06203756606,10.1007/978-94-007-7832-0
lazic_22687817,omid:br/062102337868,doi:10.1016/b978-0-12-809600-0.00042-1 omid:br/062102337868,1,2018,dated,062102337868-06140909926,10.1016/b978-0-12-809600-0
lazic_22687817,omid:br/062102338408,doi:10.1016/b978-0-12-809600-0.00035-4 omid:br/062102338408,1,2018,dated,062102338408-06140909926,10.1016/b978-0-12-809600-0
lazic_22687817,omid:br/062401987592,doi:10.1007/978-3-030-39335-9_9 omid:br/062401987592,1,2020,dated,062401987592-06140909926,10.1007/978-3-030-39335-9
lazic_22692087,omid:br/061104278165,doi:10.1016/b978-0-443-23763-8.00042-7 omid:br/061104278165,1,2024,dated,061104278165-061201024957,10.1016/b978-0-443-23763-8
lazic_22692087,omid:br/06202812901,doi:10.1007/978-981-10-2489-4_16 omid:br/06202812901,1,2017,dated,06202812901-061201024957,10.1007/978-981-10-2489-4
lazic_22692087,omid:br/06302948372,doi:10.1016/b978-0-12-800872-0.00017-2 omid:br/06302948372,1,2015,dated,06302948372-061201024957,10.1016/b978-0-12-800872-0
lazic_22764249,omid:br/06013720388,doi:10.1007/978-3-032-12741-9_5 omid:br/06013720388,1,2026,dated,06013720388-0660514399,10.1007/978-3-032-12741-9
lazic_22764249,omid:br/06015463918,doi:10.1016/b978-0-323-95488-4.00294-1 omid:br/06015463918,1,2026,dated,06015463918-0660514399,10.1016/b978-0-323-95488-4
lazic_22764249,omid:br/061402281152,doi:10.1016/b978-0-12-813035-3.00006-x omid:br/061402281152,1,2019,dated,061402281152-0660514399,10.1016/b978-0-12-813035-3
lazic_22764249,omid:br/061402281154,doi:10.1016/b978-0-12-813035-3.00024-1 omid:br/061402281154,1,2019,dated,061402281154-0660514399,10.1016/b978-0-12-813035-3
lazic_22764249,omid:br/061402331137,doi:10.1016/b978-0-12-809405-1.00039-0 omid:br/061402331137,1,2018,dated,061402331137-0660514399,10.1016/b978-0-12-809405-1
lazic_22764249,omid:br/061702473259,doi:10.1016/b978-0-12-805373-7.00024-4 omid:br/061702473259,1,2017,dated,061702473259-0660514399,10.1016/b978-0-12-805373-7
lazic_22764249,omid:br/061702897924,doi:10.1007/978-1-4614-5836-4_121 omid:br/061702897924,1,2014,dated,061702897924-0660514399,10.1007/978-1-4614-5836-4
lazic_22764249,omid:br/062603998793,doi:10.1007/978-981-19-7376-5_15 omid:br/062603998793,1,2023,dated,062603998793-0660514399,10.1007/978-981-19-7376-5
lazic_22764249,omid:br/06604336258,doi:10.1016/b978-0-12-824315-2.00148-2 omid:br/06604336258,1,2022,dated,06604336258-0660514399,10.1016/b978-0-12-824315-2
lazic_22776160,omid:br/06301939071,doi:10.1016/b978-0-12-405941-2.00006-7 omid:br/06301939071,1,2014,dated,06301939071-0610257061,10.1016/b978-0-12-405941-2
lazic_22776160,omid:br/06503019294,doi:10.1007/978-3-319-22023-9_17 omid:br/06503019294,1,2016,dated,06503019294-0610257061,10.1007/978-3-319-22023-9
lazic_22832237,omid:br/06803149285,doi:10.1007/978-1-4614-5605-6_1 omid:br/06803149285,1,2012,dated,06803149285-06902858426,10.1007/978-1-4614-5605-6
lazic_22875908,omid:br/061704176057,doi:10.1016/b978-0-12-821046-8.00002-5 omid:br/061704176057,1,2024,dated,061704176057-06230326849,10.1016/b978-0-12-821046-8
lazic_22875908,omid:br/061904285617,doi:10.1016/b978-0-323-95488-4.00112-1 omid:br/061904285617,1,2024,dated,061904285617-06230326849,10.1016/b978-0-323-95488-4
lazic_22875908,omid:br/06202876493,doi:10.1016/b978-0-12-801238-3.95679-4 omid:br/06202876493,1,2018,dated,06202876493-06230326849,10.1016/b978-0-12-801238-3
lazic_22875908,omid:br/06350174895,doi:10.1007/978-3-030-39044-0_1 omid:br/06350174895,1,2023,dated,06350174895-06230326849,10.1007/978-3-030-39044-0
lazic_22875908,omid:br/06401879086,doi:10.1016/b978-0-12-823045-9.00015-8 omid:br/06401879086,1,2022,dated,06401879086-06230326849,10.1016/b978-0-12-823045-9
lazic_22875908,omid:br/0649071335,doi:10.1007/978-3-030-38366-4_1-1 omid:br/0649071335,1,2022,dated,0649071335-06230326849,10.1007/978-3-030-38366-4
lazic_22916128,omid:br/061502896738,doi:10.1016/b978-0-12-405941-2.00007-9 omid:br/061502896738,1,2014,dated,061502896738-06601531120,10.1016/b978-0-12-405941-2
lazic_22916128,omid:br/06503019294,doi:10.1007/978-3-319-22023-9_17 omid:br/06503019294,1,2016,dated,06503019294-06601531120,10.1007/978-3-319-22023-9
lazic_22958366,omid:br/06102704123,doi:10.1007/978-3-319-55530-0_24 omid:br/06102704123,1,2019,dated,06102704123-06220864140,10.1007/978-3-319-55530-0
lazic_22958366,omid:br/061202425074,doi:10.1007/978-3-319-31143-2_24-1 omid:br/061202425074,1,2017,dated,061202425074-06220864140,10.1007/978-3-319-31143-2
lazic_22958366,omid:br/06702040323,doi:10.1016/b978-0-12-813862-5.00016-5 omid:br/06702040323,1,2021,dated,06702040323-06220864140,10.1016/b978-0-12-813862-5
lazic_22958366,omid:br/06902410267,doi:10.1007/978-3-319-60289-9_16 omid:br/06902410267,1,2017,dated,06902410267-06220864140,10.1007/978-3-319-60289-9
lazic_23022609,omid:br/062602665652,doi:10.1007/978-1-4939-1372-5_4 omid:br/062602665652,1,2014,dated,062602665652-061801242966,10.1007/978-1-4939-1372-5
lazic_23038630,omid:br/06303895420,doi:10.1016/b978-0-12-824043-4.00010-5 omid:br/06303895420,1,2023,dated,06303895420-062101791295,10.1016/b978-0-12-824043-4
lazic_23038630,omid:br/06402612858,doi:10.1007/978-1-4939-7614-0_9 omid:br/06402612858,1,2018,dated,06402612858-062101791295,10.1007/978-1-4939-7614-0
lazic_23078415,omid:br/061902628766,doi:10.1007/978-3-7091-1890-0_2 omid:br/061902628766,1,2016,dated,061902628766-061901332635,10.1007/978-3-7091-1890-0
lazic_23104247,omid:br/06102938090,doi:10.1016/b978-0-12-802147-7.00002-4 omid:br/06102938090,1,2016,dated,06102938090-0660437001,10.1016/b978-0-12-802147-7
lazic_23104247,omid:br/06303685299,doi:10.1016/b978-0-12-821038-3.00002-1 omid:br/06303685299,1,2021,dated,06303685299-0660437001,10.1016/b978-0-12-821038-3
lazic_23104247,omid:br/06402983751,doi:10.1016/b978-0-12-407825-3.00015-0 omid:br/06402983751,1,2015,dated,06402983751-0660437001,10.1016/b978-0-12-407825-3
lazic_23129442,omid:br/061104234062,doi:10.1016/b978-0-323-91386-7.00040-4 omid:br/061104234062,1,,undated,061104234062-0646024313,10.1016/b978-0-323-91386-7
lazic_23129442,omid:br/061402336551,doi:10.1016/b978-0-12-809965-0.00033-1 omid:br/061402336551,1,2018,dated,061402336551-0646024313,10.1016/b978-0-12-809965-0
lazic_23142610,omid:br/061302979379,doi:10.1016/b978-0-12-817988-8.00015-4 omid:br/061302979379,1,2021,dated,061302979379-06260267467,10.1016/b978-0-12-817988-8
lazic_23142610,omid:br/061402281152,doi:10.1016/b978-0-12-813035-3.00006-x omid:br/061402281152,1,2019,dated,061402281152-06260267467,10.1016/b978-0-12-813035-3
lazic_23142610,omid:br/061402281154,doi:10.1016/b978-0-12-813035-3.00024-1 omid:br/061402281154,1,2019,dated,061402281154-06260267467,10.1016/b978-0-12-813035-3
lazic_23142610,omid:br/06604336258,doi:10.1016/b978-0-12-824315-2.00148-2 omid:br/06604336258,1,2022,dated,06604336258-06260267467,10.1016/b978-0-12-824315-2
lazic_23220271,omid:br/06011050628,doi:10.1016/b978-0-443-22201-6.00007-4 omid:br/06011050628,1,2025,dated,06011050628-0690941286,10.1016/b978-0-443-22201-6
lazic_23220271,omid:br/062102712208,doi:10.1007/978-1-4939-7483-2_11 omid:br/062102712208,1,2018,dated,062102712208-0690941286,10.1007/978-1-4939-7483-2
lazic_23227820,omid:br/061202195657,doi:10.1007/978-3-319-73344-9_18 omid:br/061202195657,1,2018,dated,061202195657-06101791013,10.1007/978-3-319-73344-9
lazic_23227820,omid:br/062502978375,doi:10.1016/b978-0-12-817986-4.00036-5 omid:br/062502978375,1,2021,dated,062502978375-06101791013,10.1016/b978-0-12-817986-4
lazic_23255587,omid:br/06602929888,doi:10.1016/b978-0-12-801383-0.00001-3 omid:br/06602929888,1,2016,dated,06602929888-06260774001,10.1016/b978-0-12-801383-0
lazic_23280060,omid:br/06902410251,doi:10.1007/978-3-319-60289-9_12 omid:br/06902410251,1,2017,dated,06902410251-06130730938,10.1007/978-3-319-60289-9
lazic_23283698,omid:br/061202475736,doi:10.1016/b978-0-12-800226-1.00007-1 omid:br/061202475736,1,2017,dated,061202475736-061102707612,10.1016/b978-0-12-800226-1
lazic_23283698,omid:br/061903994379,doi:10.1007/978-3-031-32386-7_5 omid:br/061903994379,1,2023,dated,061903994379-061102707612,10.1007/978-3-031-32386-7
lazic_23283698,omid:br/06503019294,doi:10.1007/978-3-319-22023-9_17 omid:br/06503019294,1,2016,dated,06503019294-061102707612,10.1007/978-3-319-22023-9
lazic_23295412,omid:br/06102071961,doi:10.1016/b978-0-12-813862-5.00010-4 omid:br/06102071961,1,2021,dated,06102071961-06110594053,10.1016/b978-0-12-813862-5
lazic_23295412,omid:br/061102597868,doi:10.1007/978-3-319-23675-9_8 omid:br/061102597868,1,2016,dated,061102597868-06110594053,10.1007/978-3-319-23675-9
lazic_23295412,omid:br/061502329529,doi:10.1016/b978-0-12-813006-3.00019-2 omid:br/061502329529,1,2018,dated,061502329529-06110594053,10.1016/b978-0-12-813006-3
lazic_23295412,omid:br/062603026183,doi:10.1007/978-3-030-78160-6_20 omid:br/062603026183,1,2022,dated,062603026183-06110594053,10.1007/978-3-030-78160-6
lazic_23295412,omid:br/06302894433,doi:10.1016/b978-0-12-820237-1.00041-7 omid:br/06302894433,1,2022,dated,06302894433-06110594053,10.1016/b978-0-12-820237-1
lazic_23295412,omid:br/06702354320,doi:10.1007/978-3-030-45299-5_20-1 omid:br/06702354320,1,2022,dated,06702354320-06110594053,10.1007/978-3-030-45299-5
lazic_23314109,omid:br/061102328658,doi:10.1016/b978-0-323-48110-6.00011-9 omid:br/061102328658,1,2019,dated,061102328658-06801004997,10.1016/b978-0-323-48110-6
lazic_23314109,omid:br/061402331293,doi:10.1016/b978-0-12-809405-1.00042-0 omid:br/061402331293,1,2018,dated,061402331293-06801004997,10.1016/b978-0-12-809405-1
lazic_23314109,omid:br/06302800136,doi:10.1007/978-4-431-55624-4_1 omid:br/06302800136,1,2017,dated,06302800136-06801004997,10.1007/978-4-431-55624-4
lazic_23314109,omid:br/06302942440,doi:10.1016/b978-0-12-409527-4.00033-x omid:br/06302942440,1,2015,dated,06302942440-06801004997,10.1016/b978-0-12-409527-4
lazic_23314109,omid:br/06304414776,doi:10.1016/b978-0-323-34125-7.00009-7 omid:br/06304414776,1,2017,dated,06304414776-06801004997,10.1016/b978-0-323-34125-7
lazic_23314109,omid:br/06410121858,doi:10.1016/b978-0-323-89833-1.00044-6 omid:br/06410121858,1,2023,dated,06410121858-06801004997,10.1016/b978-0-323-89833-1
lazic_23314109,omid:br/06502481218,doi:10.1007/978-3-030-16082-1_2 omid:br/06502481218,1,2019,dated,06502481218-06801004997,10.1007/978-3-030-16082-1
lazic_23314109,omid:br/06503103257,doi:10.1007/978-1-4614-9123-1_24 omid:br/06503103257,1,2013,dated,06503103257-06801004997,10.1007/978-1-4614-9123-1
lazic_23314109,omid:br/06602879795,doi:10.1016/b978-0-12-805299-0.00056-7 omid:br/06602879795,1,2017,dated,06602879795-06801004997,10.1016/b978-0-12-805299-0
lazic_23315950,omid:br/06160923380,doi:10.1007/978-3-030-98808-1_10 omid:br/06160923380,1,2022,dated,06160923380-06603457723,10.1007/978-3-030-98808-1
lazic_23315950,omid:br/061902628766,doi:10.1007/978-3-7091-1890-0_2 omid:br/061902628766,1,2016,dated,061902628766-06603457723,10.1007/978-3-7091-1890-0
lazic_23315950,omid:br/06202526507,doi:10.1007/978-3-319-98890-0_4 omid:br/06202526507,1,2018,dated,06202526507-06603457723,10.1007/978-3-319-98890-0
lazic_23315950,omid:br/06202599413,doi:10.1007/978-981-10-5526-3_4 omid:br/06202599413,1,2018,dated,06202599413-06603457723,10.1007/978-981-10-5526-3
lazic_23315950,omid:br/062102712208,doi:10.1007/978-1-4939-7483-2_11 omid:br/062102712208,1,2018,dated,062102712208-06603457723,10.1007/978-1-4939-7483-2
lazic_23315950,omid:br/06401758259,doi:10.1007/978-3-030-80068-0_69 omid:br/06401758259,1,2021,dated,06401758259-06603457723,10.1007/978-3-030-80068-0
lazic_23315950,omid:br/06402356704,doi:10.1007/978-981-15-7305-7_17 omid:br/06402356704,1,2020,dated,06402356704-06603457723,10.1007/978-981-15-7305-7
lazic_23315950,omid:br/06402529471,doi:10.1007/978-3-030-12668-1_3 omid:br/06402529471,1,2019,dated,06402529471-06603457723,10.1007/978-3-030-12668-1
lazic_23315950,omid:br/06402810987,doi:10.1007/978-1-4939-6386-7_16 omid:br/06402810987,1,2016,dated,06402810987-06603457723,10.1007/978-1-4939-6386-7
lazic_23328078,omid:br/061102927131,doi:10.1016/b978-0-444-63327-9.00005-9 omid:br/061102927131,1,2013,dated,061102927131-061301783384,10.1016/b978-0-444-63327-9
lazic_23328078,omid:br/061402281154,doi:10.1016/b978-0-12-813035-3.00024-1 omid:br/061402281154,1,2019,dated,061402281154-061301783384,10.1016/b978-0-12-813035-3
lazic_23328078,omid:br/061902362268,doi:10.1016/b978-0-12-804036-2.00013-3 omid:br/061902362268,1,2018,dated,061902362268-061301783384,10.1016/b978-0-12-804036-2
lazic_23328078,omid:br/061902362515,doi:10.1016/b978-0-12-804036-2.00014-5 omid:br/061902362515,1,2018,dated,061902362515-061301783384,10.1016/b978-0-12-804036-2
lazic_23328078,omid:br/06604336258,doi:10.1016/b978-0-12-824315-2.00148-2 omid:br/06604336258,1,2022,dated,06604336258-061301783384,10.1016/b978-0-12-824315-2
lazic_23353758,omid:br/061102525652,doi:10.1016/b978-0-12-800981-9.00025-0 omid:br/061102525652,1,2016,dated,061102525652-061301783386,10.1016/b978-0-12-800981-9
lazic_23353758,omid:br/061302631604,doi:10.1007/978-3-319-11870-3_4 omid:br/061302631604,1,2015,dated,061302631604-061301783386,10.1007/978-3-319-11870-3
lazic_23405071,omid:br/061102573690,doi:10.1016/b978-0-12-801311-3.00001-9 omid:br/061102573690,1,2014,dated,061102573690-061801519109,10.1016/b978-0-12-801311-3
lazic_23405071,omid:br/061403876735,doi:10.1016/b978-0-323-89847-8.00025-0 omid:br/061403876735,1,2023,dated,061403876735-061801519109,10.1016/b978-0-323-89847-8
lazic_23405071,omid:br/061403876766,doi:10.1016/b978-0-323-89847-8.00003-1 omid:br/061403876766,1,2023,dated,061403876766-061801519109,10.1016/b978-0-323-89847-8
lazic_23405071,omid:br/061902482342,doi:10.1016/b978-0-12-809330-6.00017-9 omid:br/061902482342,1,2017,dated,061902482342-061801519109,10.1016/b978-0-12-809330-6
lazic_23405071,omid:br/061902628766,doi:10.1007/978-3-7091-1890-0_2 omid:br/061902628766,1,2016,dated,061902628766-061801519109,10.1007/978-3-7091-1890-0
lazic_23405071,omid:br/062202532876,doi:10.1016/b978-0-12-800211-7.00013-2 omid:br/062202532876,1,2015,dated,062202532876-061801519109,10.1016/b978-0-12-800211-7
lazic_23405071,omid:br/062301936065,doi:10.1007/978-3-030-56413-1_11 omid:br/062301936065,1,2021,dated,062301936065-061801519109,10.1007/978-3-030-56413-1
lazic_23405071,omid:br/06302875560,doi:10.1016/b978-0-12-801238-3.65383-7 omid:br/06302875560,1,2018,dated,06302875560-061801519109,10.1016/b978-0-12-801238-3
lazic_23405071,omid:br/06602600740,doi:10.1007/978-3-319-54356-7_4 omid:br/06602600740,1,2017,dated,06602600740-061801519109,10.1007/978-3-319-54356-7
lazic_23405071,omid:br/06902566927,doi:10.1016/b978-0-12-418688-0.00015-0 omid:br/06902566927,1,2015,dated,06902566927-061801519109,10.1016/b978-0-12-418688-0
lazic_23405071,omid:br/06902567023,doi:10.1016/b978-0-12-418688-0.00016-2 omid:br/06902567023,1,2015,dated,06902567023-061801519109,10.1016/b978-0-12-418688-0
lazic_23406750,omid:br/06702782633,doi:10.1007/978-3-319-47385-7_5 omid:br/06702782633,1,2017,dated,06702782633-062401622427,10.1007/978-3-319-47385-7
lazic_23419080,omid:br/061102555631,doi:10.1016/b978-0-12-418688-0.00013-7 omid:br/061102555631,1,2015,dated,061102555631-06260511676,10.1016/b978-0-12-418688-0
lazic_23419080,omid:br/061403876746,doi:10.1016/b978-0-323-89847-8.00013-4 omid:br/061403876746,1,2023,dated,061403876746-06260511676,10.1016/b978-0-323-89847-8
lazic_23419080,omid:br/06302942440,doi:10.1016/b978-0-12-409527-4.00033-x omid:br/06302942440,1,2015,dated,06302942440-06260511676,10.1016/b978-0-12-409527-4
lazic_23428582,omid:br/061404285184,doi:10.1007/978-981-97-0130-8_6 omid:br/061404285184,1,2024,dated,061404285184-061601172779,10.1007/978-981-97-0130-8
lazic_23428582,omid:br/061803481843,doi:10.1007/978-3-662-65238-1_4 omid:br/061803481843,1,2022,dated,061803481843-061601172779,10.1007/978-3-662-65238-1
lazic_23428582,omid:br/06390111947,doi:10.1007/978-3-662-66751-4_4 omid:br/06390111947,1,2023,dated,06390111947-061601172779,10.1007/978-3-662-66751-4
lazic_23428582,omid:br/06503019292,doi:10.1007/978-3-319-22023-9_2 omid:br/06503019292,1,2016,dated,06503019292-061601172779,10.1007/978-3-319-22023-9
lazic_23428582,omid:br/06601513278,doi:10.1007/978-981-19-0120-1_22 omid:br/06601513278,1,2022,dated,06601513278-061601172779,10.1007/978-981-19-0120-1
lazic_23449593,omid:br/06014625776,doi:10.1016/b978-0-443-27340-7.00001-2 omid:br/06014625776,1,2026,dated,06014625776-0670481990,10.1016/b978-0-443-27340-7
lazic_23449593,omid:br/0607637401,doi:10.1016/b978-0-443-19102-2.00028-4 omid:br/0607637401,1,2025,dated,0607637401-0670481990,10.1016/b978-0-443-19102-2
lazic_23449593,omid:br/061102525628,doi:10.1016/b978-0-12-800981-9.00021-3 omid:br/061102525628,1,2016,dated,061102525628-0670481990,10.1016/b978-0-12-800981-9
lazic_23449593,omid:br/061102525647,doi:10.1016/b978-0-12-800981-9.00002-x omid:br/061102525647,1,2016,dated,061102525647-0670481990,10.1016/b978-0-12-800981-9
lazic_23449593,omid:br/061102525652,doi:10.1016/b978-0-12-800981-9.00025-0 omid:br/061102525652,1,2016,dated,061102525652-0670481990,10.1016/b978-0-12-800981-9
lazic_23449593,omid:br/061102525670,doi:10.1016/b978-0-12-800981-9.00011-0 omid:br/061102525670,1,2016,dated,061102525670-0670481990,10.1016/b978-0-12-800981-9
lazic_23449593,omid:br/061702343696,doi:10.1016/b978-0-12-811351-6.00026-7 omid:br/061702343696,1,2018,dated,061702343696-0670481990,10.1016/b978-0-12-811351-6
lazic_23449593,omid:br/062202267426,doi:10.1016/b978-0-12-813176-3.00029-8 omid:br/062202267426,1,2020,dated,062202267426-0670481990,10.1016/b978-0-12-813176-3
lazic_23449593,omid:br/062202644433,doi:10.1007/978-1-4939-1429-6_14 omid:br/062202644433,1,2014,dated,062202644433-0670481990,10.1007/978-1-4939-1429-6
lazic_23449593,omid:br/062302499856,doi:10.1016/b978-0-12-801968-9.00007-6 omid:br/062302499856,1,2016,dated,062302499856-0670481990,10.1016/b978-0-12-801968-9
lazic_23449593,omid:br/062302594330,doi:10.1007/978-1-4939-3014-2_13 omid:br/062302594330,1,2016,dated,062302594330-0670481990,10.1007/978-1-4939-3014-2
lazic_23449593,omid:br/062401987594,doi:10.1007/978-3-030-39335-9_1 omid:br/062401987594,1,2020,dated,062401987594-0670481990,10.1007/978-3-030-39335-9
lazic_23449593,omid:br/062404454120,doi:10.1007/978-981-97-5508-0_6 omid:br/062404454120,1,2024,dated,062404454120-0670481990,10.1007/978-981-97-5508-0
lazic_23449593,omid:br/062501559777,doi:10.1007/978-981-16-8313-8_7 omid:br/062501559777,1,2022,dated,062501559777-0670481990,10.1007/978-981-16-8313-8
lazic_23449593,omid:br/062502978577,doi:10.1016/b978-0-12-817986-4.00037-7 omid:br/062502978577,1,2021,dated,062502978577-0670481990,10.1016/b978-0-12-817986-4
lazic_23449593,omid:br/06502865693,doi:10.1007/978-3-319-13602-8_4 omid:br/06502865693,1,2015,dated,06502865693-0670481990,10.1007/978-3-319-13602-8
lazic_23449593,omid:br/06602801563,doi:10.1007/978-3-319-42834-5_7 omid:br/06602801563,1,2017,dated,06602801563-0670481990,10.1007/978-3-319-42834-5
lazic_23449593,omid:br/06902935406,doi:10.1016/b978-0-12-418700-9.00009-5 omid:br/06902935406,1,2013,dated,06902935406-0670481990,10.1016/b978-0-12-418700-9
lazic_23457588,omid:br/0605900386,doi:10.1007/978-981-97-5730-5_12 omid:br/0605900386,1,2024,dated,0605900386-061701526646,10.1007/978-981-97-5730-5
lazic_23457588,omid:br/06402810990,doi:10.1007/978-1-4939-6386-7_13 omid:br/06402810990,1,2016,dated,06402810990-061701526646,10.1007/978-1-4939-6386-7
lazic_23457588,omid:br/06702040426,doi:10.1016/b978-0-12-813862-5.00009-8 omid:br/06702040426,1,2021,dated,06702040426-061701526646,10.1016/b978-0-12-813862-5
lazic_23516451,omid:br/06202732918,doi:10.1007/978-3-319-31107-4_40 omid:br/06202732918,1,2018,dated,06202732918-061501525573,10.1007/978-3-319-31107-4
lazic_23516451,omid:br/062502632100,doi:10.1007/978-3-642-27843-3_4-1 omid:br/062502632100,1,2015,dated,062502632100-061501525573,10.1007/978-3-642-27843-3
lazic_23516451,omid:br/06402791046,doi:10.1007/978-3-319-51436-9_9 omid:br/06402791046,1,2017,dated,06402791046-061501525573,10.1007/978-3-319-51436-9
lazic_23516451,omid:br/06402853892,doi:10.1007/978-3-319-31420-4_40-1 omid:br/06402853892,1,2017,dated,06402853892-061501525573,10.1007/978-3-319-31420-4
lazic_23516451,omid:br/06502945190,doi:10.1016/b978-0-12-800102-8.00003-5 omid:br/06502945190,1,2016,dated,06502945190-061501525573,10.1016/b978-0-12-800102-8
lazic_23516451,omid:br/06602931060,doi:10.1016/b978-0-12-800102-8.00015-1 omid:br/06602931060,1,2016,dated,06602931060-061501525573,10.1016/b978-0-12-800102-8
lazic_23516451,omid:br/06702950433,doi:10.1016/b978-0-12-411602-3.00065-2 omid:br/06702950433,1,2015,dated,06702950433-061501525573,10.1016/b978-0-12-411602-3
lazic_23516451,omid:br/06902537179,doi:10.1007/978-3-662-43596-0_4 omid:br/06902537179,1,2015,dated,06902537179-061501525573,10.1007/978-3-662-43596-0
lazic_23546603,omid:br/06010028811,doi:10.1007/978-3-031-96376-6_5 omid:br/06010028811,1,2025,dated,06010028811-0670932564,10.1007/978-3-031-96376-6
lazic_23546603,omid:br/06201864090,doi:10.1016/b978-0-12-803506-1.00011-5 omid:br/06201864090,1,2017,dated,06201864090-0670932564,10.1016/b978-0-12-803506-1
lazic_23546603,omid:br/062202267113,doi:10.1016/b978-0-12-814823-5.00028-3 omid:br/062202267113,1,2020,dated,062202267113-0670932564,10.1016/b978-0-12-814823-5
lazic_23546603,omid:br/0652092067,doi:10.1016/b978-0-323-88534-8.00053-5 omid:br/0652092067,1,2023,dated,0652092067-0670932564,10.1016/b978-0-323-88534-8
lazic_23578649,omid:br/061203470082,doi:10.1007/978-981-16-5422-0_194 omid:br/061203470082,1,2022,dated,061203470082-06403470898,10.1007/978-981-16-5422-0
lazic_23578649,omid:br/061802614999,doi:10.1007/978-3-319-17512-6_7 omid:br/061802614999,1,2015,dated,061802614999-06403470898,10.1007/978-3-319-17512-6
lazic_23578649,omid:br/06202923332,doi:10.1016/b978-0-12-802147-7.00042-5 omid:br/06202923332,1,2016,dated,06202923332-06403470898,10.1016/b978-0-12-802147-7
lazic_23578649,omid:br/06302207706,doi:10.1007/978-981-16-1247-3_194-1 omid:br/06302207706,1,2022,dated,06302207706-06403470898,10.1007/978-981-16-1247-3
lazic_23578649,omid:br/06303685133,doi:10.1016/b978-0-12-821038-3.00057-4 omid:br/06303685133,1,2021,dated,06303685133-06403470898,10.1016/b978-0-12-821038-3
lazic_23592748,omid:br/06101910692,doi:10.1016/b978-0-12-814655-2.00017-7 omid:br/06101910692,1,2019,dated,06101910692-0670932553,10.1016/b978-0-12-814655-2
lazic_23592748,omid:br/062302359183,doi:10.1016/b978-0-12-801299-4.00025-6 omid:br/062302359183,1,2018,dated,062302359183-0670932553,10.1016/b978-0-12-801299-4
lazic_23700465,omid:br/06011476552,doi:10.1016/b978-0-443-27370-4.00015-9 omid:br/06011476552,1,2026,dated,06011476552-06801529447,10.1016/b978-0-443-27370-4
lazic_23700465,omid:br/0606421165,doi:10.1007/978-981-97-5730-5_22 omid:br/0606421165,1,2024,dated,0606421165-06801529447,10.1007/978-981-97-5730-5
lazic_23700465,omid:br/06102797092,doi:10.1007/978-3-319-48382-5_2 omid:br/06102797092,1,2017,dated,06102797092-06801529447,10.1007/978-3-319-48382-5
lazic_23700465,omid:br/061602453646,doi:10.1007/978-3-319-25325-1_6 omid:br/061602453646,1,2016,dated,061602453646-06801529447,10.1007/978-3-319-25325-1
lazic_23700465,omid:br/06904459669,doi:10.1007/978-3-031-63657-8_2 omid:br/06904459669,1,2024,dated,06904459669-06801529447,10.1007/978-3-031-63657-8
lazic_23744881,omid:br/06102703854,doi:10.1007/978-3-319-55530-0_38 omid:br/06102703854,1,2019,dated,06102703854-062502861529,10.1007/978-3-319-55530-0
lazic_23744881,omid:br/061202425124,doi:10.1007/978-3-319-31143-2_38-1 omid:br/061202425124,1,2017,dated,061202425124-062502861529,10.1007/978-3-319-31143-2
lazic_23756143,omid:br/061402280675,doi:10.1016/b978-0-12-813125-1.00006-4 omid:br/061402280675,1,2019,dated,061402280675-06260267090,10.1016/b978-0-12-813125-1
lazic_23756143,omid:br/06503019294,doi:10.1007/978-3-319-22023-9_17 omid:br/06503019294,1,2016,dated,06503019294-06260267090,10.1007/978-3-319-22023-9
lazic_23793357,omid:br/06015538837,doi:10.1007/978-3-032-12741-9_9 omid:br/06015538837,1,2026,dated,06015538837-0610366466,10.1007/978-3-032-12741-9
lazic_23793357,omid:br/061302979379,doi:10.1016/b978-0-12-817988-8.00015-4 omid:br/061302979379,1,2021,dated,061302979379-0610366466,10.1016/b978-0-12-817988-8
lazic_23793357,omid:br/061402281152,doi:10.1016/b978-0-12-813035-3.00006-x omid:br/061402281152,1,2019,dated,061402281152-0610366466,10.1016/b978-0-12-813035-3
lazic_23793357,omid:br/061402281154,doi:10.1016/b978-0-12-813035-3.00024-1 omid:br/061402281154,1,2019,dated,061402281154-0610366466,10.1016/b978-0-12-813035-3
lazic_23793357,omid:br/06604336258,doi:10.1016/b978-0-12-824315-2.00148-2 omid:br/06604336258,1,2022,dated,06604336258-0610366466,10.1016/b978-0-12-824315-2
lazic_23892646,omid:br/061402281152,doi:10.1016/b978-0-12-813035-3.00006-x omid:br/061402281152,1,2019,dated,061402281152-06801450161,10.1016/b978-0-12-813035-3
lazic_23940196,omid:br/0606447711,doi:10.1016/b978-0-443-22266-5.00002-1 omid:br/0606447711,1,2025,dated,0606447711-06101590818,10.1016/b978-0-443-22266-5
lazic_23940196,omid:br/06204440884,doi:10.1007/978-3-031-32371-3_8 omid:br/06204440884,1,2023,dated,06204440884-06101590818,10.1007/978-3-031-32371-3
lazic_23940196,omid:br/062302129540,doi:10.1007/978-981-13-3681-2_1 omid:br/062302129540,1,2019,dated,062302129540-06101590818,10.1007/978-981-13-3681-2
lazic_23940196,omid:br/062602322383,doi:10.1016/b978-0-12-813197-8.00016-6 omid:br/062602322383,1,2019,dated,062602322383-06101590818,10.1016/b978-0-12-813197-8
lazic_23949616,omid:br/062103155068,doi:10.1016/b978-0-12-823304-7.00007-6 omid:br/062103155068,1,2021,dated,062103155068-0610529600,10.1016/b978-0-12-823304-7
lazic_23949616,omid:br/06402612872,doi:10.1007/978-1-4939-7614-0_1 omid:br/06402612872,1,2018,dated,06402612872-0610529600,10.1007/978-1-4939-7614-0
lazic_23949616,omid:br/06402612877,doi:10.1007/978-1-4939-7614-0_8 omid:br/06402612877,1,2018,dated,06402612877-0610529600,10.1007/978-1-4939-7614-0
lazic_23949616,omid:br/06402612882,doi:10.1007/978-1-4939-7614-0_7 omid:br/06402612882,1,2018,dated,06402612882-0610529600,10.1007/978-1-4939-7614-0
lazic_23949616,omid:br/06402810976,doi:10.1007/978-1-4939-6386-7_7 omid:br/06402810976,1,2016,dated,06402810976-0610529600,10.1007/978-1-4939-6386-7
lazic_23949616,omid:br/0652092067,doi:10.1016/b978-0-323-88534-8.00053-5 omid:br/0652092067,1,2023,dated,0652092067-0610529600,10.1016/b978-0-323-88534-8
lazic_23949616,omid:br/06802398708,doi:10.1007/978-3-030-35358-2_14 omid:br/06802398708,1,2020,dated,06802398708-0610529600,10.1007/978-3-030-35358-2
lazic_23949616,omid:br/06903501001,doi:10.1016/b978-0-12-824389-3.00011-8 omid:br/06903501001,1,2022,dated,06903501001-0610529600,10.1016/b978-0-12-824389-3
lazic_23959066,omid:br/061703442577,doi:10.1007/978-3-031-17678-4_2 omid:br/061703442577,1,2022,dated,061703442577-06230602880,10.1007/978-3-031-17678-4
lazic_23959066,omid:br/061804269288,doi:10.1007/978-1-0716-4200-9_16 omid:br/061804269288,1,2024,dated,061804269288-06230602880,10.1007/978-1-0716-4200-9
lazic_23959066,omid:br/062402447741,doi:10.1016/b978-0-12-805388-1.00024-9 omid:br/062402447741,1,2017,dated,062402447741-06230602880,10.1016/b978-0-12-805388-1
lazic_23959066,omid:br/062502199025,doi:10.1007/978-1-4939-7828-1_19 omid:br/062502199025,1,2018,dated,062502199025-06230602880,10.1007/978-1-4939-7828-1
lazic_23959066,omid:br/06290547920,doi:10.1007/978-3-031-59286-7_6 omid:br/06290547920,1,2024,dated,06290547920-06230602880,10.1007/978-3-031-59286-7
lazic_23959066,omid:br/06303894860,doi:10.1016/b978-0-323-91909-8.00023-2 omid:br/06303894860,1,2023,dated,06303894860-06230602880,10.1016/b978-0-323-91909-8
lazic_23959066,omid:br/06402629893,doi:10.1007/978-3-319-62817-2_7 omid:br/06402629893,1,2017,dated,06402629893-06230602880,10.1007/978-3-319-62817-2
lazic_23959066,omid:br/06402754933,doi:10.1016/b978-0-12-809468-6.00032-2 omid:br/06402754933,1,2017,dated,06402754933-06230602880,10.1016/b978-0-12-809468-6
lazic_23959066,omid:br/06602929828,doi:10.1016/b978-0-12-801383-0.00005-0 omid:br/06602929828,1,2016,dated,06602929828-06230602880,10.1016/b978-0-12-801383-0
lazic_23962570,omid:br/06370178285,doi:10.1016/b978-0-12-819958-9.00009-8 omid:br/06370178285,1,2023,dated,06370178285-0690808836,10.1016/b978-0-12-819958-9
lazic_23966683,omid:br/061402281154,doi:10.1016/b978-0-12-813035-3.00024-1 omid:br/061402281154,1,2019,dated,061402281154-0640517488,10.1016/b978-0-12-813035-3
lazic_23966683,omid:br/062202487162,doi:10.1016/b978-0-12-800213-1.00013-4 omid:br/062202487162,1,2016,dated,062202487162-0640517488,10.1016/b978-0-12-800213-1
lazic_23966683,omid:br/06604336258,doi:10.1016/b978-0-12-824315-2.00148-2 omid:br/06604336258,1,2022,dated,06604336258-0640517488,10.1016/b978-0-12-824315-2
lazic_24005185,omid:br/06011843062,doi:10.1016/b978-0-443-21477-6.00481-8 omid:br/06011843062,1,2025,dated,06011843062-06140681606,10.1016/b978-0-443-21477-6
lazic_24005185,omid:br/062502517570,doi:10.1016/b978-0-12-801562-9.00004-1 omid:br/062502517570,1,2015,dated,062502517570-06140681606,10.1016/b978-0-12-801562-9
lazic_24005185,omid:br/062502517762,doi:10.1016/b978-0-12-801562-9.09998-1 omid:br/062502517762,1,2015,dated,062502517762-06140681606,10.1016/b978-0-12-801562-9
lazic_24005185,omid:br/06601911094,doi:10.1016/b978-0-12-801238-3.64387-8 omid:br/06601911094,1,2018,dated,06601911094-06140681606,10.1016/b978-0-12-801238-3
lazic_24060430,omid:br/06340150826,doi:10.1007/978-3-031-31547-3_115 omid:br/06340150826,1,2023,dated,06340150826-06250691001,10.1007/978-3-031-31547-3
lazic_24060430,omid:br/06460168595,doi:10.1007/978-3-030-98711-4_115-1 omid:br/06460168595,1,2022,dated,06460168595-06250691001,10.1007/978-3-030-98711-4
lazic_24091367,omid:br/061702533692,doi:10.1016/b978-0-12-800228-5.00008-x omid:br/061702533692,1,2015,dated,061702533692-06130730859,10.1016/b978-0-12-800228-5
lazic_24102398,omid:br/062202634693,doi:10.1007/978-81-322-2265-1_5 omid:br/062202634693,1,2015,dated,062202634693-062201037794,10.1007/978-81-322-2265-1
lazic_24126190,omid:br/06011299753,doi:10.1007/978-3-031-96376-6_11 omid:br/06011299753,1,2025,dated,06011299753-061201412180,10.1007/978-3-031-96376-6
lazic_24129217,omid:br/062401987590,doi:10.1007/978-3-030-39335-9_11 omid:br/062401987590,1,2020,dated,062401987590-06260266902,10.1007/978-3-030-39335-9
lazic_24129217,omid:br/062401987592,doi:10.1007/978-3-030-39335-9_9 omid:br/062401987592,1,2020,dated,062401987592-06260266902,10.1007/978-3-030-39335-9
lazic_24129217,omid:br/06280596276,doi:10.1007/978-3-031-55529-9_26 omid:br/06280596276,1,2024,dated,06280596276-06260266902,10.1007/978-3-031-55529-9
lazic_24139910,omid:br/062202037986,doi:10.1007/978-3-030-25816-0_2 omid:br/062202037986,1,2019,dated,062202037986-061602416449,10.1007/978-3-030-25816-0
lazic_24139910,omid:br/06410121863,doi:10.1016/b978-0-323-89833-1.00028-8 omid:br/06410121863,1,2023,dated,06410121863-061602416449,10.1016/b978-0-323-89833-1
lazic_24168053,omid:br/06902543456,doi:10.1016/b978-0-12-800043-4.00025-7 omid:br/06902543456,1,2016,dated,06902543456-06110152687,10.1016/b978-0-12-800043-4
lazic_24218023,omid:br/062202487106,doi:10.1016/b978-0-12-800213-1.00071-7 omid:br/062202487106,1,2016,dated,062202487106-06240240497,10.1016/b978-0-12-800213-1
lazic_24224789,omid:br/06202599413,doi:10.1007/978-981-10-5526-3_4 omid:br/06202599413,1,2018,dated,06202599413-0610515202,10.1007/978-981-10-5526-3
lazic_24224789,omid:br/062302646226,doi:10.1007/978-1-4939-2311-3_4 omid:br/062302646226,1,2014,dated,062302646226-0610515202,10.1007/978-1-4939-2311-3
lazic_24224789,omid:br/06402810981,doi:10.1007/978-1-4939-6386-7_12 omid:br/06402810981,1,2016,dated,06402810981-0610515202,10.1007/978-1-4939-6386-7
lazic_24224789,omid:br/06403900466,doi:10.1007/978-1-4939-1203-2_4 omid:br/06403900466,1,2014,dated,06403900466-0610515202,10.1007/978-1-4939-1203-2
lazic_24224789,omid:br/06702039633,doi:10.1016/b978-0-12-813862-5.00006-2 omid:br/06702039633,1,2021,dated,06702039633-0610515202,10.1016/b978-0-12-813862-5
lazic_24239806,omid:br/06010537659,doi:10.1007/978-3-031-93459-9_11 omid:br/06010537659,1,2025,dated,06010537659-06603249334,10.1007/978-3-031-93459-9
lazic_24239806,omid:br/0605900343,doi:10.1007/978-981-97-5730-5_5 omid:br/0605900343,1,2024,dated,0605900343-06603249334,10.1007/978-981-97-5730-5
lazic_24239806,omid:br/0605900346,doi:10.1007/978-981-97-5730-5_16 omid:br/0605900346,1,2024,dated,0605900346-06603249334,10.1007/978-981-97-5730-5
lazic_24239806,omid:br/0605904283,doi:10.1007/978-981-97-5730-5_19 omid:br/0605904283,1,2024,dated,0605904283-06603249334,10.1007/978-981-97-5730-5
lazic_24239806,omid:br/0605904471,doi:10.1007/978-981-97-5730-5_7 omid:br/0605904471,1,2024,dated,0605904471-06603249334,10.1007/978-981-97-5730-5
lazic_24239806,omid:br/0605907079,doi:10.1007/978-981-97-5730-5_13 omid:br/0605907079,1,2024,dated,0605907079-06603249334,10.1007/978-981-97-5730-5
lazic_24239806,omid:br/0605909200,doi:10.1007/978-981-97-5730-5_14 omid:br/0605909200,1,2024,dated,0605909200-06603249334,10.1007/978-981-97-5730-5
lazic_24239806,omid:br/0605909239,doi:10.1007/978-981-97-5730-5_10 omid:br/0605909239,1,2024,dated,0605909239-06603249334,10.1007/978-981-97-5730-5
lazic_24239806,omid:br/0606421165,doi:10.1007/978-981-97-5730-5_22 omid:br/0606421165,1,2024,dated,0606421165-06603249334,10.1007/978-981-97-5730-5
lazic_24239806,omid:br/0606421333,doi:10.1007/978-981-97-5730-5_11 omid:br/0606421333,1,2024,dated,0606421333-06603249334,10.1007/978-981-97-5730-5
lazic_24239806,omid:br/0606423538,doi:10.1007/978-981-97-5730-5_9 omid:br/0606423538,1,2024,dated,0606423538-06603249334,10.1007/978-981-97-5730-5
lazic_24239806,omid:br/062502497845,doi:10.1016/b978-0-12-802147-7.00007-3 omid:br/062502497845,1,2016,dated,062502497845-06603249334,10.1016/b978-0-12-802147-7
lazic_24239806,omid:br/06303685107,doi:10.1016/b978-0-12-821038-3.00008-2 omid:br/06303685107,1,2021,dated,06303685107-06603249334,10.1016/b978-0-12-821038-3
lazic_24239806,omid:br/06902410250,doi:10.1007/978-3-319-60289-9_25 omid:br/06902410250,1,2017,dated,06902410250-06603249334,10.1007/978-3-319-60289-9
lazic_24275555,omid:br/06201864090,doi:10.1016/b978-0-12-803506-1.00011-5 omid:br/06201864090,1,2017,dated,06201864090-0627022885,10.1016/b978-0-12-803506-1
lazic_24275555,omid:br/06201959217,doi:10.1016/b978-0-12-813968-4.00003-1 omid:br/06201959217,1,2018,dated,06201959217-0627022885,10.1016/b978-0-12-813968-4
lazic_24275555,omid:br/06402356534,doi:10.1007/978-3-662-61906-3_15 omid:br/06402356534,1,2022,dated,06402356534-0627022885,10.1007/978-3-662-61906-3
lazic_24275555,omid:br/06402529471,doi:10.1007/978-3-030-12668-1_3 omid:br/06402529471,1,2019,dated,06402529471-0627022885,10.1007/978-3-030-12668-1
lazic_24275555,omid:br/0652092067,doi:10.1016/b978-0-323-88534-8.00053-5 omid:br/0652092067,1,2023,dated,0652092067-0627022885,10.1016/b978-0-323-88534-8
lazic_24275555,omid:br/06602929800,doi:10.1016/b978-0-12-801383-0.00003-7 omid:br/06602929800,1,2016,dated,06602929800-0627022885,10.1016/b978-0-12-801383-0
lazic_24275555,omid:br/06602929868,doi:10.1016/b978-0-12-801383-0.00006-2 omid:br/06602929868,1,2016,dated,06602929868-0627022885,10.1016/b978-0-12-801383-0
lazic_24275555,omid:br/06802398712,doi:10.1007/978-3-030-35358-2_13 omid:br/06802398712,1,2020,dated,06802398712-0627022885,10.1007/978-3-030-35358-2
lazic_24279743,omid:br/061802236170,doi:10.1007/978-3-319-67625-8_7 omid:br/061802236170,1,2017,dated,061802236170-06170859322,10.1007/978-3-319-67625-8
lazic_24326014,omid:br/061602418300,doi:10.1007/978-3-319-52498-6_9 omid:br/061602418300,1,2017,dated,061602418300-061401443546,10.1007/978-3-319-52498-6
lazic_24355753,omid:br/06013720388,doi:10.1007/978-3-032-12741-9_5 omid:br/06013720388,1,2026,dated,06013720388-06260266796,10.1007/978-3-032-12741-9
lazic_24358374,omid:br/061402281154,doi:10.1016/b978-0-12-813035-3.00024-1 omid:br/061402281154,1,2019,dated,061402281154-061401507631,10.1016/b978-0-12-813035-3
lazic_24358374,omid:br/061603485843,doi:10.1016/b978-0-323-89903-1.00025-6 omid:br/061603485843,1,2023,dated,061603485843-061401507631,10.1016/b978-0-323-89903-1
lazic_24358374,omid:br/06604336258,doi:10.1016/b978-0-12-824315-2.00148-2 omid:br/06604336258,1,2022,dated,06604336258-061401507631,10.1016/b978-0-12-824315-2
lazic_24358374,omid:br/06801927288,doi:10.1016/b978-0-08-100295-7.00002-5 omid:br/06801927288,1,2016,dated,06801927288-061401507631,10.1016/b978-0-08-100295-7
lazic_24358374,omid:br/06801927506,doi:10.1016/b978-0-08-100295-7.00014-1 omid:br/06801927506,1,2016,dated,06801927506-061401507631,10.1016/b978-0-08-100295-7
lazic_24427280,omid:br/061202425112,doi:10.1007/978-3-319-31143-2_61-1 omid:br/061202425112,1,2017,dated,061202425112-061101529038,10.1007/978-3-319-31143-2
lazic_24427280,omid:br/06202692585,doi:10.1007/978-3-319-55530-0_61 omid:br/06202692585,1,2019,dated,06202692585-061101529038,10.1007/978-3-319-55530-0
lazic_24445301,omid:br/062202266870,doi:10.1016/b978-0-12-849886-6.00008-2 omid:br/062202266870,1,2019,dated,062202266870-06202414369,10.1016/b978-0-12-849886-6
lazic_24445301,omid:br/06402810978,doi:10.1007/978-1-4939-6386-7_10 omid:br/06402810978,1,2016,dated,06402810978-06202414369,10.1007/978-1-4939-6386-7
lazic_24451982,omid:br/061202281100,doi:10.1016/b978-0-12-816843-1.00011-4 omid:br/061202281100,1,2019,dated,061202281100-06230326438,10.1016/b978-0-12-816843-1
lazic_24451982,omid:br/061202419987,doi:10.1007/978-3-319-29901-3_4 omid:br/061202419987,1,2016,dated,061202419987-06230326438,10.1007/978-3-319-29901-3
lazic_24451982,omid:br/062402400690,doi:10.1007/978-1-4939-6743-8_3 omid:br/062402400690,1,2016,dated,062402400690-06230326438,10.1007/978-1-4939-6743-8
lazic_24451982,omid:br/06402754933,doi:10.1016/b978-0-12-809468-6.00032-2 omid:br/06402754933,1,2017,dated,06402754933-06230326438,10.1016/b978-0-12-809468-6
lazic_24451982,omid:br/06702040364,doi:10.1016/b978-0-12-813156-5.00029-7 omid:br/06702040364,1,2021,dated,06702040364-06230326438,10.1016/b978-0-12-813156-5
lazic_24462543,omid:br/06102704196,doi:10.1007/978-3-319-55530-0_47 omid:br/06102704196,1,2019,dated,06102704196-06130730830,10.1007/978-3-319-55530-0
lazic_24462543,omid:br/061202425047,doi:10.1007/978-3-319-31143-2_47-1 omid:br/061202425047,1,2017,dated,061202425047-06130730830,10.1007/978-3-319-31143-2
lazic_24462543,omid:br/06903501004,doi:10.1016/b978-0-12-824389-3.00007-6 omid:br/06903501004,1,2022,dated,06903501004-06130730830,10.1016/b978-0-12-824389-3
lazic_24486713,omid:br/061902090251,doi:10.1007/978-3-030-21664-1_4 omid:br/061902090251,1,2019,dated,061902090251-06102520407,10.1007/978-3-030-21664-1
lazic_24486713,omid:br/06302774121,doi:10.1007/978-3-319-53889-1_8 omid:br/06302774121,1,2017,dated,06302774121-06102520407,10.1007/978-3-319-53889-1
lazic_24486713,omid:br/06602929793,doi:10.1016/b978-0-12-801383-0.00018-9 omid:br/06602929793,1,2016,dated,06602929793-06102520407,10.1016/b978-0-12-801383-0
lazic_24486713,omid:br/06802379740,doi:10.1007/978-3-030-44743-4_18 omid:br/06802379740,1,2020,dated,06802379740-06102520407,10.1007/978-3-030-44743-4
lazic_24505458,omid:br/06702708455,doi:10.1016/b978-0-12-811442-1.00013-4 omid:br/06702708455,1,2018,dated,06702708455-06801527616,10.1016/b978-0-12-811442-1
lazic_24574094,omid:br/06015538837,doi:10.1007/978-3-032-12741-9_9 omid:br/06015538837,1,2026,dated,06015538837-0610568659,10.1007/978-3-032-12741-9
lazic_24577229,omid:br/061601819922,doi:10.1007/978-3-030-66376-6_16 omid:br/061601819922,1,2021,dated,061601819922-061402666032,10.1007/978-3-030-66376-6
lazic_24577229,omid:br/061602003458,doi:10.1007/978-981-15-4802-4_6 omid:br/061602003458,1,2020,dated,061602003458-061402666032,10.1007/978-981-15-4802-4
lazic_24577229,omid:br/061603485782,doi:10.1016/b978-0-323-89868-3.00003-3 omid:br/061603485782,1,2022,dated,061603485782-061402666032,10.1016/b978-0-323-89868-3
lazic_24577229,omid:br/061701467143,doi:10.1007/978-981-16-9205-5_14 omid:br/061701467143,1,2022,dated,061701467143-061402666032,10.1007/978-981-16-9205-5
lazic_24577229,omid:br/061702472976,doi:10.1016/b978-0-12-809199-9.00012-4 omid:br/061702472976,1,2017,dated,061702472976-061402666032,10.1016/b978-0-12-809199-9
lazic_24577229,omid:br/06201391549,doi:10.1007/978-1-0716-0838-8_10 omid:br/06201391549,1,2020,dated,06201391549-061402666032,10.1007/978-1-0716-0838-8
lazic_24577229,omid:br/062102478085,doi:10.1016/b978-0-12-804598-5.00005-2 omid:br/062102478085,1,2017,dated,062102478085-061402666032,10.1016/b978-0-12-804598-5
lazic_24577229,omid:br/062302500070,doi:10.1016/b978-0-323-42864-4.00002-6 omid:br/062302500070,1,2016,dated,062302500070-061402666032,10.1016/b978-0-323-42864-4
lazic_24577229,omid:br/06320426215,doi:10.1016/b978-0-323-90838-2.00013-8 omid:br/06320426215,1,2024,dated,06320426215-061402666032,10.1016/b978-0-323-90838-2
lazic_24577229,omid:br/0639088974,doi:10.1007/978-981-99-1592-7_14 omid:br/0639088974,1,2023,dated,0639088974-061402666032,10.1007/978-981-99-1592-7
lazic_24577229,omid:br/06504882265,doi:10.1016/b978-0-443-15702-8.00031-2 omid:br/06504882265,1,2025,dated,06504882265-061402666032,10.1016/b978-0-443-15702-8
lazic_24577229,omid:br/06702610892,doi:10.1007/978-3-319-62731-1_13 omid:br/06702610892,1,2018,dated,06702610892-061402666032,10.1007/978-3-319-62731-1
lazic_24577229,omid:br/06804635140,doi:10.1016/b978-0-323-95513-3.00014-9 omid:br/06804635140,1,2024,dated,06804635140-061402666032,10.1016/b978-0-323-95513-3
lazic_24594617,omid:br/061602399111,doi:10.1007/978-3-662-50424-6_34 omid:br/061602399111,1,2016,dated,061602399111-061601172620,10.1007/978-3-662-50424-6
lazic_24594617,omid:br/062302594330,doi:10.1007/978-1-4939-3014-2_13 omid:br/062302594330,1,2016,dated,062302594330-061601172620,10.1007/978-1-4939-3014-2
lazic_24663672,omid:br/061102009391,doi:10.1007/978-3-030-40002-6_16 omid:br/061102009391,1,2020,dated,061102009391-06301529244,10.1007/978-3-030-40002-6
lazic_24663672,omid:br/062302594336,doi:10.1007/978-1-4939-3014-2_7 omid:br/062302594336,1,2016,dated,062302594336-06301529244,10.1007/978-1-4939-3014-2
lazic_24725099,omid:br/061702504872,doi:10.1016/b978-0-12-802972-5.00010-x omid:br/061702504872,1,2016,dated,061702504872-0690482445,10.1016/b978-0-12-802972-5
lazic_24725099,omid:br/06360183117,doi:10.1016/b978-0-12-823931-5.00019-0 omid:br/06360183117,1,2023,dated,06360183117-0690482445,10.1016/b978-0-12-823931-5
lazic_24725099,omid:br/06602586571,doi:10.1007/978-3-319-79087-9_22 omid:br/06602586571,1,2018,dated,06602586571-0690482445,10.1007/978-3-319-79087-9
lazic_24780497,omid:br/06014326370,doi:10.1016/b978-0-443-29930-8.00009-6 omid:br/06014326370,1,2026,dated,06014326370-06210510018,10.1016/b978-0-443-29930-8
lazic_24780497,omid:br/061701805826,doi:10.1007/978-981-16-3376-8_41 omid:br/061701805826,1,2021,dated,061701805826-06210510018,10.1007/978-981-16-3376-8
lazic_24780497,omid:br/062504218249,doi:10.1007/978-3-031-41893-8_17 omid:br/062504218249,1,2023,dated,062504218249-06210510018,10.1007/978-3-031-41893-8
lazic_24780497,omid:br/06902099256,doi:10.1007/978-3-030-29081-8_24 omid:br/06902099256,1,2020,dated,06902099256-06210510018,10.1007/978-3-030-29081-8
lazic_24796820,omid:br/06013720482,doi:10.1007/978-3-032-12741-9_4 omid:br/06013720482,1,2026,dated,06013720482-062502574249,10.1007/978-3-032-12741-9
lazic_24818819,omid:br/061302300102,doi:10.1016/b978-0-12-813125-1.00011-8 omid:br/061302300102,1,2019,dated,061302300102-062502574238,10.1016/b978-0-12-813125-1
lazic_24819035,omid:br/061102434759,doi:10.1007/978-3-319-33486-8_12 omid:br/061102434759,1,2016,dated,061102434759-06102161326,10.1007/978-3-319-33486-8
lazic_24819035,omid:br/06201864090,doi:10.1016/b978-0-12-803506-1.00011-5 omid:br/06201864090,1,2017,dated,06201864090-06102161326,10.1016/b978-0-12-803506-1
lazic_24819035,omid:br/06402529469,doi:10.1007/978-3-030-12668-1_4 omid:br/06402529469,1,2019,dated,06402529469-06102161326,10.1007/978-3-030-12668-1
lazic_24819035,omid:br/0652092067,doi:10.1016/b978-0-323-88534-8.00053-5 omid:br/0652092067,1,2023,dated,0652092067-06102161326,10.1016/b978-0-323-88534-8
lazic_24825369,omid:br/06402326027,doi:10.1007/978-3-030-53176-8_12 omid:br/06402326027,1,2020,dated,06402326027-0610181175,10.1007/978-3-030-53176-8
lazic_24863806,omid:br/062302594330,doi:10.1007/978-1-4939-3014-2_13 omid:br/062302594330,1,2016,dated,062302594330-06902858339,10.1007/978-1-4939-3014-2
lazic_24903743,omid:br/06013720388,doi:10.1007/978-3-032-12741-9_5 omid:br/06013720388,1,2026,dated,06013720388-0616068064,10.1007/978-3-032-12741-9
lazic_24913803,omid:br/062502978056,doi:10.1016/b978-0-12-817988-8.00019-1 omid:br/062502978056,1,2021,dated,062502978056-06250820262,10.1016/b978-0-12-817988-8
lazic_24934701,omid:br/061804269288,doi:10.1007/978-1-0716-4200-9_16 omid:br/061804269288,1,2024,dated,061804269288-06301829825,10.1007/978-1-0716-4200-9
lazic_24934701,omid:br/062502199025,doi:10.1007/978-1-4939-7828-1_19 omid:br/062502199025,1,2018,dated,062502199025-06301829825,10.1007/978-1-4939-7828-1
lazic_24950432,omid:br/06402612882,doi:10.1007/978-1-4939-7614-0_7 omid:br/06402612882,1,2018,dated,06402612882-06210556023,10.1007/978-1-4939-7614-0
lazic_24979775,omid:br/061103484355,doi:10.1016/b978-0-12-823490-7.00006-x omid:br/061103484355,1,2022,dated,061103484355-062303051707,10.1016/b978-0-12-823490-7
lazic_24979775,omid:br/061502381651,doi:10.1007/978-3-319-62414-3_7 omid:br/061502381651,1,2017,dated,061502381651-062303051707,10.1007/978-3-319-62414-3
lazic_24979775,omid:br/061902279599,doi:10.1016/b978-0-12-813983-7.00006-9 omid:br/061902279599,1,2020,dated,061902279599-062303051707,10.1016/b978-0-12-813983-7
lazic_24979775,omid:br/06270497643,doi:10.1007/978-981-97-4864-8_8 omid:br/06270497643,1,2024,dated,06270497643-062303051707,10.1007/978-981-97-4864-8
lazic_24979775,omid:br/0643072674,doi:10.1007/978-3-031-20792-1_10 omid:br/0643072674,1,2023,dated,0643072674-062303051707,10.1007/978-3-031-20792-1
lazic_24979775,omid:br/0643072696,doi:10.1007/978-3-031-20792-1_41 omid:br/0643072696,1,2023,dated,0643072696-062303051707,10.1007/978-3-031-20792-1
lazic_24979775,omid:br/06602882602,doi:10.1016/b978-0-12-803592-4.00097-3 omid:br/06602882602,1,2017,dated,06602882602-062303051707,10.1016/b978-0-12-803592-4
lazic_25070670,omid:br/0605417829,doi:10.1016/b978-0-323-95488-4.00199-6 omid:br/0605417829,1,2024,dated,0605417829-0629011115,10.1016/b978-0-323-95488-4
lazic_25070670,omid:br/062502539959,doi:10.1016/b978-0-12-801238-3.02223-6 omid:br/062502539959,1,2018,dated,062502539959-0629011115,10.1016/b978-0-12-801238-3
lazic_25070670,omid:br/06802724740,doi:10.1016/b978-0-12-801238-3.65030-4 omid:br/06802724740,1,2018,dated,06802724740-0629011115,10.1016/b978-0-12-801238-3
lazic_25080182,omid:br/061402336878,doi:10.1016/b978-0-12-809965-0.00023-9 omid:br/061402336878,1,2018,dated,061402336878-06102799483,10.1016/b978-0-12-809965-0
lazic_25080182,omid:br/06802370996,doi:10.1007/978-3-030-24958-8_8 omid:br/06802370996,1,2019,dated,06802370996-06102799483,10.1007/978-3-030-24958-8
lazic_25158235,omid:br/0605900386,doi:10.1007/978-981-97-5730-5_12 omid:br/0605900386,1,2024,dated,0605900386-061501426018,10.1007/978-981-97-5730-5
lazic_25232145,omid:br/0607056202,doi:10.1016/b978-0-443-13825-6.00215-6 omid:br/0607056202,1,2025,dated,0607056202-061501172656,10.1016/b978-0-443-13825-6
lazic_25232145,omid:br/061602331062,doi:10.1016/b978-0-12-812433-8.00004-6 omid:br/061602331062,1,2019,dated,061602331062-061501172656,10.1016/b978-0-12-812433-8
lazic_25232145,omid:br/061802486691,doi:10.1016/b978-0-12-803239-8.00007-7 omid:br/061802486691,1,2016,dated,061802486691-061501172656,10.1016/b978-0-12-803239-8
lazic_25232145,omid:br/062202332556,doi:10.1016/b978-0-12-801238-3.64325-8 omid:br/062202332556,1,2019,dated,062202332556-061501172656,10.1016/b978-0-12-801238-3
lazic_25232145,omid:br/062502880055,doi:10.1016/b978-0-12-823928-5.00034-7 omid:br/062502880055,1,2021,dated,062502880055-061501172656,10.1016/b978-0-12-823928-5
lazic_25232145,omid:br/06702610892,doi:10.1007/978-3-319-62731-1_13 omid:br/06702610892,1,2018,dated,06702610892-061501172656,10.1007/978-3-319-62731-1
lazic_25266448,omid:br/062102353247,doi:10.1016/b978-0-12-811060-7.00019-x omid:br/062102353247,1,2018,dated,062102353247-06203756243,10.1016/b978-0-12-811060-7
lazic_25266448,omid:br/06702299053,doi:10.1007/978-3-030-45328-2_9 omid:br/06702299053,1,2020,dated,06702299053-06203756243,10.1007/978-3-030-45328-2
lazic_25326589,omid:br/0605907079,doi:10.1007/978-981-97-5730-5_13 omid:br/0605907079,1,2024,dated,0605907079-06220894270,10.1007/978-981-97-5730-5
lazic_25326589,omid:br/0606421333,doi:10.1007/978-981-97-5730-5_11 omid:br/0606421333,1,2024,dated,0606421333-06220894270,10.1007/978-981-97-5730-5
lazic_25326589,omid:br/06403044480,doi:10.1007/978-3-319-15518-0_11 omid:br/06403044480,1,2015,dated,06403044480-06220894270,10.1007/978-3-319-15518-0
lazic_25326589,omid:br/06702860319,doi:10.1016/b978-0-12-804239-7.00043-3 omid:br/06702860319,1,2017,dated,06702860319-06220894270,10.1016/b978-0-12-804239-7
lazic_25441581,omid:br/0605900386,doi:10.1007/978-981-97-5730-5_12 omid:br/0605900386,1,2024,dated,0605900386-06301354911,10.1007/978-981-97-5730-5
lazic_25441581,omid:br/06102877392,doi:10.1007/978-3-319-27449-2_8 omid:br/06102877392,1,2016,dated,06102877392-06301354911,10.1007/978-3-319-27449-2
lazic_25441581,omid:br/061502092229,doi:10.1007/978-3-030-25057-7_5 omid:br/061502092229,1,2019,dated,061502092229-06301354911,10.1007/978-3-030-25057-7
lazic_25441581,omid:br/061502413155,doi:10.1007/978-3-319-12125-3_14-1 omid:br/061502413155,1,2015,dated,061502413155-06301354911,10.1007/978-3-319-12125-3
lazic_25441581,omid:br/061903485650,doi:10.1016/b978-0-12-823761-8.00031-8 omid:br/061903485650,1,2023,dated,061903485650-06301354911,10.1016/b978-0-12-823761-8
lazic_25441581,omid:br/06201930896,doi:10.1007/978-3-319-11251-0_14 omid:br/06201930896,1,2016,dated,06201930896-06301354911,10.1007/978-3-319-11251-0
lazic_25441581,omid:br/062504438908,doi:10.1007/978-3-031-62232-8_7 omid:br/062504438908,1,2024,dated,062504438908-06301354911,10.1007/978-3-031-62232-8
lazic_25441581,omid:br/06402810976,doi:10.1007/978-1-4939-6386-7_7 omid:br/06402810976,1,2016,dated,06402810976-06301354911,10.1007/978-1-4939-6386-7
lazic_25441581,omid:br/06402810983,doi:10.1007/978-1-4939-6386-7_8 omid:br/06402810983,1,2016,dated,06402810983-06301354911,10.1007/978-1-4939-6386-7
lazic_25441581,omid:br/06402810990,doi:10.1007/978-1-4939-6386-7_13 omid:br/06402810990,1,2016,dated,06402810990-06301354911,10.1007/978-1-4939-6386-7
lazic_25441581,omid:br/06902410276,doi:10.1007/978-3-319-60289-9_32 omid:br/06902410276,1,2017,dated,06902410276-06301354911,10.1007/978-3-319-60289-9
lazic_25444166,omid:br/06015622522,doi:10.1007/978-3-032-09245-8_13 omid:br/06015622522,1,2025,dated,06015622522-0690330008,10.1007/978-3-032-09245-8
lazic_25444166,omid:br/061702500111,doi:10.1016/b978-0-12-803239-8.00019-3 omid:br/061702500111,1,2016,dated,061702500111-0690330008,10.1016/b978-0-12-803239-8
lazic_25444166,omid:br/061702500906,doi:10.1016/b978-0-12-803239-8.00008-9 omid:br/061702500906,1,2016,dated,061702500906-0690330008,10.1016/b978-0-12-803239-8
lazic_25444166,omid:br/061804227787,doi:10.1016/b978-0-323-99971-7.00018-7 omid:br/061804227787,1,2024,dated,061804227787-0690330008,10.1016/b978-0-323-99971-7
lazic_25444166,omid:br/06203581633,doi:10.1016/b978-0-12-819641-0.00135-3 omid:br/06203581633,1,2022,dated,06203581633-0690330008,10.1016/b978-0-12-819641-0
lazic_25444166,omid:br/062102492000,doi:10.1016/b978-0-12-802304-4.00016-5 omid:br/062102492000,1,2016,dated,062102492000-0690330008,10.1016/b978-0-12-802304-4
lazic_25444166,omid:br/062202037986,doi:10.1007/978-3-030-25816-0_2 omid:br/062202037986,1,2019,dated,062202037986-0690330008,10.1007/978-3-030-25816-0
lazic_25444166,omid:br/062402447741,doi:10.1016/b978-0-12-805388-1.00024-9 omid:br/062402447741,1,2017,dated,062402447741-0690330008,10.1016/b978-0-12-805388-1
lazic_25444166,omid:br/062502602280,doi:10.1007/978-1-4939-2754-8_1 omid:br/062502602280,1,2016,dated,062502602280-0690330008,10.1007/978-1-4939-2754-8
lazic_25444166,omid:br/062502879682,doi:10.1016/b978-0-12-823928-5.00017-7 omid:br/062502879682,1,2021,dated,062502879682-0690330008,10.1016/b978-0-12-823928-5
lazic_25444166,omid:br/06303894860,doi:10.1016/b978-0-323-91909-8.00023-2 omid:br/06303894860,1,2023,dated,06303894860-0690330008,10.1016/b978-0-323-91909-8
lazic_25444166,omid:br/0643072674,doi:10.1007/978-3-031-20792-1_10 omid:br/0643072674,1,2023,dated,0643072674-0690330008,10.1007/978-3-031-20792-1
lazic_25444166,omid:br/06702039489,doi:10.1016/b978-0-12-813156-5.00008-x omid:br/06702039489,1,2021,dated,06702039489-0690330008,10.1016/b978-0-12-813156-5
lazic_25444166,omid:br/06702911471,doi:10.1016/b978-0-12-801383-0.00007-4 omid:br/06702911471,1,2016,dated,06702911471-0690330008,10.1016/b978-0-12-801383-0
lazic_25444166,omid:br/06703299646,doi:10.1016/b978-0-12-823577-5.00017-9 omid:br/06703299646,1,2021,dated,06703299646-0690330008,10.1016/b978-0-12-823577-5
lazic_25445065,omid:br/061302337257,doi:10.1016/b978-0-12-812012-5.00007-0 omid:br/061302337257,1,2018,dated,061302337257-06170199821,10.1016/b978-0-12-812012-5
lazic_25445065,omid:br/062401987590,doi:10.1007/978-3-030-39335-9_11 omid:br/062401987590,1,2020,dated,062401987590-06170199821,10.1007/978-3-030-39335-9
lazic_25445065,omid:br/06501912949,doi:10.1016/b978-0-12-812012-5.00006-9 omid:br/06501912949,1,2018,dated,06501912949-06170199821,10.1016/b978-0-12-812012-5
lazic_25649163,omid:br/0607752841,doi:10.1007/978-3-031-36494-5_3 omid:br/0607752841,1,,undated,0607752841-06201012095,10.1007/978-3-031-36494-5
lazic_25649163,omid:br/061702500889,doi:10.1016/b978-0-12-803239-8.00032-6 omid:br/061702500889,1,2016,dated,061702500889-06201012095,10.1016/b978-0-12-803239-8
lazic_25649163,omid:br/062602317463,doi:10.1016/b978-0-12-813939-4.00003-6 omid:br/062602317463,1,2019,dated,062602317463-06201012095,10.1016/b978-0-12-813939-4
lazic_25649163,omid:br/06702860254,doi:10.1016/b978-0-12-804239-7.00044-5 omid:br/06702860254,1,2017,dated,06702860254-06201012095,10.1016/b978-0-12-804239-7
lazic_25707689,omid:br/061802275953,doi:10.1016/b978-0-323-89773-0.00044-8 omid:br/061802275953,1,2022,dated,061802275953-06160288956,10.1016/b978-0-323-89773-0
lazic_25707689,omid:br/06601887786,doi:10.1016/b978-0-323-89773-0.00045-x omid:br/06601887786,1,2022,dated,06601887786-06160288956,10.1016/b978-0-323-89773-0
lazic_25707689,omid:br/06702860278,doi:10.1016/b978-0-12-804239-7.00045-7 omid:br/06702860278,1,2017,dated,06702860278-06160288956,10.1016/b978-0-12-804239-7
lazic_25715988,omid:br/062102491999,doi:10.1016/b978-0-12-802388-4.00007-0 omid:br/062102491999,1,2016,dated,062102491999-06501508144,10.1016/b978-0-12-802388-4
lazic_25720733,omid:br/0605909239,doi:10.1007/978-981-97-5730-5_10 omid:br/0605909239,1,2024,dated,0605909239-06902858298,10.1007/978-981-97-5730-5
lazic_25720733,omid:br/062102015845,doi:10.1007/978-3-030-32857-3_14 omid:br/062102015845,1,2020,dated,062102015845-06902858298,10.1007/978-3-030-32857-3
lazic_25771125,omid:br/06015527116,doi:10.1007/978-3-032-12741-9_10 omid:br/06015527116,1,2026,dated,06015527116-06203713297,10.1007/978-3-032-12741-9
lazic_25771125,omid:br/0605909200,doi:10.1007/978-981-97-5730-5_14 omid:br/0605909200,1,2024,dated,0605909200-06203713297,10.1007/978-981-97-5730-5
lazic_25771125,omid:br/06902410250,doi:10.1007/978-3-319-60289-9_25 omid:br/06902410250,1,2017,dated,06902410250-06203713297,10.1007/978-3-319-60289-9
lazic_25771129,omid:br/06401886453,doi:10.1016/b978-0-12-821927-0.00005-x omid:br/06401886453,1,2021,dated,06401886453-06203713294,10.1016/b978-0-12-821927-0
lazic_25817235,omid:br/061402330851,doi:10.1016/b978-0-12-809405-1.00009-2 omid:br/061402330851,1,2018,dated,061402330851-062601595151,10.1016/b978-0-12-809405-1
lazic_25817235,omid:br/061602418300,doi:10.1007/978-3-319-52498-6_9 omid:br/061602418300,1,2017,dated,061602418300-062601595151,10.1007/978-3-319-52498-6
lazic_25817235,omid:br/06401877571,doi:10.1016/b978-0-12-821132-8.00012-4 omid:br/06401877571,1,2020,dated,06401877571-062601595151,10.1016/b978-0-12-821132-8
lazic_25817235,omid:br/06402884390,doi:10.1016/b978-0-12-804562-6.00009-9 omid:br/06402884390,1,2017,dated,06402884390-062601595151,10.1016/b978-0-12-804562-6
lazic_25817235,omid:br/06501871014,doi:10.1016/b978-0-12-821132-8.00010-0 omid:br/06501871014,1,2020,dated,06501871014-062601595151,10.1016/b978-0-12-821132-8
lazic_25817235,omid:br/06501871445,doi:10.1016/b978-0-12-821132-8.00014-8 omid:br/06501871445,1,2020,dated,06501871445-062601595151,10.1016/b978-0-12-821132-8
lazic_25894678,omid:br/062202037986,doi:10.1007/978-3-030-25816-0_2 omid:br/062202037986,1,2019,dated,062202037986-061102707007,10.1007/978-3-030-25816-0
lazic_25894678,omid:br/06410121863,doi:10.1016/b978-0-323-89833-1.00028-8 omid:br/06410121863,1,2023,dated,06410121863-061102707007,10.1016/b978-0-323-89833-1
lazic_25971747,omid:br/062402095577,doi:10.1007/978-981-13-8023-5_5 omid:br/062402095577,1,2019,dated,062402095577-06303176503,10.1007/978-981-13-8023-5
lazic_25983078,omid:br/062302129540,doi:10.1007/978-981-13-3681-2_1 omid:br/062302129540,1,2019,dated,062302129540-062102612916,10.1007/978-981-13-3681-2
lazic_25983078,omid:br/062602322383,doi:10.1016/b978-0-12-813197-8.00016-6 omid:br/062602322383,1,2019,dated,062602322383-062102612916,10.1016/b978-0-12-813197-8
lazic_26023231,omid:br/061703845968,doi:10.1016/b978-0-323-82823-9.00041-6 omid:br/061703845968,1,2024,dated,061703845968-0690784177,10.1016/b978-0-323-82823-9
lazic_26023231,omid:br/06502032032,doi:10.1016/b978-0-323-40139-5.00043-7 omid:br/06502032032,1,2018,dated,06502032032-0690784177,10.1016/b978-0-323-40139-5
lazic_26039681,omid:br/06102071961,doi:10.1016/b978-0-12-813862-5.00010-4 omid:br/06102071961,1,2021,dated,06102071961-06430658,10.1016/b978-0-12-813862-5
lazic_26039681,omid:br/06102668346,doi:10.1016/b978-0-12-814338-4.00006-4 omid:br/06102668346,1,2020,dated,06102668346-06430658,10.1016/b978-0-12-814338-4
lazic_26039681,omid:br/061602300349,doi:10.1016/b978-0-12-824292-6.00004-0 omid:br/061602300349,1,2022,dated,061602300349-06430658,10.1016/b978-0-12-824292-6
lazic_26054440,omid:br/061602504217,doi:10.1016/b978-0-12-803239-8.00002-8 omid:br/061602504217,1,2016,dated,061602504217-06190510895,10.1016/b978-0-12-803239-8
lazic_26054440,omid:br/06202229108,doi:10.1007/978-3-030-73503-6_5 omid:br/06202229108,1,2021,dated,06202229108-06190510895,10.1007/978-3-030-73503-6
lazic_26054440,omid:br/062402447873,doi:10.1016/b978-0-12-805388-1.00031-6 omid:br/062402447873,1,2017,dated,062402447873-06190510895,10.1016/b978-0-12-805388-1
lazic_26054440,omid:br/06303894833,doi:10.1016/b978-0-323-91909-8.00036-0 omid:br/06303894833,1,2023,dated,06303894833-06190510895,10.1016/b978-0-323-91909-8
lazic_26054440,omid:br/06402669443,doi:10.1016/b978-0-12-815298-0.00011-3 omid:br/06402669443,1,2020,dated,06402669443-06190510895,10.1016/b978-0-12-815298-0
lazic_26143539,omid:br/061802150307,doi:10.1007/978-1-4939-8994-2_2 omid:br/061802150307,1,2018,dated,061802150307-06402320981,10.1007/978-1-4939-8994-2
lazic_26143539,omid:br/062202037986,doi:10.1007/978-3-030-25816-0_2 omid:br/062202037986,1,2019,dated,062202037986-06402320981,10.1007/978-3-030-25816-0
lazic_26143539,omid:br/06602527966,doi:10.1007/978-3-030-05542-4_3 omid:br/06602527966,1,2019,dated,06602527966-06402320981,10.1007/978-3-030-05542-4
lazic_26143539,omid:br/06903212275,doi:10.1016/b978-0-12-817933-8.00007-4 omid:br/06903212275,1,2021,dated,06903212275-06402320981,10.1016/b978-0-12-817933-8
lazic_26147005,omid:br/06501927327,doi:10.1016/b978-0-12-805060-6.00017-x omid:br/06501927327,1,2018,dated,06501927327-061401506345,10.1016/b978-0-12-805060-6
lazic_26147005,omid:br/06603334964,doi:10.1016/b978-0-12-819265-8.00087-5 omid:br/06603334964,1,2022,dated,06603334964-061401506345,10.1016/b978-0-12-819265-8
lazic_26188107,omid:br/0605900324,doi:10.1007/978-981-97-5730-5_18 omid:br/0605900324,1,2024,dated,0605900324-06203713206,10.1007/978-981-97-5730-5
lazic_26188107,omid:br/0605900343,doi:10.1007/978-981-97-5730-5_5 omid:br/0605900343,1,2024,dated,0605900343-06203713206,10.1007/978-981-97-5730-5
lazic_26188107,omid:br/0605903124,doi:10.1007/978-981-97-5730-5_2 omid:br/0605903124,1,2024,dated,0605903124-06203713206,10.1007/978-981-97-5730-5
lazic_26188107,omid:br/0605909170,doi:10.1007/978-981-97-5730-5_1 omid:br/0605909170,1,2024,dated,0605909170-06203713206,10.1007/978-981-97-5730-5
lazic_26188107,omid:br/0606421165,doi:10.1007/978-981-97-5730-5_22 omid:br/0606421165,1,2024,dated,0606421165-06203713206,10.1007/978-981-97-5730-5
lazic_26188107,omid:br/0606423506,doi:10.1007/978-981-97-5730-5_15 omid:br/0606423506,1,2024,dated,0606423506-06203713206,10.1007/978-981-97-5730-5
lazic_26260748,omid:br/061702951150,doi:10.1016/b978-0-323-85679-9.00030-1 omid:br/061702951150,1,2021,dated,061702951150-0650435637,10.1016/b978-0-323-85679-9
lazic_26260748,omid:br/061802479555,doi:10.1016/b978-0-12-803309-8.00031-8 omid:br/061802479555,1,2016,dated,061802479555-0650435637,10.1016/b978-0-12-803309-8
lazic_26272536,omid:br/06013720388,doi:10.1007/978-3-032-12741-9_5 omid:br/06013720388,1,2026,dated,06013720388-06901949832,10.1007/978-3-032-12741-9
lazic_26272536,omid:br/061902084409,doi:10.1007/978-1-4939-9554-7_23 omid:br/061902084409,1,2019,dated,061902084409-06901949832,10.1007/978-1-4939-9554-7
lazic_26393487,omid:br/061204123675,doi:10.1016/b978-0-443-18951-7.00008-6 omid:br/061204123675,1,2024,dated,061204123675-0647032405,10.1016/b978-0-443-18951-7
lazic_26393487,omid:br/062502436481,doi:10.1007/978-3-319-28275-6_95-1 omid:br/062502436481,1,2017,dated,062502436481-0647032405,10.1007/978-3-319-28275-6
lazic_26393487,omid:br/06502412431,doi:10.1007/978-3-030-35206-6_19 omid:br/06502412431,1,2020,dated,06502412431-0647032405,10.1007/978-3-030-35206-6
lazic_26393487,omid:br/06802717973,doi:10.1007/978-3-319-28388-3_95 omid:br/06802717973,1,2018,dated,06802717973-0647032405,10.1007/978-3-319-28388-3
lazic_26410608,omid:br/06102796624,doi:10.1007/978-1-4939-8916-4_5 omid:br/06102796624,1,2018,dated,06102796624-06603248414,10.1007/978-1-4939-8916-4
lazic_26410608,omid:br/06302073038,doi:10.1016/b978-0-12-819753-0.00010-6 omid:br/06302073038,1,2021,dated,06302073038-06603248414,10.1016/b978-0-12-819753-0
lazic_26419632,omid:br/061802275942,doi:10.1016/b978-0-323-89773-0.00033-3 omid:br/061802275942,1,2022,dated,061802275942-06250690705,10.1016/b978-0-323-89773-0
lazic_26419632,omid:br/06702860200,doi:10.1016/b978-0-12-804239-7.00035-4 omid:br/06702860200,1,2017,dated,06702860200-06250690705,10.1016/b978-0-12-804239-7
lazic_26460022,omid:br/06011150611,doi:10.1007/978-3-031-87990-6_6 omid:br/06011150611,1,2025,dated,06011150611-061603067642,10.1007/978-3-031-87990-6
lazic_26460022,omid:br/06012384815,doi:10.1016/b978-0-443-13492-0.00012-8 omid:br/06012384815,1,2025,dated,06012384815-061603067642,10.1016/b978-0-443-13492-0
lazic_26460022,omid:br/06013720388,doi:10.1007/978-3-032-12741-9_5 omid:br/06013720388,1,2026,dated,06013720388-061603067642,10.1007/978-3-032-12741-9
lazic_26460022,omid:br/06014380248,doi:10.1016/b978-0-443-13908-6.00007-4 omid:br/06014380248,1,2025,dated,06014380248-061603067642,10.1016/b978-0-443-13908-6
lazic_26460022,omid:br/06014736205,doi:10.1007/978-3-031-87990-6_8 omid:br/06014736205,1,2025,dated,06014736205-061603067642,10.1007/978-3-031-87990-6
lazic_26460022,omid:br/06014888120,doi:10.1016/b978-0-443-13908-6.00014-1 omid:br/06014888120,1,2025,dated,06014888120-061603067642,10.1016/b978-0-443-13908-6
lazic_26460022,omid:br/0609561113,doi:10.1007/978-3-031-89525-8_11 omid:br/0609561113,1,2025,dated,0609561113-061603067642,10.1007/978-3-031-89525-8
lazic_26460022,omid:br/061102178330,doi:10.1007/978-3-319-90365-1_17 omid:br/061102178330,1,2018,dated,061102178330-061603067642,10.1007/978-3-319-90365-1
lazic_26460022,omid:br/061103484106,doi:10.1016/b978-0-12-823490-7.00013-7 omid:br/061103484106,1,2022,dated,061103484106-061603067642,10.1016/b978-0-12-823490-7
lazic_26460022,omid:br/061103484117,doi:10.1016/b978-0-12-823490-7.00010-1 omid:br/061103484117,1,2022,dated,061103484117-061603067642,10.1016/b978-0-12-823490-7
lazic_26460022,omid:br/061103484136,doi:10.1016/b978-0-12-823490-7.00012-5 omid:br/061103484136,1,2022,dated,061103484136-061603067642,10.1016/b978-0-12-823490-7
lazic_26460022,omid:br/061103484138,doi:10.1016/b978-0-12-823490-7.00011-3 omid:br/061103484138,1,2022,dated,061103484138-061603067642,10.1016/b978-0-12-823490-7
lazic_26460022,omid:br/061104278208,doi:10.1016/b978-0-443-23763-8.00071-3 omid:br/061104278208,1,2024,dated,061104278208-061603067642,10.1016/b978-0-443-23763-8
lazic_26460022,omid:br/061104432964,doi:10.1016/b978-0-443-15489-8.00005-0 omid:br/061104432964,1,2024,dated,061104432964-061603067642,10.1016/b978-0-443-15489-8
lazic_26460022,omid:br/061202385510,doi:10.1007/978-3-319-49343-5_6 omid:br/061202385510,1,2017,dated,061202385510-061603067642,10.1007/978-3-319-49343-5
lazic_26460022,omid:br/06270114476,doi:10.1016/b978-0-323-89862-1.00017-9 omid:br/06270114476,1,2023,dated,06270114476-061603067642,10.1016/b978-0-323-89862-1
lazic_26460022,omid:br/06302096352,doi:10.1016/b978-0-323-43044-9.00061-3 omid:br/06302096352,1,2020,dated,06302096352-061603067642,10.1016/b978-0-323-43044-9
lazic_26460022,omid:br/06310593759,doi:10.1016/b978-0-443-19081-0.00013-5 omid:br/06310593759,1,2025,dated,06310593759-061603067642,10.1016/b978-0-443-19081-0
lazic_26460022,omid:br/06370170275,doi:10.1007/978-3-031-32554-0_9 omid:br/06370170275,1,2023,dated,06370170275-061603067642,10.1007/978-3-031-32554-0
lazic_26460022,omid:br/06903497725,doi:10.1016/b978-0-12-823490-7.00003-4 omid:br/06903497725,1,2022,dated,06903497725-061603067642,10.1016/b978-0-12-823490-7
lazic_26602365,omid:br/0607637401,doi:10.1016/b978-0-443-19102-2.00028-4 omid:br/0607637401,1,2025,dated,0607637401-061901095955,10.1016/b978-0-443-19102-2
lazic_26602365,omid:br/062401987590,doi:10.1007/978-3-030-39335-9_11 omid:br/062401987590,1,2020,dated,062401987590-061901095955,10.1007/978-3-030-39335-9
lazic_26602365,omid:br/062401987592,doi:10.1007/978-3-030-39335-9_9 omid:br/062401987592,1,2020,dated,062401987592-061901095955,10.1007/978-3-030-39335-9
lazic_26602365,omid:br/062602302359,doi:10.1016/b978-0-12-814037-6.00011-2 omid:br/062602302359,1,2020,dated,062602302359-061901095955,10.1016/b978-0-12-814037-6
lazic_26631470,omid:br/062502451746,doi:10.1016/b978-0-12-804066-9.00077-8 omid:br/062502451746,1,2017,dated,062502451746-0610522792,10.1016/b978-0-12-804066-9
