"specification","n_flagged","n_comparison","estimate","se","df","lower","upper","method"
"primary",14,8,-2.48214285714286,3.57537213594866,8.82254124080066,-10.5950635919192,5.63077787763344,"Welch t"
"nonoverlap",13,8,-2.43269230769231,3.60852763843997,9.11719109210421,-10.5797823463423,5.71439773095764,"Welch t"
"longer_followup",14,8,-4.98214285714286,5.84678054035508,7.60914456889407,-18.5863489737096,8.62206325942392,"Welch t"
"all_types",14,8,-11.375,12.0897726621297,8.25846220932163,-39.1029193891772,16.3529193891772,"Welch t"
"prior_trend",14,8,-1.21428571428571,4.0036776657048,8.34816388117984,-10.3801880941239,7.95161666555245,"Welch t"
"linearity",10,10,-4.2,2.89827534923789,11.7880628121743,-10.5274144493507,2.12741444935069,"Welch t"
"low_high",16,5,-7.9875,4.69043241609982,4.41226326044082,-20.5441054201274,4.56910542012737,"Welch t"
"journal_support",11,8,-2.85227272727273,3.57676556661686,8.81196342297236,-10.9698741937757,5.26532873923023,"Welch t"
"no_earlier_critique",13,8,-2.20192307692308,3.59620832557507,9.00507210937842,-10.3364130711715,5.93256691732533,"Welch t"
