paper_id,publisher_reference_key,first_author,publication_year,journal,issn,source,doi,title,source_reference,status
hmx_01,S1047198718000463_r1,Adams,2006,AJPS,0092-5853,published audit bibliography,10.1111/j.1540-5907.2006.00199.x,"Are Niche Parties Fundamentally Different from Mainstream Parties? The Causes and the Electoral Consequences of Western European Parties' Policy Shifts, 1976–1998",Adams et al. (2006) AJPS,verified_publisher_reference
hmx_02,S1047198718000463_r3,Aklin,2013,AJPS,0092-5853,published audit bibliography,10.1111/ajps.12002,"Political Competition, Path Dependence, and the Strategy of Sustainable Energy Transitions",Aklin and Urpelainen (2013) AJPS,verified_publisher_reference
hmx_03,S1047198718000463_r6,Banks,2012,AJPS,0092-5853,published audit bibliography,10.1111/j.1540-5907.2011.00561.x,Emotional Substrates of White Racial Attitudes,Banks and Valentino (2012) AJPS,verified_publisher_reference
hmx_04,S1047198718000463_r9,Bodea,2015,JOP,0022-3816,published audit bibliography,10.1086/678987,International Finance and Central Bank Independence: Institutional Diffusion and the Flow and Cost of Capital,Bodea and Hicks (2015a) JOP,verified_publisher_reference
hmx_05,S1047198718000463_r10,Bodea,2015,IO,0020-8183,published audit bibliography,10.1017/s0020818314000277,"Price Stability and Central Bank Independence: Discipline, Credibility, and Democratic Institutions",Bodea and Hicks (2015b) IO,verified_publisher_reference
hmx_06,S1047198718000463_r14,Carpenter,2014,APSR,0003-0554,published audit bibliography,10.1017/s000305541400029x,When Canvassers Became Activists: Antislavery Petitioning and the Political Mobilization of American Women,Carpenter and Moore (2014) APSR,verified_publisher_reference
hmx_07,S1047198718000463_r15,Chapman,2009,IO,0020-8183,published audit bibliography,10.1017/s0020818309990154,Audience Beliefs and International Organization Legitimacy,Chapman (2009) IO,verified_publisher_reference
hmx_08,S1047198718000463_r17,Clark,2006,CPS,0010-4140,published audit bibliography,10.1177/0010414005278420,Rehabilitating Duverger’s Theory,Clark and Golder (2006) CPS,verified_publisher_reference
hmx_09,S1047198718000463_r16,Clark,2014,CPS,0010-4140,published audit bibliography,10.1177/0010414013488537,Does the Ideological Dispersion of Parties Mediate the Electoral Impact of Valence? A Cross-National Study of Party Support in Nine Western European Democracies,Clark and Leiter (2014) CPS,verified_publisher_reference
hmx_10,S1047198718000463_r25,Hellwig,2007,CPS,0010-4140,published audit bibliography,10.1177/0010414006288974,Voting in Open Economies,Hellwig and Samuels (2007) CPS,verified_publisher_reference
hmx_11,S1047198718000463_r26,Hicken,2008,AJPS,0092-5853,published audit bibliography,10.1111/j.1540-5907.2007.00302.x,The Personal Vote and the Efficacy of Education Spending,Hicken and Simmons (2008) AJPS,verified_publisher_reference
hmx_12,S1047198718000463_r28,Huddy,2015,APSR,0003-0554,published audit bibliography,10.1017/s0003055414000604,"Expressive Partisanship: Campaign Involvement, Political Emotion, and Partisan Identity","Huddy, Mason, and Aarøe (2015) APSR",verified_publisher_reference
hmx_13,S1047198718000463_r33,Kim,2013,APSR,0003-0554,published audit bibliography,10.1017/s0003055413000245,"Money, Reputation, and Incumbency in U.S. House Elections, or Why Marginals Have Become More Expensive",Kim and LeVeck (2013) APSR,verified_publisher_reference
hmx_14,S1047198718000463_r37,Malesky,2012,APSR,0003-0554,published audit bibliography,10.1017/s0003055412000408,The Adverse Effects of Sunshine: A Field Experiment on Legislative Transparency in an Authoritarian Assembly,"Malesky, Schuler, and Tran (2012) APSR",verified_publisher_reference
hmx_15,S1047198718000463_r40,Neblo,2010,APSR,0003-0554,published audit bibliography,10.1017/s0003055410000298,Who Wants To Deliberate—And Why?,Neblo et al. (2010) APSR,verified_publisher_reference
hmx_16,S1047198718000463_r42,Pelc,2011,IO,0020-8183,published audit bibliography,10.1017/s0020818311000257,Why Do Some Countries Get Better WTO Accession Terms Than Others?,Pelc (2011) IO,verified_publisher_reference
hmx_17,S1047198718000463_r43,Petersen,2013,APSR,0003-0554,published audit bibliography,10.1017/s0003055413000026,Politics in the Mind's Eye: Imagination as a Link between Social and Political Cognition,Petersen and Aarøe (2013) APSR,verified_publisher_reference
hmx_18,S1047198718000463_r44,Somer-Topcu,2009,JOP,0022-3816,published audit bibliography,10.1017/s0022381608090154,Timely Decisions: The Effects of Past National Elections on Party Policy Change,Somer-Topcu (2009) JOP,verified_publisher_reference
hmx_19,S1047198718000463_r45,Tavits,2008,CPS,0010-4140,published audit bibliography,10.1177/0010414006293857,"Policy Positions, Issue Importance, and Party Competition in New Democracies",Tavits (2008) CPS,verified_publisher_reference
hmx_20,S1047198718000463_r46,Truex,2014,APSR,0003-0554,published audit bibliography,10.1017/s0003055414000112,The Returns to Office in a “Rubber Stamp” Parliament,Truex (2014) APSR,verified_publisher_reference
hmx_21,S1047198718000463_r47,Vernby,2013,AJPS,0092-5853,published audit bibliography,10.1111/j.1540-5907.2012.00612.x,Inclusion and Public Policy: Evidence from Sweden’s Introduction of Noncitizen Suffrage,Vernby (2013) AJPS,verified_publisher_reference
hmx_22,S1047198718000463_r48,Williams,2011,CPS,0010-4140,published audit bibliography,10.1177/0010414011407470,"Unsuccessful Success? Failed No-Confidence Motions, Competence Signals, and Electoral Support",Williams (2011) CPS,verified_publisher_reference
