"omitted","log_ratio","percent","absolute"
"hmx_01",-0.207997877670623,-18.7791239515378,-2.97115384615385
"hmx_02",-0.178403512919073,-16.3395225464191,-2.43269230769231
"hmx_03",-0.167695498646601,-15.4388714733542,-2.27884615384615
"hmx_04",-0.232270914026829,-20.7268667824361,-2.97115384615385
"hmx_05",-0.248982761552342,-22.0406587750901,-3.20192307692308
"hmx_06",-0.18582630691766,-16.9582179713063,-2.43269230769231
"hmx_07",-0.174406933234587,-16.0044977511244,-2.27884615384615
"hmx_08",-0.134078887847616,-12.5478927203065,-1.97115384615385
"hmx_09",-0.194049701206631,-17.638303150583,-2.50961538461538
"hmx_10",-0.186329578191494,-17,-2.58653846153846
"hmx_11",-0.260756547079394,-22.9531530416486,-3.78571428571428
"hmx_12",0.0156117654721136,1.5734265734266,0.642857142857143
"hmx_13",-0.196218025941823,-17.8166965777585,-3.07142857142857
"hmx_14",-0.164850546514369,-15.1979565772669,-2.20192307692308
"hmx_15",-0.267371786198113,-23.461154230385,-2.78571428571428
"hmx_16",-0.177563999787355,-16.2692589875275,-2.27884615384615
"hmx_17",-0.183795505943266,-16.7894052849805,-2.92857142857143
"hmx_18",-0.148901701390691,-13.8346189892581,-1.92857142857143
"hmx_19",-0.183795505943266,-16.7894052849805,-2.92857142857143
"hmx_20",-0.160090899261381,-14.7933666754409,-2.20192307692308
"hmx_21",-0.189759272881173,-17.284177060406,-2.43269230769231
"hmx_22",-0.185606425213131,-16.939956595129,-3.07142857142857
