"specification","pre","post_end","diagnostic","selection","outcome"
"primary",2017,2019,"severe_extrapolation","full","citations"
"nonoverlap",2017,2019,"severe_extrapolation","nonoverlap","citations"
"longer_followup",2017,2021,"severe_extrapolation","full","citations"
"all_types",2017,2019,"severe_extrapolation","full","all_types"
"prior_trend",2015,2017,"severe_extrapolation","full","citations"
"linearity",2017,2019,"linearity_rejected","full","citations"
"low_high",2017,2019,"low_high_not_rejected","full","citations"
"journal_support",2017,2019,"severe_extrapolation","journal_support","citations"
"no_earlier_critique",2017,2019,"severe_extrapolation","no_earlier_critique","citations"
