"Local.ID","Study.Title.O","Authors.O","Journal.O","Volume.O","Issue.O","Pages.O","Project.URL","Completion.R","Replicate.R","T.pval.USE.R","T.sign.R.125","T.r.O","T.r.R"
"Row.1","Tracing attention and the activation flow in spoken word planning using eye movements.","A Roelofs","JEPLMC",34,2,"353-68","https://osf.io/qwkum/",1,"no",0.434030725,,0.594605285,0.148340453
"Row.2","Now you see it, now you don't: repetition blindness for nonwords","AL Morris, ML Still","JEPLMC",34,1,"146-66","https://osf.io/rmvk5/",1,"no",0.269558068,,0.611120054,0.229604631
"Row.3","Working memory costs of task switching.","B Liefooghe, P Barrouillet, A Vandierendonck, V Camos","JEPLMC",34,3,"478-94","https://osf.io/4dvzb/",1,"no",0.228988827,,0.424979665,-0.215243835
"Row.4","Accelerated relearning after retrieval-induced forgetting: The benefit of being forgotten.","BC Storm, EL Bjork, RA Bjork","JEPLMC",34,1,"230-6","https://osf.io/8j9cg/",1,"no",0.920419089,,0.228739615,-0.006108358
"Row.5","The intermixed-blocked effect in human perceptual learning is not the consequence of trial spacing.","C Mitchell, S Nash, G Hall","JEPLMC",34,1,"237-42","https://osf.io/4xdkk/",1,"no",0.355722382,,0.461300742,0.134811802
"Row.6","A single-system account of the relationship between priming, recognition, and fluency.","CJ Berry, DR Shanks, RN Henson","JEPLMC",34,1,"97-111","https://osf.io/atgp5/",1,"yes",0.02258934,,0.594960462,0.395843475
"Row.7","Modeling distributions of immediate memory effects: No strategies needed?","CP Beaman, I Neath, AM Surprenant","JEPLMC",34,1,"219-29","https://osf.io/6n3bm/",1,"no",0.313795083,,0.715143728,0.131411981
"Row.8","Stereotypes and retrieval-provoked illusory source recollections.","CS Dodson, J Darragh, A Williams","JEPLMC",34,3,"460-77","https://osf.io/c5pbg/",1,"no",0.539998592,,0.561422534,-0.110614348
"Row.10","Across-notation automatic numerical processing.","D Ganor-Stern, J Tzelgov","JEPLMC",34,2,"430-7","https://osf.io/vmipw/",1,"yes",2.21e-07,,0.698586719,0.780725807
"Row.11","Attractor dynamics and semantic neighborhood density: Processing is slowed by near neighbors and speeded by distant neighbors.","D Mirman, JS Magnuson","JEPLMC",34,1,"65-79","https://osf.io/rvkc5/",1,"yes",0.008168915,,0.672084167,0.466443576
"Row.12","When does between-sequence phonological similarity promote irrelevant sound disruption?","JE Marsh, F Vachon, DM Jones","JEPLMC",34,1,"243-8","https://osf.io/7rtcz/",1,"no",0.198165248,,0.178477629,0.08323764
"Row.13","Bidirectional associations in multiplication memory: Conditions of negative and positive transfer.","JI Campbell, ND Robert","JEPLMC",34,3,"546-55","https://osf.io/gxvd3/",1,"yes",1.58e-12,,0.52450217,0.524539034
"Row.15","The Stroop effect: Why proportion congruent has nothing to do with congruency and everything to do with contingency.","JR Schmidt, D Besner","JEPLMC",34,3,"514-23","https://osf.io/bscfe/",1,"yes",5.05e-05,,0.195136354,0.24687812
"Row.17","The ultimate sampling dilemma in experience-based decision making.","K Fiedler","JEPLMC",34,1,"186-203","https://osf.io/hp27x/",1,"yes",1.37e-06,,0.304772411,0.434510306
"Row.19","How to say no: Single-and dual-process theories of short-term recognition tested on negative probes.","K Oberauer","JEPLMC",34,3,"439-59","https://osf.io/gcj7x/",1,"no",0.070889711,,0.560499145,0.401939168
"Row.20","Intentional forgetting is easier after two \\shots\\ than one.","L Sahakyan, PF Delaney, ER Waldum","JEPLMC",34,2,"408-14","https://osf.io/bzdr2/",1,"no",0.841863775,,0.224092029,0.019422053
"Row.22","How does bilingualism improve executive control? A comparison of active and reactive inhibition mechanisms.","LS Colzato, MT Bajo, W van den Wildenberg, D Paolieri, S Nieuwenhuis, W La Heij, B Hommel","JEPLMC",34,2,"302-12","https://osf.io/p9thw/",1,"no",0.716617946,,0.219359299,0.064661345
"Row.24","Priming addition facts with semantic relations.","M Bassok, SF Pedigo, AT Oskarsson","JEPLMC",34,2,"343-52","https://osf.io/sqim7/",1,"yes",0.045417099,,0.363732358,0.284274426
"Row.25","Learning correct responses and errors in the Hebb repetition effect: two faces of the same coin.","M Couture, D Lafond, S Tremblay","JEPLMC",34,3,"524-32","https://osf.io/k9gp6/",1,"yes",0.001737041,,0.348120689,0.2733272
"Row.26","Contextual effects on reading aloud: Evidence for pathway control.","M Reynolds, D Besner","JEPLMC",34,1,"50-64","https://osf.io/hasfu/",1,"yes",0.165946909,,0.160955695,0.14406846
"Row.27","On the additive effects of stimulus quality and word frequency in lexical decision: Evidence for opposing interactive influences revealed by RT distributional analyses.","MJ Yap, DA Balota, CS Tse, D Besner","JEPLMC",34,3,"495-513","https://osf.io/ahpik/",1,"yes",0.001007522,,0.378068955,0.379573968
"Row.28","Semantic interference in a delayed naming task: Evidence for the response exclusion hypothesis.","N Janssen, W Schirm, BZ Mahon, A Caramazza","JEPLMC",34,1,"249-56","https://osf.io/uhpyr/",1,"no",0.327320513,,0.341773488,0.103261105
"Row.29","Multidimensional visual statistical learning.","NB Turk-Browne, PJ Isola, BJ Scholl, TA Treat","JEPLMC",34,2,"399-407","https://osf.io/ujhlw/",1,"yes",0.002339966,,0.73782079,0.703904904
"Row.32","Accounting for occurrences: A new view of the use of contingency information in causal judgment.","PA White","JEPLMC",34,1,"204-18","https://osf.io/rhbqj/",1,"yes",0.001950822,,0.623367433,0.480717115
"Row.33","Multiple roles for time in short-term memory: Evidence from serial recall of order and timing.","S Farrell","JEPLMC",34,1,"128-45","https://osf.io/swrhy/",1,"yes",0.04414462,,0.516812354,0.315999964
"Row.36","An attention-based associative account of adjacent and nonadjacent dependency learning.","S Pacton, P Perruchet","JEPLMC",34,1,"80-96","https://osf.io/vmz2e/",1,"yes",0.00047793,,0.713921386,0.681560537
"Row.37","Orienting attention in visual working memory reduces interference from memory probes.","T Makovski, R Sussman, YV Jiang","JEPLMC",34,2,"369-80","https://osf.io/0pxro/",1,"yes",0.142093022,,0.551178255,0.349791589
"Row.39","Decision making and learning while taking sequential risks.","TJ Pleskac","JEPLMC",34,1,"167-85","https://osf.io/38ges/",1,"no",0.211299547,,0.366615713,0.101709161
"Row.43","The rejection of moral rebels: Resenting those who do the right thing.","B Monin, PJ Sawyer, MJ Marquez","JPSP",95,1,"76-93","https://osf.io/pz0my/",1,"no",0.146902278,,0.347251138,0.161063754
"Row.44","Why do implicit and explicit attitude tests diverge? The role of structural fit.","BK Payne, MA Burkley, MB Stokes","JPSP",94,1,"16-31","https://osf.io/rc6mv/",1,"yes",0.045320778,,0.352175067,0.150236955
"Row.46","The developmental psychometrics of big five self-reports: Acquiescence, factor structure, coherence, and differentiation from ages 10 to 20.","CJ Soto, OP John, SD Gosling, J Potter","JPSP",94,4,"718-37","https://osf.io/kez47/",1,"yes",0,,0.022542373,0.023841537
"Row.48","Terror management and adults' attachment to their parents: The safe haven remains.","CR Cox, J Arndt, T Pyszczynski, J Greenberg, A Abdollahi, S Solomon","JPSP",94,4,"696-717","https://osf.io/5tbxf/",1,"no",0.468999328,,0.225490086,-0.052290282
"Row.49","Increasing and decreasing motor and cognitive output: A model of general action and inaction goals.","D AlbarracÕn, IM Handley, K Noguchi, KC McCulloch, H Li, J Leeper, RD Brown, A Earl, WP Hart","JPSP",95,3,"510-23","https://osf.io/vy1bc/",1,"no",0.777977082,,0.378345294,-0.030485538
"Row.50","Increasing and decreasing motor and cognitive output: A model of general action and inaction goals.","D AlbarracÕn, IM Handley, K Noguchi, KC McCulloch, H Li, J Leeper, RD Brown, A Earl, WP Hart","JPSP",95,3,"510-23","https://osf.io/rgm6p/",1,"no",0.079067813,,0.208058463,0.155043132
"Row.52","Affective incoherence: When affective concepts and embodied reactions clash.","DB Centerbar, S Schnall, GL Clore, ED Garvin","JPSP",94,4,"560-78","https://osf.io/l8srm/",1,"no",0.321906461,,0.20573686,0.094021673
"Row.53","Individual differences in the regulation of intergroup bias: The role of conflict monitoring and neural signals for control.","DM Amodio, PG Devine, E Harmon-Jones","JPSP",94,1,"60-74","https://osf.io/wkgpq/",1,"no",0.513076239,,0.377126878,0.076700677
"Row.55","Left frontal cortical activation and spreading of alternatives: Tests of the action-based model of dissonance.","E Harmon-Jones, C Harmon-Jones, M Fearn, JD Sigelman, P Johnson","JPSP",94,1,"15-jan","https://osf.io/su6bm/",1,"no",0.741793627,,0.229852265,0.066130007
"Row.56","A social functional approach to emotions in bargaining: when communicating anger pays and when it backfires.","E van Dijk, GA van Kleef, W Steinel, I van Beest","JPSP",94,4,"600-14","https://osf.io/xtsq6/",1,"no",0.796267394,,0.379139495,-0.042140104
"Row.58","Walking on eggshells: How expressing relationship insecurities perpetuates them.","EP Lemay, MS Clark","JPSP",95,2,"420-41","https://osf.io/ke43j/",1,"no",0.540253118,,0.167288593,0.03675175
"Row.59","How the head liberates the heart: Projection of communal responsiveness guides relationship promotion.","EP Lemay, MS Clark","JPSP",94,4,"647-71","https://osf.io/h84qd/",1,"yes",,,,
"Row.61","Poignancy: Mixed emotional experience in the face of meaningful endings.","H Ersner-Hershfield, JA Mikels, SJ Sullivan, LL Carstensen","JPSP",94,1,"158-67","https://osf.io/sq8k9/",1,"no",0.944257246,,0.219666896,-0.004719346
"Row.63","1/f noise and effort on implicit measures of bias.","J Correll","JPSP",94,1,"48-59","https://osf.io/fejxb/",1,"no",0.374369532,,0.274010238,0.073797292
"Row.64","The effect of global versus local processing styles on assimilation versus contrast in social judgment.","J F_rster, N Liberman, S Kuschel","JPSP",94,4,"579-99","https://osf.io/mxryb/",1,"no",0.425841059,,0.425496777,0.11385379
"Row.65","Not so innocent: Does seeing one's own capacity for wrongdoing predict forgiveness?","JJ Exline, RF Baumeister, AL Zell, AJ Kraft, CV Witvliet","JPSP",94,3,"495-515","https://osf.io/imrx2/",1,"no",0.893478732,,0.431865646,0.011721165
"Row.68","Why people are reluctant to tempt fate.","JL Risen, T Gilovich","JPSP",95,2,"293-307","https://osf.io/sg3su/",1,"No",0.964369609,,0.185849827,0.003001488
"Row.69","The nonverbal expression of pride: Evidence for cross-cultural recognition.","JL Tracy, RW Robins","JPSP",94,3,"516-30","https://osf.io/qthf2/",1,"yes",1e-06,,,
"Row.71","On the relative independence of thinking biases and cognitive ability.","KE Stanovich, RF West","JPSP",94,4,"672-95","https://osf.io/7ux8p/",1,"no",0.331896286,,0.222131584,0.073353737
"Row.72","Opening the mind to close it: Considering a message in light of important values increases message processing and later resistance to change.","KL Blankenship, DT Wegener","JPSP",94,2,"196-213","https://osf.io/2gx4k/",1,"no",0.48458607,,0.207643072,0.04449582
"Row.73","Distinguishing between silent and vocal minorities: Not all deviants feel marginal.","KR Morrison, DT Miller","JPSP",94,5,"871-82","https://osf.io/nhwv5/",1,"yes",0.028459737,,0.322574106,0.2
"Row.77","Dynamics of self-regulation: How (un) accomplished goal actions affect motivation.","M Koo, A Fishbach","JPSP",94,2,"183-95","https://osf.io/nr7d9/",1,"no",0.758,,0.203642514,
"Row.80","The effects of an implemental mind-set on attitude strength.","MD Henderson, Y de Liver, PM Gollwitzer","JPSP",94,3,"396-411","https://osf.io/79dey/",1,"no",0.190467907,,0.259958534,0.15539539
"Row.81","A needs-based model of reconciliation: Satisfying the differential emotional needs of victim and perpetrator as a key to promoting reconciliation.","N Shnabel, A Nadler","JPSP",94,1,"116-32","https://osf.io/xse7q/",1,"no",0.233830099,,0.268278965,-0.101637251
"Row.82","The face of success: inferences from chief executive officers' appearance predict company profits.","NO Rule, N Ambady","JPSP",95,5,"1019-28","https://osf.io/r5gpv/",1,"no",0.086,,0.3,0.27
"Row.84","Selective exposure and information quantity: How different information quantities moderate decision makers' preference for consistent and inconsistent information.","P Fischer, S Schulz-Hardt, D Frey","JPSP",94,2,"231-44","https://osf.io/v8vft/",1,"yes",0.007708395,,0.503449638,0.217562252
"Row.86","Self-regulation and selective exposure: The impact of depleted self-regulation resources on confirmatory information processing.","P Fischer, T Greitemeyer, D Frey","JPSP",94,3,"382-95","https://osf.io/j8bpa/",1,"no",0.140627311,,0.212014281,0.118808574
"Row.87","The space between us: Stereotype threat and distance in interracial contexts.","PA Goff, CM Steele, PG Davies","JPSP",94,1,"91-107","https://osf.io/abxcj/",1,"no",0.929110139,,0.395559206,0.013045451
"Row.89","Sex differences in mate preferences revisited: Do people know what they initially desire in a romantic partner?","PW Eastwick, EJ Finkel","JPSP",94,2,"245-64","https://osf.io/ng6cc/",1,"yes",0.881922196,,0.139816632,0.0294047
"Row.93","Balancing connectedness and self-protection goals in close relationships: A levels-of-processing perspective on risk regulation.","SL Murray, JL Derrick, S Leder, JG Holmes","JPSP",94,3,"429-59","https://osf.io/cxmf6/",1,"no",0.2649653,,0.317462994,-0.1351
"Row.94","Self-handicapping, excuse making, and counterfactual thinking: Consequences for self-esteem and future motivation.","SM McCrea","JPSP",95,2,"274-92","https://osf.io/mua6d/",1,"yes",0.011765834,,0.344312999,0.28970838
"Row.97","Social identity contingencies: How diversity cues signal threat or safety for African Americans in mainstream institutions.","V Purdie-Vaughns, CM Steele, PG Davies, R Ditlmann, JR Crosby","JPSP",94,4,"615-30","https://osf.io/etg7c/",1,"No",0.154430586,,0.378274916,-0.036935346
"Row.104","Effects of fluency on psychological distance and mental construal (or why New York is a large city, but New York is a civilized jungle).","AL Alter, DM Oppenheimer","PS",19,2,"161-7","https://osf.io/kegmc/",1,"no",0.533880559,,0.127392361,0.018376516
"Row.106","More than meets the eye: the role of language in binding and maintaining feature conjunctions.","B Dessalegn, B Landau","PS",19,2,"189-95","https://osf.io/iajp5/",1,"no",0.132031044,,0.381744212,-0.222920955
"Row.107","Nonconscious goal pursuit in novel environments: The case of implicit learning.","B Eitam, RR Hassin, Y Schul","PS",19,3,"261-7","https://osf.io/edcr7/",1,"no",0.189435742,,0.222330235,0.104941786
"Row.110","Perceptual mechanisms that characterize gender differences in decoding women's sexual intent","C Farris, TA Treat, RJ Viken, RM McFall","PS",19,4,"348-54","https://osf.io/7dyp5/",1,"no",0.277177119,,0.554427187,0.091162691
"Row.111","Precision of the anchor influences the amount of adjustment.","C Janiszewski, D Uy","PS",19,2,"121-7","https://osf.io/aaudl/",1,"yes",0.013965691,,0.333441051,0.225764222
"Row.112","Action dynamics reveal parallel competition in decision making","C McKinstry, R Dale, MJ Spivey","PS",19,1,"22-apr","https://osf.io/d0n81/",1,"yes",0.007800372,,0.701088742,0.750404422
"Row.113","Prescribed optimism: Is it right to be wrong about the future?","DA Armor, C Massey, AM Sackett","PS",19,4,"329-31","https://osf.io/qlzap/",1,"yes",4.59e-35,,0.681152182,0.763508789
"Row.114","Age-related changes in the episodic simulation of future events","DR Addis, AT Wong, DL Schacter","PS",19,1,"33-41","https://osf.io/yaeu7/",1,"yes",5.14e-05,,0.570693584,0.652730428
"Row.115","Preschoolers' perspective taking in word learning: do they blindly follow eye gaze?","E Nurmsoo, P Bloom","PS",19,3,"211-5","https://osf.io/aczvt/",1,"no",0.191700924,,0.501799075,-0.450187899
"Row.116","Measuring the crowd within: Probabilistic representations within individuals.","E Vul, H Pashler","PS",19,7,"645-7","https://osf.io/ivfu6/",1,"yes",9.5e-05,,0.28771881,0.322727228
"Row.117","Temporal selection is suppressed, delayed, and diffused during the attentional blink.","E Vul, M Nieuwenstein, N Kanwisher","PS",19,1,"55-61","https://osf.io/rzjvn/",1,"yes",3.35e-33,,0.130782132,0.120519146
"Row.118","Toward a physiology of dual-process reasoning and judgment: lemonade, willpower, and expensive rule-based analysis.","EJ Masicampo, RF Baumeister","PS",19,3,"255-60","https://osf.io/3h29d/",1,"no",0.539024693,,0.21368683,-0.048918238
"Row.120","Errors Are Aversive: Defensive Motivation and the Error-Related Negativity","G Hajcak, D Foti","PS",19,2,"103-8","https://osf.io/73pnd/",1,"no",0.053115031,,0.38,0.25
"Row.121","The sunny side of fairness: Preference for fairness activates reward circuitry (and disregarding unfairness activates self-control circuitry)","G Tabibnia, AB Satpute, MD Lieberman","PS",19,4,"339-47","https://osf.io/94j6h/",1,"yes",2.82e-08,,0.851679354,0.828997685
"Row.122","The representation of simple ensemble visual features outside the focus of attention","GA Alvarez, A Oliva","PS",19,4,"392-8","https://osf.io/dnaxe/",1,"yes",4.9e-08,,0.721890032,0.922934494
"Row.124","Loving those who justify inequality: the effects of system threat on attraction to women who embody benevolent sexist ideals.","GP Lau, AC Kay, SJ Spencer","PS",19,1,"20-jan","https://osf.io/fxqsk/",1,"no",0.778156632,,0.384260399,-0.034279559
"Row.127","A motion aftereffect from still photographs depicting motion","J Winawer, AC Huk, L Boroditsky","PS",19,3,"276-83","https://osf.io/mjasz/",1,"yes",0.004708112,,0.685347348,0.527307869
"Row.129","The threat of appearing prejudiced and race-based attentional biases.","JA Richeson, S Trawalter","PS",19,2,"98-102","https://osf.io/c5fza/",1,"no",0.887981301,,0.371775163,0.017674908
"Row.132","Where do we look during potentially offensive behavior?","JR Crosby, B Monin, D Richardson","PS",19,3,"226-8","https://osf.io/b98zw/",1,"no",0.254170145,,0.246947019,0.179397898
"Row.133","Adaptive memory: The comparative value of survival processing.","JS Nairne, JN Pandeirada, SR Thompson","PS",19,2,"176-80","https://osf.io/jhkpe/",1,"yes",0.007242548,,0.445652636,0.423363806
"Row.134","Is happiness having what you want, wanting what you have, or both?","JT Larsen, AR McKibban","PS",19,4,"371-7","https://osf.io/5dx4v/",1,"yes",2.41e-16,,0.20996855,0.500179963
"Row.135","Implicit attitude generalization occurs immediately; explicit attitude generalization takes time","KA Ranganath, BA Nosek","PS",19,3,"249-54","https://osf.io/2gkjt/",1,"no",3.14e-10,,0.00464002,0.105891025
"Row.136","The value of believing in free will: Encouraging a belief in determinism increases cheating.","KD Vohs, JW Schooler","PS",19,1,"49-54","https://osf.io/i29mh/",1,"no",0.444536036,,0.498149178,0.102355162
"Row.139","Auditory change detection: simple sounds are not memorized better than complex sounds","L Demany, W Trost, M Serman, C Semal","PS",19,1,"85-91","https://osf.io/ta3j8/",1,"yes",0.000217732,,0.496363588,0.505151268
"Row.140","Keeping one's distance: The influence of spatial distance cues on affect and evaluation.","LE Williams, JA Bargh","PS",19,3,"302-8","https://osf.io/vnsqg/",1,"no",0.786998369,,0.233776428,0.044266281
"Row.142","Hedonic and instrumental motives in anger regulation.","M Tamir, C Mitchell, JJ Gross","PS",19,4,"324-8","https://osf.io/k4y9i/",1,"yes",3.3e-52,,0.593405778,0.609913782
"Row.143","Creating social connection through inferential reproduction: Loneliness and perceived agency in gadgets, gods, and greyhounds.","N Epley, S Akalis, A Waytz, JT Cacioppo","PS",19,2,"114-20","https://osf.io/yuybh/",1,"no",0.677581223,,0.172960188,0.061707156
"Row.145","ñIn_Group Loveî and ñOut_Group Hateî as Motives for Individual Participation in Intergroup Conflict: A New Game Paradigm","N Halevy, G Bornstein, L Sagiv","PS",19,4,"405-11","https://osf.io/76qc5/",1,"yes",8.85e-06,,0.768651993,0.652982567
"Row.146","A word-order constraint on phonological activation","N Janssen, FX Alario, A Caramazza","PS",19,3,"216-20","https://osf.io/dncxa/",1,"no",0.083950437,,0.649955571,0.497082522
"Row.148","The Best Men Are (Not Always) Already Taken: Female Preference for Single Versus Attached Males Depends on Conception Risk","P Bressan, D Stranieri","PS",19,2,"145-51","https://osf.io/blcj6/",1,"no",0.627520896,,0.188662549,-0.030172295
"Row.149","The Best Men Are (Not Always) Already Taken: Female Preference for Single Versus Attached Males Depends on Conception Risk","P Bressan, D Stranieri","PS",19,2,"145-51","https://osf.io/blcj6/",1,"no",0.74612573,,0.188662549,0.018283411
"Row.150","Sensitivity to object viewpoint and action instructions during search for targets in the lower visual field","S Forti, GW Humphreys","PS",19,1,"42-8","https://osf.io/tf8ky/",1,"no",0.380003702,,0.722536382,0.207514339
"Row.151","With a clean conscience: Cleanliness reduces the severity of moral judgments.","S Schnall, J Benton, S Harvey","PS",19,12,"1219-22","https://osf.io/apidb/",1,"no",0.974823723,,0.400010244,0.002839798
"Row.153","Extremal edge: a powerful cue to depth perception and figure-ground organization","SE Palmer, T Ghose","PS",19,1,"77-84","https://osf.io/0aifq/",1,"no",0.758308044,,0.859552403,0.120073568
"Row.154","What Do Cross_National Comparisons of Personality Traits Tell Us? The Case of Conscientiousness","SJ Heine, EE Buchtel, A Norenzayan","PS",19,4,"309-13","https://osf.io/siaqe/",1,"yes",0.690466537,,0.43,0.11
"Row.155","Personality dominance and preferential use of the vertical dimension of space","SK Moeller, MD Robinson, DL Zabelina","PS",19,4,"355-61","https://osf.io/tg2wd/",1,"no",0.777533992,,0.31,-0.034
"Row.158","Conflict-triggered goal shielding: Response conflicts attenuate background monitoring for prospective memory cues.","T Goschke, G Dreisbach","PS",19,1,"25-32","https://osf.io/bk53t/",1,"yes",3.46e-05,,0.374787884,0.411336583
"Row.161","Detecting the snake in the grass: attention to fear-relevant stimuli by adults and young children.","V Lobue, JS DeLoache","PS",19,3,"284-9","https://osf.io/sd7kg/",1,"no",0.237041962,,0.483442318,0.177837588
"Row.165","The value heuristic in judgments of relative frequency.","X Dai, K Wertenbroch, CM Brendl","PS",19,1,"18-sep","https://osf.io/q7f6w/",1,"no",0.210207014,,0.28378815,-0.175454592
"Row.167","Head up, foot down: Object words orient attention to the objects' typical location.","Z Estes, M Verges, LW Barsalou","PS",19,2,"93-7","https://osf.io/vwnit/",1,"no",0.241925362,,0.595271914,0.25414164
