paper_id,doi,wos_year,openalex_year,openalex_type,openalex_before_original_date,presence,year_agrees
nw_105,10.1002/aur.177,2011,2011,article,no,both,true
nw_105,10.1002/hipo.20911,2012,2011,article,no,both,false
nw_105,10.1002/hipo.22025,2012,2012,article,no,both,true
nw_105,10.1002/hipo.22049,2013,2012,article,no,both,false
nw_105,10.1002/hipo.22268,2014,2014,article,no,both,true
nw_105,10.1002/hipo.22447,2015,2015,article,no,both,true
nw_105,10.1002/hipo.22488,2015,2015,article,no,both,true
nw_105,10.1007/978-1-4939-1969-7_14,2015,2014,book-chapter,no,both,false
nw_105,10.1007/978-1-4939-1969-7_5,2015,2014,book-chapter,no,both,false
nw_105,10.1007/978-1-4939-1969-7_6,2015,2014,book-chapter,no,both,false
nw_105,10.1007/978-1-4939-1969-7_7,2015,2014,book-chapter,no,both,false
nw_105,10.1007/978-3-7091-1292-2_13,,2014,book-chapter,no,openalex_only,
nw_105,10.1007/s10827-014-0533-5,2015,2014,article,no,both,false
nw_105,10.1016/bs.pbr.2015.03.002,2015,2015,book-chapter,no,both,true
nw_105,10.1016/j.conb.2011.02.005,2011,2011,review,no,both,true
nw_105,10.1016/j.conb.2011.12.005,2012,2012,review,no,both,true
nw_105,10.1016/j.conb.2012.03.007,2012,2012,review,no,both,true
nw_105,10.1016/j.cub.2013.07.068,2013,2013,article,no,both,true
nw_105,10.1016/j.neubiorev.2012.05.010,2012,2012,article,no,both,true
nw_105,10.1016/j.neubiorev.2015.11.015,2016,2015,article,no,both,false
nw_105,10.1016/j.neucom.2015.12.044,,2015,article,no,openalex_only,
nw_105,10.1016/j.neuron.2010.02.022,2010,2010,article,no,both,true
nw_105,10.1016/j.neuron.2013.01.027,2013,2013,article,no,both,true
nw_105,10.1016/j.neuron.2013.01.033,2013,2013,article,no,both,true
nw_105,10.1016/j.neuron.2013.07.040,2013,2013,article,no,both,true
nw_105,10.1016/j.neuropharm.2010.11.022,2011,2010,article,no,both,false
nw_105,10.1016/j.neuroscience.2015.04.012,2015,2015,article,no,both,true
nw_105,10.1016/j.nlm.2014.02.002,2015,2014,article,no,both,false
nw_105,10.1016/j.nlm.2014.02.005,2014,2014,article,no,both,true
nw_105,10.1016/j.pneurobio.2011.08.010,2012,2011,article,no,both,false
nw_105,10.1016/j.pneurobio.2012.02.004,2012,2012,article,no,both,true
nw_105,10.1016/j.tics.2010.08.002,2010,2010,review,no,both,true
nw_105,10.1016/j.tics.2011.05.008,2011,2011,review,no,both,true
nw_105,10.1016/j.tins.2015.07.004,2015,2015,review,no,both,true
nw_105,10.1037/a0033609,2013,2013,article,no,both,true
nw_105,10.1038/nn.2732,2011,2011,article,no,both,true
nw_105,10.1038/nn.3843,2014,2014,article,no,both,true
nw_105,10.1038/nn.3918,2015,2015,article,no,both,true
nw_105,10.1038/npp.2012.242,2013,2012,article,no,both,false
nw_105,10.1073/pnas.1105445108,2011,2011,article,no,both,true
nw_105,10.1073/pnas.1308499110,2013,2013,article,no,both,true
nw_105,10.1098/rstb.2012.0528,2014,2013,article,no,both,false
nw_105,10.1101/sqb.2014.79.024760,,2014,preprint,no,openalex_only,
nw_105,10.1111/j.1476-5381.2012.02240.x,2013,2012,article,no,both,false
nw_105,10.1111/j.1528-1167.2010.02756.x,2011,2010,article,no,both,false
nw_105,10.1111/j.1601-183x.2011.00749.x,2012,2011,article,no,both,false
nw_105,10.1126/science.1217230,2012,2012,article,no,both,true
nw_105,10.1152/jn.00758.2014,2015,2015,article,no,both,true
nw_105,10.1155/2011/203462,2011,2011,article,no,both,true
nw_105,10.1162/jocn_a_00237,,2012,article,no,openalex_only,
nw_105,10.1162/jocn_a_00314,,2012,article,no,openalex_only,
nw_105,10.1371/journal.pbio.1002285,2015,2015,article,no,both,true
nw_105,10.1371/journal.pone.0016462,2011,2011,article,no,both,true
nw_105,10.1371/journal.pone.0104438,2014,2014,article,no,both,true
nw_105,10.1515/9783110468755-006,,2015,book-chapter,no,openalex_only,
nw_105,10.1523/jneurosci.0294-11.2011,2011,2011,article,no,both,true
nw_105,10.1523/jneurosci.0926-10.2010,2010,2010,article,no,both,true
nw_105,10.1523/jneurosci.2036-13.2013,2013,2013,article,no,both,true
nw_105,10.1523/jneurosci.2592-15.2015,2015,2015,article,no,both,true
nw_105,10.1523/jneurosci.3414-13.2014,2014,2014,article,no,both,true
nw_105,10.1523/jneurosci.5497-12.2013,2013,2013,article,no,both,true
nw_105,10.3389/fnbeh.2013.00177,2013,2013,article,no,both,true
nw_105,10.3389/fpsyg.2013.00474,2013,2013,article,no,both,true
nw_105,10.3758/s13415-011-0040-3,2011,2011,article,no,both,true
nw_105,10.48550/arxiv.1511.05952,,2015,preprint,no,openalex_only,
nw_105,10.7282/t33n221m,,2013,dissertation,no,openalex_only,
nw_105,10.7282/t3x065ps,,2013,dissertation,no,openalex_only,
nw_105,10.7554/elife.05360,,2015,article,no,openalex_only,
nw_105,10.7554/elife.06063,2015,2015,article,no,both,true
nw_105,10.7554/elife.08105,,2015,article,no,openalex_only,
nw_105,10.7554/elife.09685,,2015,article,no,openalex_only,
nw_105,10.7939/r3md8m,,2012,dissertation,no,openalex_only,
nw_105,10.9734/jamps/2016/16035,,2015,article,no,openalex_only,
nw_122,10.1016/j.heares.2013.07.008,2014,2013,article,no,both,false
nw_122,10.1073/pnas.1112852109,2012,2012,article,no,both,true
nw_122,10.1111/ejn.12741,2014,2014,article,no,both,true
nw_122,10.1121/1.4923448,2015,2015,article,no,both,true
nw_122,10.1121/1.4935091,2015,2015,article,no,both,true
nw_122,10.1145/1667780.1667838,,2009,conference-paper,no,openalex_only,
nw_122,10.1371/journal.pone.0041872,2012,2012,article,no,both,true
nw_122,10.1523/jneurosci.1315-12.2012,2012,2012,article,no,both,true
nw_122,10.1523/jneurosci.5030-10.2011,2011,2011,article,no,both,true
nw_122,10.3389/fnhum.2014.00524,2014,2014,article,no,both,true
nw_122,10.3389/fnhum.2015.00203,2015,2015,article,no,both,true
nw_122,10.3389/fnins.2014.00170,2014,2014,article,no,both,true
nw_122,10.3757/jser.72.156,,2013,article,no,openalex_only,
nw_128,10.1007/978-1-4939-0974-2_18,,2014,book-chapter,no,openalex_only,
nw_128,10.1007/978-3-642-13443-2_12,,2010,book-chapter,no,openalex_only,
nw_128,10.1007/s00424-011-1030-6,2012,2011,article,no,both,false
nw_128,10.1016/j.mehy.2011.06.021,2011,2011,article,no,both,true
nw_128,10.1016/j.neuroscience.2010.01.059,2010,2010,article,no,both,true
nw_128,10.1016/j.neuroscience.2012.03.029,,2012,article,no,openalex_only,
nw_128,10.1016/j.smrv.2010.06.005,2011,2010,article,no,both,false
nw_128,10.1093/cercor/bhs189,2013,2012,article,no,both,false
nw_128,10.1111/apha.12134,2013,2013,article,no,both,true
nw_128,10.1111/ejn.12766,2015,2014,article,no,both,false
nw_128,10.1111/jsr.12242,2015,2014,article,no,both,false
nw_128,10.1152/ajpregu.00678.2011,2012,2012,article,no,both,true
nw_128,10.1523/jneurosci.5933-11.2012,2012,2012,article,no,both,true
nw_128,10.3389/fncom.2014.00174,2015,2015,article,no,both,true
nw_128,10.3389/fneur.2012.00062,,2012,article,no,openalex_only,
nw_128,10.5665/sleep.1950,2012,2012,article,no,both,true
nw_128,10.5665/sleep.3034,2013,2013,article,no,both,true
nw_37,10.1002/9781118326459.ch6,,2012,other,no,openalex_only,
nw_37,10.1002/mds.26184,2015,2015,article,no,both,true
nw_37,10.1002/wcs.1217,2013,2012,article,no,both,false
nw_37,10.1007/978-1-4939-1562-0_4,,2014,book-chapter,no,openalex_only,
nw_37,10.1007/978-1-4939-2294-9_17,,2015,book-chapter,no,openalex_only,
nw_37,10.1007/978-3-642-27800-6_79-1,,2013,book-chapter,no,openalex_only,
nw_37,10.1007/s11910-011-0215-x,2011,2011,article,no,both,true
nw_37,10.1016/b978-0-12-374767-9.00009-3,,2010,book-chapter,yes,openalex_only,
nw_37,10.1016/b978-0-12-397920-9.00001-9,2014,2014,book-chapter,no,both,true
nw_37,10.1016/b978-0-12-802652-6.00036-0,,2015,book-chapter,no,openalex_only,
nw_37,10.1016/j.ajpath.2015.09.023,2016,2015,article,no,both,false
nw_37,10.1016/j.alcohol.2014.06.004,2014,2014,article,no,both,true
nw_37,10.1016/j.alcohol.2015.03.003,2015,2015,article,no,both,true
nw_37,10.1016/j.arr.2010.08.006,,2010,review,no,openalex_only,
nw_37,10.1016/j.baga.2013.11.004,,2013,article,no,openalex_only,
nw_37,10.1016/j.bbr.2012.01.041,2012,2012,article,no,both,true
nw_37,10.1016/j.bbr.2014.05.057,2015,2014,article,no,both,false
nw_37,10.1016/j.beproc.2013.02.015,2013,2013,article,no,both,true
nw_37,10.1016/j.biopsych.2011.12.019,2012,2012,article,no,both,true
nw_37,10.1016/j.biopsych.2015.08.013,2016,2015,article,no,both,false
nw_37,10.1016/j.brainres.2011.09.040,2011,2011,article,no,both,true
nw_37,10.1016/j.brainres.2013.01.008,2013,2013,article,no,both,true
nw_37,10.1016/j.cell.2015.07.015,2015,2015,article,no,both,true
nw_37,10.1016/j.celrep.2012.11.014,2012,2012,article,no,both,true
nw_37,10.1016/j.clinph.2012.07.029,2013,2012,article,no,both,false
nw_37,10.1016/j.cobeha.2015.06.001,,2015,review,no,openalex_only,
nw_37,10.1016/j.conb.2011.05.002,2011,2011,review,no,both,true
nw_37,10.1016/j.conb.2011.05.004,2011,2011,review,no,both,true
nw_37,10.1016/j.conb.2011.12.002,2012,2012,review,no,both,true
nw_37,10.1016/j.conb.2012.05.008,2012,2012,review,no,both,true
nw_37,10.1016/j.conb.2013.09.010,2014,2013,review,no,both,false
nw_37,10.1016/j.conb.2014.01.001,2014,2014,review,no,both,true
nw_37,10.1016/j.conb.2014.08.008,2015,2014,review,no,both,false
nw_37,10.1016/j.conb.2015.06.011,2015,2015,review,no,both,true
nw_37,10.1016/j.cub.2014.02.055,,2014,article,no,openalex_only,
nw_37,10.1016/j.cub.2015.02.036,2015,2015,article,no,both,true
nw_37,10.1016/j.jneumeth.2011.08.013,2011,2011,article,no,both,true
nw_37,10.1016/j.nbd.2010.12.011,2011,2010,article,no,both,false
nw_37,10.1016/j.nbd.2015.06.015,2015,2015,article,no,both,true
nw_37,10.1016/j.neubiorev.2015.07.009,2015,2015,article,no,both,true
nw_37,10.1016/j.neuint.2014.07.006,2014,2014,article,no,both,true
nw_37,10.1016/j.neuroimage.2013.05.085,2014,2013,article,no,both,false
nw_37,10.1016/j.neuroimage.2014.03.004,2014,2014,article,no,both,true
nw_37,10.1016/j.neuroimage.2015.08.036,2015,2015,article,no,both,true
nw_37,10.1016/j.neuron.2010.11.022,2010,2010,article,no,both,true
nw_37,10.1016/j.neuron.2011.08.018,2011,2011,article,no,both,true
nw_37,10.1016/j.neuron.2012.03.017,2012,2012,article,no,both,true
nw_37,10.1016/j.neuron.2012.03.038,,2012,article,no,openalex_only,
nw_37,10.1016/j.neuron.2012.04.038,2012,2012,article,no,both,true
nw_37,10.1016/j.neuron.2012.05.011,2012,2012,article,no,both,true
nw_37,10.1016/j.neuron.2013.05.038,2013,2013,article,no,both,true
nw_37,10.1016/j.neuron.2014.05.029,2014,2014,article,no,both,true
nw_37,10.1016/j.neuron.2015.07.019,2015,2015,article,no,both,true
nw_37,10.1016/j.neuron.2015.08.026,2015,2015,article,no,both,true
nw_37,10.1016/j.neuron.2015.08.039,2015,2015,article,no,both,true
nw_37,10.1016/j.neuron.2015.09.035,2015,2015,article,no,both,true
nw_37,10.1016/j.neuropharm.2011.01.023,2011,2011,article,no,both,true
nw_37,10.1016/j.neuropharm.2015.10.021,2016,2015,article,no,both,false
nw_37,10.1016/j.neuroscience.2010.11.042,2011,2010,article,no,both,false
nw_37,10.1016/j.neuroscience.2011.08.066,2011,2011,article,no,both,true
nw_37,10.1016/j.neuroscience.2011.09.069,2011,2011,article,no,both,true
nw_37,10.1016/j.neuroscience.2014.05.040,2014,2014,article,no,both,true
nw_37,10.1016/j.neuroscience.2014.07.021,2014,2014,article,no,both,true
nw_37,10.1016/j.neuroscience.2014.07.032,2014,2014,article,no,both,true
nw_37,10.1016/j.neuroscience.2014.07.034,2014,2014,article,no,both,true
nw_37,10.1016/j.neuroscience.2014.10.037,2015,2014,article,no,both,false
nw_37,10.1016/j.pneurobio.2011.08.010,2012,2011,article,no,both,false
nw_37,10.1016/j.tins.2013.03.003,2013,2013,review,no,both,true
nw_37,10.1016/j.tins.2015.07.004,2015,2015,review,no,both,true
nw_37,10.1016/j.wocn.2012.04.001,2012,2012,article,no,both,true
nw_37,10.1021/cn4000605,2013,2013,article,no,both,true
nw_37,10.1038/466449a,2010,2010,article,no,both,true
nw_37,10.1038/nature10845,2012,2012,article,no,both,true
nw_37,10.1038/nature11846,2013,2013,article,no,both,true
nw_37,10.1038/ncomms3264,2013,2013,article,no,both,true
nw_37,10.1038/nn.2957,2011,2011,article,no,both,true
nw_37,10.1038/nn.3185,2012,2012,article,no,both,true
nw_37,10.1038/nn.3188,2012,2012,article,no,both,true
nw_37,10.1038/nn.3198,2012,2012,article,no,both,true
nw_37,10.1038/nn.3283,2013,2012,article,no,both,false
nw_37,10.1038/nn.3457,2013,2013,article,no,both,true
nw_37,10.1038/nn.3632,2014,2014,article,no,both,true
nw_37,10.1038/nn.3743,2014,2014,article,no,both,true
nw_37,10.1038/nn.3924,2015,2015,article,no,both,true
nw_37,10.1038/nn.4110,2015,2015,article,no,both,true
nw_37,10.1038/nn.4187,2016,2015,article,no,both,false
nw_37,10.1038/npp.2012.236,2013,2012,article,no,both,false
nw_37,10.1073/pnas.1517629112,2015,2015,article,no,both,true
nw_37,10.1089/ars.2013.5387,2013,2013,article,no,both,true
nw_37,10.1093/brain/awu191,2014,2014,article,no,both,true
nw_37,10.1093/med/9780199609536.003.0004,,2013,book-chapter,no,openalex_only,
nw_37,10.1098/rstb.2012.0459,2014,2014,article,no,both,true
nw_37,10.1098/rstb.2013.0482,2014,2014,article,no,both,true
nw_37,10.1101/020883,,2015,preprint,no,openalex_only,
nw_37,10.1101/cshperspect.a021691,2015,2015,preprint,no,both,true
nw_37,10.1103/physreve.87.052717,2013,2013,article,no,both,true
nw_37,10.1111/ejn.12271,2013,2013,article,no,both,true
nw_37,10.1111/ejn.12457,2014,2013,article,no,both,false
nw_37,10.1111/ejn.12540,2014,2014,article,no,both,true
nw_37,10.1111/gbb.12059,2013,2013,article,no,both,true
nw_37,10.1111/gbb.12257,2016,2015,article,no,both,false
nw_37,10.1111/j.1460-9568.2011.07705.x,2011,2011,article,no,both,true
nw_37,10.1111/j.1460-9568.2011.07982.x,,2012,article,no,openalex_only,
nw_37,10.1111/j.1460-9568.2012.08005.x,2012,2012,article,no,both,true
nw_37,10.1111/j.1460-9568.2012.08050.x,2012,2012,article,no,both,true
nw_37,10.1111/j.1460-9568.2012.08073.x,2012,2012,article,no,both,true
nw_37,10.1146/annurev-neuro-071013-013916,,2014,review,no,openalex_only,
nw_37,10.1152/jn.00218.2015,2015,2015,article,no,both,true
nw_37,10.1152/jn.00350.2013,2014,2013,article,no,both,false
nw_37,10.1152/jn.00401.2014,2015,2014,article,no,both,false
nw_37,10.1152/jn.00871.2010,2011,2011,article,no,both,true
nw_37,10.1152/jn.01076.2010,2011,2011,article,no,both,true
nw_37,10.1177/1059712313486817,2013,2013,article,no,both,true
nw_37,10.1201/b11284-10,,2011,book-chapter,no,openalex_only,
nw_37,10.1371/journal.pcbi.1002050,2011,2011,article,no,both,true
nw_37,10.1371/journal.pcbi.1002254,2011,2011,article,no,both,true
nw_37,10.1371/journal.pcbi.1004577,2015,2015,article,no,both,true
nw_37,10.1371/journal.pgen.1002237,2011,2011,article,no,both,true
nw_37,10.1371/journal.pone.0016528,2011,2011,article,no,both,true
nw_37,10.1371/journal.pone.0025342,2011,2011,article,no,both,true
nw_37,10.1371/journal.pone.0028168,2011,2011,article,no,both,true
nw_37,10.1371/journal.pone.0071598,2013,2013,article,no,both,true
nw_37,10.1371/journal.pone.0076310,2013,2013,article,no,both,true
nw_37,10.1371/journal.pone.0078055,2013,2013,article,no,both,true
nw_37,10.1371/journal.pone.0081868,2014,2014,article,no,both,true
nw_37,10.1371/journal.pone.0083814,2013,2013,article,no,both,true
nw_37,10.1371/journal.pone.0141340,2015,2015,article,no,both,true
nw_37,10.1523/jneurosci.0092-12.2013,2013,2013,article,no,both,true
nw_37,10.1523/jneurosci.0118-13.2013,2013,2013,article,no,both,true
nw_37,10.1523/jneurosci.0236-14.2014,2014,2014,article,no,both,true
nw_37,10.1523/jneurosci.1278-13.2013,2013,2013,article,no,both,true
nw_37,10.1523/jneurosci.1606-11.2011,2011,2011,article,no,both,true
nw_37,10.1523/jneurosci.3245-14.2015,2015,2015,article,no,both,true
nw_37,10.1523/jneurosci.3746-12.2013,2013,2013,article,no,both,true
nw_37,10.1523/jneurosci.4228-13.2014,2014,2014,article,no,both,true
nw_37,10.1523/jneurosci.4474-12.2013,2013,2013,article,no,both,true
nw_37,10.1523/jneurosci.4570-14.2015,2015,2015,article,no,both,true
nw_37,10.1523/jneurosci.4759-12.2013,2013,2013,article,no,both,true
nw_37,10.3389/fnana.2015.00099,2015,2015,article,no,both,true
nw_37,10.3389/fnbeh.2014.00039,2014,2014,article,no,both,true
nw_37,10.3389/fncir.2013.00155,2013,2013,article,no,both,true
nw_37,10.3389/fncir.2014.00058,2014,2014,article,no,both,true
nw_37,10.3389/fncom.2013.00137,2013,2013,article,no,both,true
nw_37,10.3389/fncom.2013.00192,2014,2014,article,no,both,true
nw_37,10.3389/fneur.2013.00134,2013,2013,article,no,both,true
nw_37,10.3389/fnhum.2013.00082,2013,2013,article,no,both,true
nw_37,10.3389/fnint.2015.00039,2015,2015,article,no,both,true
nw_37,10.3389/fnsys.2011.00025,,2011,article,no,openalex_only,
nw_37,10.3389/fphar.2012.00066,2012,2012,article,no,both,true
nw_37,10.3389/fpsyg.2015.01182,2015,2015,article,no,both,true
nw_37,10.3410/f.7340957.7601055,,2010,peer-review,no,openalex_only,
nw_37,10.3758/s13420-013-0115-9,2013,2013,article,no,both,true
nw_37,10.48550/arxiv.1311.2238,,2013,preprint,no,openalex_only,
nw_37,10.7554/elife.09423,,2015,article,no,openalex_only,
nw_37,10.7554/elife.11386,,2015,article,no,openalex_only,
nw_53,10.1002/hipo.22304,2014,2014,article,no,both,true
nw_53,10.1007/978-3-7091-0932-8_21,2012,2012,book-chapter,no,both,true
nw_53,10.1007/s00213-014-3627-x,2014,2014,article,no,both,true
nw_53,10.1007/s00213-014-3632-0,,2014,article,no,openalex_only,
nw_53,10.1007/s11062-015-9542-x,2015,2015,book-chapter,no,both,true
nw_53,10.1016/b978-0-12-420170-5.00006-4,2014,2014,book-chapter,no,both,true
nw_53,10.1016/bs.apha.2014.11.008,,2014,book-chapter,no,openalex_only,
nw_53,10.1016/bs.irn.2015.05.011,,2015,book-chapter,no,openalex_only,
nw_53,10.1016/j.bbr.2014.11.018,2015,2014,article,no,both,false
nw_53,10.1016/j.biopsych.2013.02.021,2013,2013,article,no,both,true
nw_53,10.1016/j.brainres.2014.10.058,2015,2014,article,no,both,false
nw_53,10.1016/j.brainres.2015.02.003,,2015,article,no,openalex_only,
nw_53,10.1016/j.brs.2012.07.004,2013,2012,article,no,both,false
nw_53,10.1016/j.conb.2011.01.006,2011,2011,review,no,both,true
nw_53,10.1016/j.neubiorev.2013.06.011,2013,2013,article,no,both,true
nw_53,10.1016/j.neuron.2010.08.036,2010,2010,article,no,both,true
nw_53,10.1016/j.neuron.2011.01.017,2011,2011,article,no,both,true
nw_53,10.1016/j.neuron.2013.07.019,2013,2013,article,no,both,true
nw_53,10.1016/j.neuropharm.2013.04.061,2014,2013,article,no,both,false
nw_53,10.1016/j.neuropharm.2013.05.043,2014,2013,article,no,both,false
nw_53,10.1016/j.neuropharm.2013.07.033,2013,2013,article,no,both,true
nw_53,10.1016/j.neuropharm.2015.04.023,2015,2015,article,no,both,true
nw_53,10.1016/j.neuroscience.2013.08.071,2013,2013,article,no,both,true
nw_53,10.1016/j.neuroscience.2014.01.015,2014,2014,article,no,both,true
nw_53,10.1016/j.pneurobio.2012.06.002,2012,2012,article,no,both,true
nw_53,10.1016/j.regpep.2011.12.003,2012,2011,article,no,both,false
nw_53,10.1038/aps.2015.94,2015,2015,article,no,both,true
nw_53,10.1038/mp.2011.107,2012,2011,article,no,both,false
nw_53,10.1038/npp.2012.144,2012,2012,article,no,both,true
nw_53,10.1038/npp.2014.292,2015,2014,article,no,both,false
nw_53,10.1038/nrn3104,2011,2011,review,no,both,true
nw_53,10.1038/nrn3379,2013,2012,review,no,both,false
nw_53,10.1101/lm.033290.113,2014,2014,preprint,no,both,true
nw_53,10.1111/acer.12088,2013,2013,article,no,both,true
nw_53,10.1111/adb.12043,2014,2013,article,no,both,false
nw_53,10.1111/adb.12345,,2015,article,no,openalex_only,
nw_53,10.1111/ejn.12568,2014,2014,article,no,both,true
nw_53,10.1111/j.1369-1600.2011.00408.x,2012,2011,article,no,both,false
nw_53,10.1111/j.1369-1600.2012.00458.x,2013,2012,article,no,both,false
nw_53,10.1111/j.1460-9568.2010.07488.x,2011,2010,article,no,both,false
nw_53,10.1111/j.1460-9568.2011.07754.x,2011,2011,article,no,both,true
nw_53,10.1111/j.1460-9568.2012.08224.x,2012,2012,article,no,both,true
nw_53,10.1126/science.1234274,2013,2013,article,no,both,true
nw_53,10.1152/jn.00554.2013,2014,2013,article,no,both,false
nw_53,10.1152/jn.00596.2012,2013,2013,article,no,both,true
nw_53,10.1159/000339123,2012,2012,article,no,both,true
nw_53,10.11606/d.42.2011.tde-10022012-103304,,2011,dissertation,no,openalex_only,
nw_53,10.1186/1423-0127-20-96,2013,2013,article,no,both,true
nw_53,10.1371/journal.pone.0082435,2013,2013,article,no,both,true
nw_53,10.14578/jkfs.2015.104.4.657,,2015,article,no,openalex_only,
nw_53,10.1517/17460441.2014.959925,2014,2014,article,no,both,true
nw_53,10.1523/eneuro.0029-14.2015,,2015,article,no,openalex_only,
nw_53,10.1523/jneurosci.0530-13.2013,2013,2013,article,no,both,true
nw_53,10.1523/jneurosci.2924-14.2015,2015,2015,article,no,both,true
nw_53,10.26481/dis.20131129fb,,2013,dissertation,no,openalex_only,
nw_53,10.3389/fnce1.2014.00300,2014,,,,wos_only,
nw_53,10.3389/fncel.2014.00300,,2014,article,no,openalex_only,
nw_53,10.3389/fncel.2014.00466,2015,2015,article,no,both,true
nw_53,10.3389/fnsyn.2014.00001,,2014,article,no,openalex_only,
nw_53,10.3389/fpsyt.2013.00123,,2013,article,no,openalex_only,
nw_53,10.3390/ph4070976,,2011,article,no,openalex_only,
nw_53,10.3410/f.13355964.14762056,,2011,peer-review,no,openalex_only,
nw_53,10.4172/2167-0501.s1-004,,2013,article,no,openalex_only,
nw_53,10.53846/goediss-3359,,2013,dissertation,no,openalex_only,
nw_53,10.5402/2012/972607,,2012,article,no,openalex_only,
nw_53,10.70675/7796cc83z9f91z48c6zadb1zb6a90897b5d5,,2013,dissertation,no,openalex_only,
nw_53,10.70675/786a53c8zca3bz47f9zb0b3ze3c8efd7157d,,2014,dissertation,no,openalex_only,
nw_6,10.1002/hbm.22700,2015,2014,article,no,both,false
nw_6,10.1002/hipo.22031,2012,2012,article,no,both,true
nw_6,10.1002/hipo.22183,2013,2013,article,no,both,true
nw_6,10.1002/hipo.22268,2014,2014,article,no,both,true
nw_6,10.1002/hipo.22289,2014,2014,article,no,both,true
nw_6,10.1002/hipo.22488,2015,2015,article,no,both,true
nw_6,10.1002/hipo.22519,,2015,article,no,openalex_only,
nw_6,10.1002/jnr.23057,2012,2012,article,no,both,true
nw_6,10.1002/wcs.1164,2012,2012,article,no,both,true
nw_6,10.1007/978-1-4939-1969-7_6,2015,2014,book-chapter,no,both,false
nw_6,10.1007/978-1-4939-1969-7_7,2015,2014,book-chapter,no,both,false
nw_6,10.1007/978-3-319-15759-7_2,,2015,book-chapter,no,openalex_only,
nw_6,10.1007/978-3-7091-1292-2_13,,2014,book-chapter,no,openalex_only,
nw_6,10.1007/s00429-014-0907-5,2016,2014,article,no,both,false
nw_6,10.1007/s11011-012-9276-z,2012,2012,article,no,both,true
nw_6,10.1007/s11432-013-4998-z,2014,2014,article,no,both,true
nw_6,10.1007/s11571-012-9229-6,2013,2012,article,no,both,false
nw_6,10.1007/s11818-015-0005-9,,2015,article,no,openalex_only,
nw_6,10.1007/s12264-013-1375-2,2014,2013,article,no,both,false
nw_6,10.1016/b978-0-444-53839-0.00011-9,2011,2011,book-chapter,no,both,true
nw_6,10.1016/j.biopsych.2015.03.017,2015,2015,article,no,both,true
nw_6,10.1016/j.brainres.2015.08.021,2015,2015,article,no,both,true
nw_6,10.1016/j.cobeha.2014.08.005,,2014,review,no,openalex_only,
nw_6,10.1016/j.conb.2011.02.002,2011,2011,review,no,both,true
nw_6,10.1016/j.conb.2011.02.005,2011,2011,review,no,both,true
nw_6,10.1016/j.conb.2012.03.007,2012,2012,review,no,both,true
nw_6,10.1016/j.conb.2013.08.012,2014,2013,review,no,both,false
nw_6,10.1016/j.conb.2014.11.009,2015,2014,review,no,both,false
nw_6,10.1016/j.conb.2015.04.001,2015,2015,review,no,both,true
nw_6,10.1016/j.conb.2015.05.001,2015,2015,review,no,both,true
nw_6,10.1016/j.cub.2014.05.001,2014,2014,article,no,both,true
nw_6,10.1016/j.eplepsyres.2011.02.009,2011,2011,article,no,both,true
nw_6,10.1016/j.jsmc.2010.12.008,,2011,article,no,openalex_only,
nw_6,10.1016/j.nbd.2012.07.015,2012,2012,article,no,both,true
nw_6,10.1016/j.neubiorev.2014.11.002,2015,2014,article,no,both,false
nw_6,10.1016/j.neulet.2015.06.014,2015,2015,article,no,both,true
nw_6,10.1016/j.neurol.2015.01.557,2015,2015,article,no,both,true
nw_6,10.1016/j.neuron.2011.06.037,2011,2011,article,no,both,true
nw_6,10.1016/j.neuron.2012.06.014,2012,2012,article,no,both,true
nw_6,10.1016/j.neuron.2012.08.004,2012,2012,article,no,both,true
nw_6,10.1016/j.neuron.2013.01.027,2013,2013,article,no,both,true
nw_6,10.1016/j.neuron.2013.01.033,2013,2013,article,no,both,true
nw_6,10.1016/j.neuron.2013.02.034,2013,2013,article,no,both,true
nw_6,10.1016/j.neuron.2014.05.019,2014,2014,article,no,both,true
nw_6,10.1016/j.neuron.2014.06.013,2014,2014,article,no,both,true
nw_6,10.1016/j.neuron.2015.03.032,2015,2015,article,no,both,true
nw_6,10.1016/j.neuron.2015.09.021,2015,2015,article,no,both,true
nw_6,10.1016/j.neuroscience.2013.03.001,2013,2013,article,no,both,true
nw_6,10.1016/j.nlm.2011.02.013,2011,2011,article,no,both,true
nw_6,10.1016/j.nlm.2014.02.002,,2014,article,no,openalex_only,
nw_6,10.1016/j.nlm.2015.12.008,,2015,article,no,openalex_only,
nw_6,10.1016/j.pneurobio.2012.02.004,2012,2012,article,no,both,true
nw_6,10.1016/j.tics.2011.05.008,2011,2011,review,no,both,true
nw_6,10.1016/j.tics.2013.01.006,2013,2013,review,no,both,true
nw_6,10.1016/j.tins.2011.06.003,2011,2011,review,no,both,true
nw_6,10.1016/j.tins.2011.07.007,2011,2011,review,no,both,true
nw_6,10.1016/j.tins.2015.07.004,2015,2015,review,no,both,true
nw_6,10.1037/neu0000091,,2014,article,no,openalex_only,
nw_6,10.1038/ncomms9521,2015,2015,article,no,both,true
nw_6,10.1038/nn.2732,2011,2011,article,no,both,true
nw_6,10.1038/nn.3077,2012,2012,article,no,both,true
nw_6,10.1038/nn.3203,2012,2012,article,no,both,true
nw_6,10.1038/nn.3698,2014,2014,article,no,both,true
nw_6,10.1038/nn.3700,2014,2014,article,no,both,true
nw_6,10.1038/nn.3843,2014,2014,article,no,both,true
nw_6,10.1038/nn.3875,,2014,article,no,openalex_only,
nw_6,10.1038/nn.4074,2015,2015,article,no,both,true
nw_6,10.1038/nn.4151,2015,2015,article,no,both,true
nw_6,10.1038/nn0810-911,2010,2010,article,no,both,true
nw_6,10.1038/npp.2013.179,2013,2013,article,no,both,true
nw_6,10.1038/nrn3888,2015,2015,review,no,both,true
nw_6,10.1038/nrn4000,2015,2015,review,no,both,true
nw_6,10.1073/pnas.1019676108,2011,2011,article,no,both,true
nw_6,10.1073/pnas.1105445108,2011,2011,article,no,both,true
nw_6,10.1073/pnas.1306031110,2013,2013,article,no,both,true
nw_6,10.1073/pnas.1308499110,2013,2013,article,no,both,true
nw_6,10.1073/pnas.1518257112,2015,2015,article,no,both,true
nw_6,10.1088/1741-2560/8/6/065010,2011,2011,article,no,both,true
nw_6,10.1093/brain/aws176,2012,2012,article,no,both,true
nw_6,10.1093/cercor/bhs258,2013,2012,article,no,both,false
nw_6,10.1093/cercor/bhv177,,2015,article,no,openalex_only,
nw_6,10.1098/rstb.2012.0522,2014,2013,article,no,both,false
nw_6,10.1098/rstb.2012.0528,2014,2013,article,no,both,false
nw_6,10.1101/cshperspect.a021766,2015,2015,preprint,no,both,true
nw_6,10.1101/sqb.2014.79.024760,,2014,preprint,no,openalex_only,
nw_6,10.1111/j.1469-185x.2010.00165.x,2011,2010,review,no,both,false
nw_6,10.1126/science.1217230,2012,2012,article,no,both,true
nw_6,10.1146/annurev-neuro-062111-150500,2012,2012,review,no,both,true
nw_6,10.1152/jn.00099.2013,2013,2013,article,no,both,true
nw_6,10.1152/physrev.00032.2012,2013,2013,review,no,both,true
nw_6,10.1155/2011/203462,2011,2011,article,no,both,true
nw_6,10.1155/2011/683961,2011,2011,article,no,both,true
nw_6,10.1155/2011/960389,2011,2011,article,no,both,true
nw_6,10.1162/daed_a_00318,2015,2015,article,no,both,true
nw_6,10.1371/journal.pbio.1002285,2015,2015,article,no,both,true
nw_6,10.1371/journal.pone.0037318,2012,2012,article,no,both,true
nw_6,10.1371/journal.pone.0080465,2013,2013,article,no,both,true
nw_6,10.1523/jneurosci.0207-13.2013,2013,2013,article,no,both,true
nw_6,10.1523/jneurosci.0294-11.2011,2011,2011,article,no,both,true
nw_6,10.1523/jneurosci.0414-13.2013,2013,2013,article,no,both,true
nw_6,10.1523/jneurosci.0864-15.2015,2015,2015,article,no,both,true
nw_6,10.1523/jneurosci.0879-13.2013,2013,2013,article,no,both,true
nw_6,10.1523/jneurosci.1348-12.2013,2013,2013,article,no,both,true
nw_6,10.1523/jneurosci.1378-12.2012,2012,2012,article,no,both,true
nw_6,10.1523/jneurosci.1825-13.2013,2013,2013,article,no,both,true
nw_6,10.1523/jneurosci.2036-13.2013,2013,2013,article,no,both,true
nw_6,10.1523/jneurosci.2826-13.2014,2014,2014,article,no,both,true
nw_6,10.1523/jneurosci.3219-12.2013,2013,2013,article,no,both,true
nw_6,10.1523/jneurosci.3327-14.2014,2014,2014,article,no,both,true
nw_6,10.1523/jneurosci.3573-11.2011,2011,2011,article,no,both,true
nw_6,10.1523/jneurosci.4288-13.2014,2014,2014,article,no,both,true
nw_6,10.1523/jneurosci.4640-10.2011,2011,2011,article,no,both,true
nw_6,10.1523/jneurosci.5497-12.2013,2013,2013,article,no,both,true
nw_6,10.1684/epd.2015.0739,2015,2015,article,no,both,true
nw_6,10.22215/etd/2014-10457,,2014,dissertation,no,openalex_only,
nw_6,10.3233/jad-2012-111643,2012,2012,article,no,both,true
nw_6,10.3389/fnbeh.2010.00185,2010,2010,article,yes,both,true
nw_6,10.3389/fnbeh.2012.00087,2012,2012,article,no,both,true
nw_6,10.3389/fnbeh.2013.00177,2013,2013,article,no,both,true
nw_6,10.3389/fnbeh.2013.00202,2013,2013,article,no,both,true
nw_6,10.3389/fncir.2012.00071,2012,2012,article,no,both,true
nw_6,10.3389/fncir.2013.00088,2013,2013,article,no,both,true
nw_6,10.3389/fncom.2014.00064,2014,2014,article,no,both,true
nw_6,10.3389/fnsys.2013.00046,,2013,article,no,openalex_only,
nw_6,10.3389/fnsys.2014.00061,,2014,article,no,openalex_only,
nw_6,10.3724/sp.j.1042.2015.00349,,2015,article,no,openalex_only,
nw_6,10.7282/t3k072j1,,2014,article,no,openalex_only,
nw_6,10.7282/t3x065ps,,2013,dissertation,no,openalex_only,
nw_6,10.7554/elife.00312,2013,2013,article,no,both,true
nw_6,10.7554/elife.08902,,2015,article,no,openalex_only,
nw_6,10.7603/s40790-014-0007-2,,2014,article,no,openalex_only,
nw_67,10.1007/s11062-012-9310-0,2012,2012,article,no,both,true
nw_67,10.1007/s11064-014-1297-z,2014,2014,article,no,both,true
nw_67,10.1016/j.conb.2013.04.010,2013,2013,review,no,both,true
nw_67,10.1016/j.ejphar.2014.06.001,2014,2014,article,no,both,true
nw_67,10.1016/j.neures.2013.07.006,2013,2013,article,no,both,true
nw_67,10.1016/j.pbb.2013.10.009,2013,2013,article,no,both,true
nw_67,10.1038/aps.2013.149,2014,2013,article,no,both,false
nw_67,10.1038/npp.2014.292,2015,2014,article,no,both,false
nw_67,10.1038/tp.2012.101,2012,2012,article,no,both,true
nw_67,10.1073/pnas.1119261109,2012,2012,article,no,both,true
nw_67,10.1111/ejn.12995,2015,2015,article,no,both,true
nw_67,10.1124/pr.110.002717,2011,2011,article,no,both,true
nw_67,10.1371/journal.pone.0060154,2013,2013,article,no,both,true
nw_67,10.1371/journal.pone.0136255,2015,2015,article,no,both,true
nw_67,10.1523/jneurosci.4085-12.2014,2014,2014,article,no,both,true
nw_74,10.1002/brb3.150,2013,2013,article,no,both,true
nw_74,10.1007/s10548-015-0433-7,2016,2015,article,no,both,false
nw_74,10.1016/j.actpsy.2011.12.010,2012,2012,article,no,both,true
nw_74,10.1016/j.biopsycho.2015.04.005,2015,2015,article,no,both,true
nw_74,10.1016/j.cortex.2012.10.011,2013,2012,article,no,both,false
nw_74,10.1016/j.neubiorev.2014.11.002,2015,2014,article,no,both,false
nw_74,10.1016/j.neures.2014.02.010,2014,2014,article,no,both,true
nw_74,10.1016/j.neuroimage.2012.04.031,2012,2012,article,no,both,true
nw_74,10.1016/j.neuroimage.2012.07.064,2013,2012,article,no,both,false
nw_74,10.1016/j.neuroimage.2012.08.046,2012,2012,article,no,both,true
nw_74,10.1016/j.neuroimage.2012.09.003,2013,2012,article,no,both,false
nw_74,10.1016/j.neuroimage.2013.04.121,2013,2013,article,no,both,true
nw_74,10.1016/j.neuroimage.2013.09.028,2014,2013,article,no,both,false
nw_74,10.1016/j.neuroimage.2013.09.039,2014,2013,article,no,both,false
nw_74,10.1016/j.neuroimage.2014.03.077,2014,2014,article,no,both,true
nw_74,10.1016/j.neuroimage.2014.10.046,2015,2014,article,no,both,false
nw_74,10.1016/j.neuroimage.2015.07.079,2016,2015,article,no,both,false
nw_74,10.1016/j.neuroimage.2015.10.037,2016,2015,article,no,both,false
nw_74,10.1016/j.neuroimage.2015.11.024,2016,2015,article,no,both,false
nw_74,10.1016/j.neuron.2014.08.060,2014,2014,article,no,both,true
nw_74,10.1016/j.neuropsychologia.2012.07.038,2012,2012,article,no,both,true
nw_74,10.1016/j.neuropsychologia.2014.03.007,2014,2014,article,no,both,true
nw_74,10.1016/j.neuropsychologia.2015.04.030,2015,2015,article,no,both,true
nw_74,10.1016/j.nlm.2015.02.012,2015,2015,article,no,both,true
nw_74,10.1037/a0033609,2013,2013,article,no,both,true
nw_74,10.1073/pnas.1014528108,2011,2011,article,no,both,true
nw_74,10.1080/17588928.2012.670105,2012,2012,article,no,both,true
nw_74,10.1093/scan/nss145,2014,2012,article,no,both,false
nw_74,10.1111/j.1469-8986.2012.01474.x,2012,2012,article,no,both,true
nw_74,10.1111/psyp.12211,2014,2014,article,no,both,true
nw_74,10.1152/jn.00902.2010,2011,2011,article,no,both,true
nw_74,10.1162/jocn_a_00096,,2011,article,no,openalex_only,
nw_74,10.1162/jocn_a_00237,,2012,article,no,openalex_only,
nw_74,10.1371/journal.pone.0053053,2013,2013,article,no,both,true
nw_74,10.1371/journal.pone.0053894,2013,2013,article,no,both,true
nw_74,10.1371/journal.pone.0108817,2014,2014,article,no,both,true
nw_74,10.1371/journal.pone.0108886,2014,2014,article,no,both,true
nw_74,10.1523/jneurosci.0687-15.2015,2015,2015,article,no,both,true
nw_74,10.1523/jneurosci.1619-11.2011,2011,2011,article,no,both,true
nw_74,10.1523/jneurosci.6369-10.2011,2011,2011,article,no,both,true
nw_74,10.22028/d291-23316,,2012,dissertation,no,openalex_only,
nw_74,10.22028/d291-23393,,2015,other,no,openalex_only,
nw_74,10.3389/fnhum.2014.01055,2015,2015,article,no,both,true
nw_74,10.3389/fnint.2012.00061,,2012,article,no,openalex_only,
nw_74,10.3389/fpsyg.2011.00099,,2011,article,no,openalex_only,
nw_74,10.3758/s13415-011-0057-7,2011,2011,article,no,both,true
nw_74,10.3758/s13415-015-0335-x,,2015,article,no,openalex_only,
nw_74,10.3758/s13421-014-0435-9,2014,2014,article,no,both,true
nw_84,10.1002/9781118015759.ch22,,2011,other,no,openalex_only,
nw_84,10.1002/9783527636792,2011,,,,wos_only,
nw_84,10.1002/9783527636792.refs,,2011,paratext,no,openalex_only,
nw_84,10.1002/ana.23761,2013,2012,article,no,both,false
nw_84,10.1002/cne.22691,2012,2011,article,no,both,false
nw_84,10.1002/cne.23017,2012,2011,article,no,both,false
nw_84,10.1002/cne.23502,2014,2013,article,no,both,false
nw_84,10.1002/dev.20557,2011,2011,article,no,both,true
nw_84,10.1002/dneu.20942,2012,2011,article,no,both,false
nw_84,10.1002/dneu.20951,2012,2011,article,no,both,false
nw_84,10.1002/dneu.22313,2016,2015,article,no,both,false
nw_84,10.1002/hbm.21370,2012,2011,article,no,both,false
nw_84,10.1002/hbm.22665,2015,2014,article,no,both,false
nw_84,10.1002/hipo.20872,2012,2010,article,no,both,false
nw_84,10.1002/hipo.20950,2012,2011,article,no,both,false
nw_84,10.1002/hipo.20998,2012,2011,article,no,both,false
nw_84,10.1002/hipo.22088,2013,2013,article,no,both,true
nw_84,10.1002/jnr.23192,2013,2013,article,no,both,true
nw_84,10.1002/syn.21784,2015,2014,article,no,both,false
nw_84,10.1007/978-1-4614-2350-8_9,,2012,book-chapter,no,openalex_only,
nw_84,10.1007/978-1-4614-8794-4_22,,2013,book-chapter,no,openalex_only,
nw_84,10.1007/978-1-62703-411-1_4,,2013,book-chapter,no,openalex_only,
nw_84,10.1007/978-1-62703-444-9_25,,2013,book-chapter,no,openalex_only,
nw_84,10.1007/978-3-319-24364-1_5,,2015,book-chapter,no,openalex_only,
nw_84,10.1007/978-3-642-32767-4_1,,2012,book-chapter,no,openalex_only,
nw_84,10.1007/978-3-642-41539-5_7,,2013,book-chapter,no,openalex_only,
nw_84,10.1007/978-3-662-45797-9_1,,2012,book-chapter,no,openalex_only,
nw_84,10.1007/978-94-007-4086-0_6,,2012,book-chapter,no,openalex_only,
nw_84,10.1007/978-94-017-9361-2_1,,2014,book-chapter,no,openalex_only,
nw_84,10.1007/s00221-014-4087-6,2014,2014,article,no,both,true
nw_84,10.1007/s00401-015-1421-4,2015,2015,article,no,both,true
nw_84,10.1007/s00401-015-1449-5,2015,2015,article,no,both,true
nw_84,10.1007/s00422-012-0529-z,2012,2012,article,no,both,true
nw_84,10.1007/s10072-012-1241-4,2013,2012,article,no,both,false
nw_84,10.1007/s10827-010-0285-9,2011,2010,article,no,both,false
nw_84,10.1007/s11055-015-0135-3,,2015,article,no,openalex_only,
nw_84,10.1007/s13295-011-0014-5,,2011,article,no,openalex_only,
nw_84,10.1007/s13311-013-0224-3,2013,2013,article,no,both,true
nw_84,10.1016/b978-0-12-369497-3.10004-4,2012,2011,book-chapter,no,both,false
nw_84,10.1016/b978-0-12-375027-3.00005-3,2010,2010,book-chapter,no,both,true
nw_84,10.1016/b978-0-12-397266-8.00103-4,2013,2013,book-chapter,no,both,true
nw_84,10.1016/b978-0-12-397266-8.00110-1,2013,2013,book-chapter,no,both,true
nw_84,10.1016/b978-0-12-397266-8.00140-x,2013,2013,book-chapter,no,both,true
nw_84,10.1016/b978-0-12-397267-5.00145-x,2013,2013,book-chapter,no,both,true
nw_84,10.1016/b978-0-12-405195-9.00039-1,2015,2014,book-chapter,no,both,false
nw_84,10.1016/b978-0-12-411469-2.00006-6,,2015,book-chapter,no,openalex_only,
nw_84,10.1016/b978-0-12-417042-1.00004-8,,2015,book-chapter,no,openalex_only,
nw_84,10.1016/b978-0-12-417042-1.00009-7,,2015,book-chapter,no,openalex_only,
nw_84,10.1016/b978-0-12-418675-0.00012-2,,2014,book-chapter,no,openalex_only,
nw_84,10.1016/b978-0-12-420247-4.00001-4,2014,2014,book-chapter,no,both,true
nw_84,10.1016/j.bbadis.2013.08.012,2013,2013,article,no,both,true
nw_84,10.1016/j.bbi.2015.07.022,2015,2015,article,no,both,true
nw_84,10.1016/j.bbr.2013.05.062,2013,2013,article,no,both,true
nw_84,10.1016/j.bbr.2014.10.047,2015,2014,article,no,both,false
nw_84,10.1016/j.bbr.2015.07.062,2015,2015,article,no,both,true
nw_84,10.1016/j.bpj.2014.11.3458,2015,2015,article,no,both,true
nw_84,10.1016/j.brainres.2010.06.064,2010,2010,article,no,both,true
nw_84,10.1016/j.brainres.2013.07.013,2013,2013,article,no,both,true
nw_84,10.1016/j.brainres.2015.03.020,2015,2015,article,no,both,true
nw_84,10.1016/j.brs.2010.10.002,2011,2010,article,no,both,false
nw_84,10.1016/j.cell.2012.11.040,2012,2012,article,no,both,true
nw_84,10.1016/j.cell.2015.07.018,2015,2015,article,no,both,true
nw_84,10.1016/j.celrep.2014.12.016,2015,2014,article,no,both,false
nw_84,10.1016/j.celrep.2015.09.066,2015,2015,article,no,both,true
nw_84,10.1016/j.clineuro.2011.12.053,2012,2012,article,no,both,true
nw_84,10.1016/j.conb.2010.03.012,2010,2010,review,no,both,true
nw_84,10.1016/j.conb.2010.06.002,2010,2010,review,no,both,true
nw_84,10.1016/j.conb.2010.07.010,2011,2010,review,no,both,false
nw_84,10.1016/j.conb.2011.01.005,2011,2011,review,no,both,true
nw_84,10.1016/j.conb.2011.05.002,2011,2011,review,no,both,true
nw_84,10.1016/j.conb.2011.09.011,2012,2011,review,no,both,false
nw_84,10.1016/j.conb.2011.10.003,2012,2011,review,no,both,false
nw_84,10.1016/j.conb.2013.08.018,2014,2013,review,no,both,false
nw_84,10.1016/j.conb.2013.11.009,2014,2013,review,no,both,false
nw_84,10.1016/j.cub.2009.12.040,2010,2010,article,no,both,true
nw_84,10.1016/j.cub.2011.04.020,2011,2011,article,no,both,true
nw_84,10.1016/j.cub.2014.06.025,2014,2014,article,no,both,true
nw_84,10.1016/j.devcel.2011.08.009,2011,2011,article,no,both,true
nw_84,10.1016/j.ebiom.2015.08.036,2015,2015,article,no,both,true
nw_84,10.1016/j.ejphar.2013.07.020,2013,2013,article,no,both,true
nw_84,10.1016/j.expneurol.2011.04.008,2012,2011,article,no,both,false
nw_84,10.1016/j.expneurol.2012.02.008,2013,2012,article,no,both,false
nw_84,10.1016/j.expneurol.2012.06.033,2012,2012,article,no,both,true
nw_84,10.1016/j.febslet.2014.10.023,2014,2014,article,no,both,true
nw_84,10.1016/j.heares.2013.08.004,2014,2013,article,no,both,false
nw_84,10.1016/j.jchemneu.2015.12.005,,2015,article,no,openalex_only,
nw_84,10.1016/j.jcomdis.2011.04.011,2011,2011,article,no,both,true
nw_84,10.1016/j.jneumeth.2015.03.008,2015,2015,article,no,both,true
nw_84,10.1016/j.jphysparis.2013.05.003,2014,2013,article,no,both,false
nw_84,10.1016/j.jtbi.2015.03.003,2015,2015,article,no,both,true
nw_84,10.1016/j.jvs.2010.07.064,2011,2010,article,no,both,false
nw_84,10.1016/j.neubiorev.2012.04.001,2014,2012,article,no,both,false
nw_84,10.1016/j.neubiorev.2013.02.014,2013,2013,article,no,both,true
nw_84,10.1016/j.neubiorev.2013.07.016,2013,2013,article,no,both,true
nw_84,10.1016/j.neubiorev.2013.09.007,2013,2013,article,no,both,true
nw_84,10.1016/j.neubiorev.2014.06.012,2015,2014,article,no,both,false
nw_84,10.1016/j.neulet.2011.01.043,2011,2011,article,no,both,true
nw_84,10.1016/j.neures.2014.12.009,2015,2015,article,no,both,true
nw_84,10.1016/j.neuroimage.2011.05.078,2011,2011,article,no,both,true
nw_84,10.1016/j.neuroimage.2011.10.073,2012,2011,article,no,both,false
nw_84,10.1016/j.neuroimage.2012.03.061,,2012,article,no,openalex_only,
nw_84,10.1016/j.neuroimage.2012.03.069,2013,2012,article,no,both,false
nw_84,10.1016/j.neuroimage.2013.05.050,2013,2013,article,no,both,true
nw_84,10.1016/j.neuroimage.2013.05.082,2013,2013,article,no,both,true
nw_84,10.1016/j.neuroimage.2014.03.056,2014,2014,article,no,both,true
nw_84,10.1016/j.neuroimage.2015.01.027,2015,2015,article,no,both,true
nw_84,10.1016/j.neuroimage.2015.08.047,,2015,article,no,openalex_only,
nw_84,10.1016/j.neuroimage.2015.11.008,2016,2015,article,no,both,false
nw_84,10.1016/j.neuron.2010.06.033,2010,2010,article,no,both,true
nw_84,10.1016/j.neuron.2010.09.024,2010,2010,article,no,both,true
nw_84,10.1016/j.neuron.2011.02.007,2011,2011,article,no,both,true
nw_84,10.1016/j.neuron.2011.02.034,2011,2011,article,no,both,true
nw_84,10.1016/j.neuron.2011.02.038,2011,2011,article,no,both,true
nw_84,10.1016/j.neuron.2011.03.012,2011,2011,article,no,both,true
nw_84,10.1016/j.neuron.2011.06.034,2011,2011,article,no,both,true
nw_84,10.1016/j.neuron.2011.10.008,2011,2011,article,no,both,true
nw_84,10.1016/j.neuron.2012.01.025,2012,2012,article,no,both,true
nw_84,10.1016/j.neuron.2012.03.022,2012,2012,article,no,both,true
nw_84,10.1016/j.neuron.2012.04.031,2012,2012,article,no,both,true
nw_84,10.1016/j.neuron.2012.12.027,2013,2013,article,no,both,true
nw_84,10.1016/j.neuron.2013.02.030,2013,2013,article,no,both,true
nw_84,10.1016/j.neuron.2013.07.014,2013,2013,article,no,both,true
nw_84,10.1016/j.neuron.2013.10.028,2013,2013,article,no,both,true
nw_84,10.1016/j.neuron.2014.08.052,2014,2014,article,no,both,true
nw_84,10.1016/j.neuron.2015.03.024,2015,2015,article,no,both,true
nw_84,10.1016/j.neuron.2015.05.043,2015,2015,article,no,both,true
nw_84,10.1016/j.neuron.2015.08.002,2015,2015,article,no,both,true
nw_84,10.1016/j.neuron.2015.09.004,2015,2015,article,no,both,true
nw_84,10.1016/j.neuropharm.2012.11.030,2013,2012,article,no,both,false
nw_84,10.1016/j.neuroscience.2010.12.056,2011,2011,article,no,both,true
nw_84,10.1016/j.neuroscience.2012.01.020,2012,2012,article,no,both,true
nw_84,10.1016/j.neuroscience.2012.03.049,2013,2012,article,no,both,false
nw_84,10.1016/j.neuroscience.2012.04.040,2012,2012,article,no,both,true
nw_84,10.1016/j.neuroscience.2012.09.017,2013,2012,article,no,both,false
nw_84,10.1016/j.neuroscience.2013.03.061,2013,2013,article,no,both,true
nw_84,10.1016/j.neuroscience.2013.06.060,2013,2013,article,no,both,true
nw_84,10.1016/j.neuroscience.2014.12.080,2015,2015,article,no,both,true
nw_84,10.1016/j.neuroscience.2015.05.026,2015,2015,article,no,both,true
nw_84,10.1016/j.nicl.2013.02.001,2013,2013,article,no,both,true
nw_84,10.1016/j.nlm.2012.09.004,2012,2012,article,no,both,true
nw_84,10.1016/j.nlm.2013.07.003,2013,2013,article,no,both,true
nw_84,10.1016/j.nlm.2014.01.011,2014,2014,article,no,both,true
nw_84,10.1016/j.nlm.2014.07.001,2014,2014,article,no,both,true
nw_84,10.1016/j.nlm.2015.08.009,2015,2015,article,no,both,true
nw_84,10.1016/j.pharmthera.2010.03.001,2010,2010,article,no,both,true
nw_84,10.1016/j.pneurobio.2010.08.002,2010,2010,article,no,both,true
nw_84,10.1016/j.pneurobio.2014.06.005,2014,2014,article,no,both,true
nw_84,10.1016/j.tics.2011.12.005,2012,2011,article,no,both,false
nw_84,10.1016/j.tins.2010.01.001,2010,2010,review,no,both,true
nw_84,10.1016/j.tins.2011.02.001,2011,2011,review,no,both,true
nw_84,10.1016/j.tins.2011.03.001,2011,2011,review,no,both,true
nw_84,10.1016/j.tins.2013.03.008,2013,2013,review,no,both,true
nw_84,10.1016/j.tins.2014.08.011,2014,2014,review,no,both,true
nw_84,10.1016/j.yfrne.2014.03.008,2014,2014,article,no,both,true
nw_84,10.1016/j.yfrne.2014.08.001,2015,2014,article,no,both,false
nw_84,10.1017/s1041610213002482,2014,2014,article,no,both,true
nw_84,10.1017/s143192761500714x,,2015,article,no,openalex_only,
nw_84,10.1021/cn100111a,2011,2011,article,no,both,true
nw_84,10.1038/462859a,2009,2009,article,no,both,true
nw_84,10.1038/cddis.2013.62,2013,2013,article,no,both,true
nw_84,10.1038/embor.2012.102,2012,2012,article,no,both,true
nw_84,10.1038/jhg.2013.47,2013,2013,article,no,both,true
nw_84,10.1038/mp.2013.122,2014,2013,article,no,both,false
nw_84,10.1038/nature09946,2011,2011,article,no,both,true
nw_84,10.1038/nature10844,2012,2012,article,no,both,true
nw_84,10.1038/nature12776,2013,2013,article,no,both,true
nw_84,10.1038/nature12866,2013,2013,article,no,both,true
nw_84,10.1038/nature13023,2014,2014,article,no,both,true
nw_84,10.1038/nature13235,2014,2014,article,no,both,true
nw_84,10.1038/nature14467,2015,2015,article,no,both,true
nw_84,10.1038/ncomms10099,2015,2015,article,no,both,true
nw_84,10.1038/ncomms3258,2013,2013,article,no,both,true
nw_84,10.1038/nn.3387,2013,2013,article,no,both,true
nw_84,10.1038/nn.3498,2013,2013,article,no,both,true
nw_84,10.1038/nn.4049,2015,2015,article,no,both,true
nw_84,10.1038/nn.4073,2015,2015,article,no,both,true
nw_84,10.1038/nn.4082,2015,2015,article,no,both,true
nw_84,10.1038/nrn2699,,2009,review,yes,openalex_only,
nw_84,10.1038/nrn3170,2012,2012,review,no,both,true
nw_84,10.1038/nrn3258,2012,2012,review,no,both,true
nw_84,10.1038/nrn3505,2013,2013,review,no,both,true
nw_84,10.1038/pr.2013.192,2014,2013,article,no,both,false
nw_84,10.1038/srep01957,2013,2013,article,no,both,true
nw_84,10.1051/medsci/20153104012,2015,2015,article,no,both,true
nw_84,10.1055/s-0033-1351298,2013,,,,wos_only,
nw_84,10.1057/9781137426741_13,,2015,book-chapter,no,openalex_only,
nw_84,10.1073/pnas.1014335108,2011,2011,article,no,both,true
nw_84,10.1073/pnas.1018985108,2011,2011,article,no,both,true
nw_84,10.1073/pnas.1103217108,2011,2011,article,no,both,true
nw_84,10.1073/pnas.1103318108,2011,2011,article,no,both,true
nw_84,10.1073/pnas.1108270109,2011,2011,article,no,both,true
nw_84,10.1073/pnas.1109680108,2011,2011,article,no,both,true
nw_84,10.1073/pnas.1214705110,2013,2012,article,no,both,false
nw_84,10.1073/pnas.1218731110,2013,2013,article,no,both,true
nw_84,10.1073/pnas.1311927110,2013,2013,article,no,both,true
nw_84,10.1073/pnas.1312508110,2013,2013,article,no,both,true
nw_84,10.1073/pnas.1320116110,2013,2013,article,no,both,true
nw_84,10.1073/pnas.1321092110,2013,2013,article,no,both,true
nw_84,10.1073/pnas.1421285111,2014,2014,article,no,both,true
nw_84,10.1074/jbc.m111.302802,2012,2012,article,no,both,true
nw_84,10.1083/jcb.201004022,2010,2010,article,no,both,true
nw_84,10.1083/jcb.201305134,2014,2014,article,no,both,true
nw_84,10.1093/cercor/bhq159,2011,2010,article,no,both,false
nw_84,10.1093/cercor/bhq192,2011,2010,article,no,both,false
nw_84,10.1093/cercor/bhs317,2014,2012,article,no,both,false
nw_84,10.1093/cercor/bhs334,2014,2012,article,no,both,false
nw_84,10.1093/cercor/bht171,2014,2013,article,no,both,false
nw_84,10.1093/cercor/bht208,2015,2013,article,no,both,false
nw_84,10.1093/cercor/bht415,2015,2014,article,no,both,false
nw_84,10.1093/cercor/bhv014,,2015,article,no,openalex_only,
nw_84,10.1093/hmg/ddv426,2015,2015,article,no,both,true
nw_84,10.1093/jmicro/dft043,2014,2013,article,no,both,false
nw_84,10.1097/aln.0000000000000579,2015,2015,article,no,both,true
nw_84,10.1097/wco.0000000000000025,2013,2013,article,no,both,true
nw_84,10.1098/rsbl.2012.0784,2012,2012,article,no,both,true
nw_84,10.1098/rstb.2013.0157,2014,2013,article,no,both,false
nw_84,10.1100/tsw.2011.113,2011,2011,article,no,both,true
nw_84,10.1101/005660,,2014,preprint,no,openalex_only,
nw_84,10.1101/023531,,2015,preprint,no,openalex_only,
nw_84,10.1101/024406,,2015,preprint,no,openalex_only,
nw_84,10.1101/033266,,2015,preprint,no,openalex_only,
nw_84,10.1101/cshperspect.a005751,2012,2012,preprint,no,both,true
nw_84,10.1101/cshperspect.a020370,2015,2015,preprint,no,both,true
nw_84,10.1101/cshperspect.a021758,2015,2015,preprint,no,both,true
nw_84,10.1101/lm.025817.112,2012,2012,preprint,no,both,true
nw_84,10.1101/lm.031377.113,2013,2013,preprint,no,both,true
nw_84,10.1101/lm.2024811,2011,2010,preprint,no,both,false
nw_84,10.1101/pdb.top087668,,2015,preprint,no,openalex_only,
nw_84,10.1111/dmcn.12692,2015,2015,article,no,both,true
nw_84,10.1111/j.1460-9568.2010.07270.x,2010,2010,article,no,both,true
nw_84,10.1111/j.1460-9568.2010.07344.x,2010,2010,article,no,both,true
nw_84,10.1111/nan.12160,2014,2014,article,no,both,true
nw_84,10.1113/jphysiol.2010.204446,2011,2011,article,no,both,true
nw_84,10.1124/jpet.111.182220,2011,2011,article,no,both,true
nw_84,10.1126/scitranslmed.3010157,2014,2014,article,no,both,true
nw_84,10.1128/mcb.05917-11,2012,2011,article,no,both,false
nw_84,10.1146/annurev-neuro-062111-150500,,2012,review,no,openalex_only,
nw_84,10.1152/japplphysiol.00498.2014,2014,2014,article,no,both,true
nw_84,10.1152/jn.00044.2012,2013,2012,article,no,both,false
nw_84,10.1152/jn.00566.2014,2015,2014,article,no,both,false
nw_84,10.1152/jn.00638.2014,2015,2014,article,no,both,false
nw_84,10.1152/jn.00785.2012,2013,2012,article,no,both,false
nw_84,10.1152/jn.00856.2011,2012,2012,article,no,both,true
nw_84,10.1152/jn.00884.2014,2015,2015,article,no,both,true
nw_84,10.1152/jn.00897.2013,2014,2014,article,no,both,true
nw_84,10.1152/physrev.00012.2013,2014,2014,review,no,both,true
nw_84,10.1155/2011/871296,2011,2011,article,no,both,true
nw_84,10.1155/2012/631965,2012,2012,article,no,both,true
nw_84,10.1155/2012/640259,2012,2012,article,no,both,true
nw_84,10.1155/2012/810370,,2012,article,no,openalex_only,
nw_84,10.1155/2013/159184,,2013,article,no,openalex_only,
nw_84,10.1155/2015/938023,2015,2015,article,no,both,true
nw_84,10.1159/000329580,,2011,article,no,openalex_only,
nw_84,10.1161/strokeaha.110.594648,2010,2010,article,no,both,true
nw_84,10.1161/strokeaha.111.000037,2013,2013,article,no,both,true
nw_84,10.1161/strokeaha.111.645382,2012,2012,article,no,both,true
nw_84,10.1162/daed_a_00324,,2015,article,no,openalex_only,
nw_84,10.1162/jocn_a_00675,2014,2014,article,no,both,true
nw_84,10.1162/jocn_a_00751,2015,2014,article,no,both,false
nw_84,10.1177/1073858410371292,,2010,article,no,openalex_only,
nw_84,10.1177/1073858410377585,,2010,article,no,openalex_only,
nw_84,10.1177/1073858411419048,2012,2011,article,no,both,false
nw_84,10.1177/1073858413491146,2014,2013,article,no,both,false
nw_84,10.1177/1073858414545228,2015,2014,article,no,both,false
nw_84,10.1177/1073858415610294,,2015,article,no,openalex_only,
nw_84,10.1177/1545968314520721,2014,2014,article,no,both,true
nw_84,10.1186/1471-2105-13-213,2012,2012,article,no,both,true
nw_84,10.1186/1471-2202-12-s1-f1,,2011,article,no,openalex_only,
nw_84,10.1186/1471-2202-14-s1-p416,,2013,article,no,openalex_only,
nw_84,10.1186/1471-2202-16-s1-o15,,2015,article,no,openalex_only,
nw_84,10.1186/1752-0509-4-181,2010,2010,article,no,both,true
nw_84,10.1242/jcs.090852,2011,2011,article,no,both,true
nw_84,10.1267/ahc.10035,2011,2011,article,no,both,true
nw_84,10.12688/f1000research.2-180.v1,,2013,article,no,openalex_only,
nw_84,10.12688/f1000research.2-180.v2,,2013,article,no,openalex_only,
nw_84,10.1371/journal.pbio.1001537,2013,2013,article,no,both,true
nw_84,10.1371/journal.pbio.1002263,2015,2015,article,no,both,true
nw_84,10.1371/journal.pcbi.1002063,2011,2011,article,no,both,true
nw_84,10.1371/journal.pcbi.1002689,2012,2012,article,no,both,true
nw_84,10.1371/journal.pcbi.1003259,2013,2013,article,no,both,true
nw_84,10.1371/journal.pcbi.1004031,2015,2015,article,no,both,true
nw_84,10.1371/journal.pcbi.1004684,2015,2015,article,no,both,true
nw_84,10.1371/journal.pone.0027688,2011,2011,article,no,both,true
nw_84,10.1371/journal.pone.0051704,2013,2013,article,no,both,true
nw_84,10.1371/journal.pone.0054301,2013,2013,article,no,both,true
nw_84,10.1371/journal.pone.0056144,2013,2013,article,no,both,true
nw_84,10.1371/journal.pone.0061496,2013,2013,article,no,both,true
nw_84,10.1371/journal.pone.0096485,2014,2014,article,no,both,true
nw_84,10.1371/journal.pone.0098274,2014,2014,article,no,both,true
nw_84,10.1371/journal.pone.0112678,2014,2014,article,no,both,true
nw_84,10.1371/journal.pone.0124816,2015,2015,article,no,both,true
nw_84,10.1371/journal.pone.0125633,2015,2015,article,no,both,true
nw_84,10.1371/journal.pone.0126572,2015,2015,article,no,both,true
nw_84,10.1371/journal.pone.0129508,,2015,article,no,openalex_only,
nw_84,10.1371/journal.pone.0140974,2015,2015,article,no,both,true
nw_84,10.1371/journal.pone.0141254,2015,2015,article,no,both,true
nw_84,10.1515/rns.2011.044,2011,2011,article,no,both,true
nw_84,10.1523/jneurosci.0255-11.2011,2011,2011,article,no,both,true
nw_84,10.1523/jneurosci.0273-11.2011,2011,2011,article,no,both,true
nw_84,10.1523/jneurosci.0505-10.2010,2010,2010,article,no,both,true
nw_84,10.1523/jneurosci.0829-15.2015,2015,2015,article,no,both,true
nw_84,10.1523/jneurosci.1046-11.2011,2011,2011,article,no,both,true
nw_84,10.1523/jneurosci.1108-14.2014,2014,2014,article,no,both,true
nw_84,10.1523/jneurosci.1358-11.2011,2011,2011,article,no,both,true
nw_84,10.1523/jneurosci.1404-12.2013,2013,2013,article,no,both,true
nw_84,10.1523/jneurosci.1573-15.2015,2015,2015,article,no,both,true
nw_84,10.1523/jneurosci.1745-13.2013,2013,2013,article,no,both,true
nw_84,10.1523/jneurosci.2043-14.2015,2015,2015,article,no,both,true
nw_84,10.1523/jneurosci.2253-11.2011,2011,2011,article,no,both,true
nw_84,10.1523/jneurosci.2432-12.2012,2012,2012,article,no,both,true
nw_84,10.1523/jneurosci.2514-13.2013,2013,2013,article,no,both,true
nw_84,10.1523/jneurosci.2515-11.2011,2011,2011,article,no,both,true
nw_84,10.1523/jneurosci.2567-10.2010,2010,2010,article,no,both,true
nw_84,10.1523/jneurosci.2792-14.2015,2015,2015,article,no,both,true
nw_84,10.1523/jneurosci.2917-14.2015,2015,2015,article,no,both,true
nw_84,10.1523/jneurosci.2947-12.2012,2012,2012,article,no,both,true
nw_84,10.1523/jneurosci.3048-13.2013,2013,2013,article,no,both,true
nw_84,10.1523/jneurosci.3252-11.2012,2012,2012,article,no,both,true
nw_84,10.1523/jneurosci.3353-13.2014,2014,2014,article,no,both,true
nw_84,10.1523/jneurosci.3792-12.2013,2013,2013,article,no,both,true
nw_84,10.1523/jneurosci.3817-13.2014,2014,2014,article,no,both,true
nw_84,10.1523/jneurosci.4077-11.2011,2011,2011,article,no,both,true
nw_84,10.1523/jneurosci.4345-13.2014,2014,2014,article,no,both,true
nw_84,10.1523/jneurosci.4367-13.2014,2014,2014,article,no,both,true
nw_84,10.1523/jneurosci.4520-12.2013,2013,2013,article,no,both,true
nw_84,10.1523/jneurosci.4656-12.2013,2013,2013,article,no,both,true
nw_84,10.1523/jneurosci.4706-12.2013,2013,2013,article,no,both,true
nw_84,10.1523/jneurosci.4919-12.2014,2014,2014,article,no,both,true
nw_84,10.1523/jneurosci.5183-13.2014,2014,2014,article,no,both,true
nw_84,10.1523/jneurosci.5215-14.2015,2015,2015,article,no,both,true
nw_84,10.1523/jneurosci.5309-13.2014,2014,2014,article,no,both,true
nw_84,10.1523/jneurosci.6130-10.2011,2011,2011,article,no,both,true
nw_84,10.1523/jneurosci.6662-10.2011,2011,2011,article,no,both,true
nw_84,10.17760/d20000284,,2010,dissertation,no,openalex_only,
nw_84,10.17760/d20004868,,2013,dissertation,no,openalex_only,
nw_84,10.18130/v3hg3x,,2013,dissertation,no,openalex_only,
nw_84,10.20381/ruor-5047,,2011,dissertation,no,openalex_only,
nw_84,10.2147/chc.s82214,,2015,article,no,openalex_only,
nw_84,10.2147/nan.s32234,,2014,article,no,openalex_only,
nw_84,10.2200/s00636ed1v01y201503hci030,,2015,article,no,openalex_only,
nw_84,10.22215/etd/2014-10457,,2014,dissertation,no,openalex_only,
nw_84,10.24355/dbbs.084-201410291050-0,,2014,dissertation,no,openalex_only,
nw_84,10.25560/14407,,2013,article,no,openalex_only,
nw_84,10.25560/44540,,2015,dissertation,no,openalex_only,
nw_84,10.25959/23238728,,2015,dissertation,no,openalex_only,
nw_84,10.26481/dis.20121019mb,,2012,dissertation,no,openalex_only,
nw_84,10.3109/17483107.2010.532287,,2010,article,no,openalex_only,
nw_84,10.3329/jbsp.v9i1.22795,,2015,article,no,openalex_only,
nw_84,10.3339/fhhum.2015.00506,2015,,,,wos_only,
nw_84,10.3389/fnagi.2010.00150,2010,2010,article,no,both,true
nw_84,10.3389/fnagi.2015.00193,2015,2015,article,no,both,true
nw_84,10.3389/fnana.2014.00028,2014,2014,article,no,both,true
nw_84,10.3389/fnana.2014.00123,2014,2014,article,no,both,true
nw_84,10.3389/fnbeh.2013.00214,2013,2013,article,no,both,true
nw_84,10.3389/fnbeh.2015.00333,2015,2015,article,no,both,true
nw_84,10.3389/fncel.2014.00327,2014,2014,article,no,both,true
nw_84,10.3389/fncir.2015.00071,2015,2015,article,no,both,true
nw_84,10.3389/fncom.2013.00111,2013,2013,article,no,both,true
nw_84,10.3389/fnhum.2013.00887,2013,2013,article,no,both,true
nw_84,10.3389/fnhum.2014.00379,2014,2014,article,no,both,true
nw_84,10.3389/fnhum.2015.00506,,2015,article,no,openalex_only,
nw_84,10.3389/fnhum.2015.00692,2015,2015,article,no,both,true
nw_84,10.3389/fnint.2010.00015,,2010,article,no,openalex_only,
nw_84,10.3389/fnmol.2011.00050,2011,2011,article,no,both,true
nw_84,10.3389/fnmol.2013.00054,2014,2014,article,no,both,true
nw_84,10.3389/fnsys.2012.00037,,2012,article,no,openalex_only,
nw_84,10.3389/fnsys.2014.00156,,2014,article,no,openalex_only,
nw_84,10.3389/fnsys.2015.00028,2015,2015,article,no,both,true
nw_84,10.3389/fpsyg.2013.00771,2013,2013,article,no,both,true
nw_84,10.3389/fpsyg.2015.00225,2015,2015,article,no,both,true
nw_84,10.3389/neuro.09.081.2009,2010,2010,article,no,both,true
nw_84,10.3410/b2-69,,2010,article,no,openalex_only,
nw_84,10.3410/f.11848956.12950054,,2011,peer-review,no,openalex_only,
nw_84,10.3410/f.717950704.793456040,,2012,peer-review,no,openalex_only,
nw_84,10.3410/f.718185619.793489234,,2014,peer-review,no,openalex_only,
nw_84,10.3410/f.718203202.793488247,,2014,peer-review,no,openalex_only,
nw_84,10.3724/sp.j.1141.2012.05527,2012,2013,article,no,both,false
nw_84,10.3791/51238,2014,2014,article,no,both,true
nw_84,10.3791/51520,2014,2014,article,no,both,true
nw_84,10.3791/51602,2014,2014,article,no,both,true
nw_84,10.3791/53010,2015,2015,article,no,both,true
nw_84,10.4161/21659087.2014.984504,,2014,article,no,openalex_only,
nw_84,10.4161/cib.22830,,2013,article,no,openalex_only,
nw_84,10.4236/jbbs.2012.23039,,2012,article,no,openalex_only,
nw_84,10.4236/jbbs.2013.31011,,2013,article,no,openalex_only,
nw_84,10.48550/arxiv.1511.01239,,2015,preprint,no,openalex_only,
nw_84,10.5282/edoc.15524,,2013,dissertation,no,openalex_only,
nw_84,10.5451/unibas-006136875,,2013,dissertation,no,openalex_only,
nw_84,10.5665/sleep.3570,2014,2014,article,no,both,true
nw_84,10.5772/50721,,2012,book-chapter,no,openalex_only,
nw_84,10.5772/56498,,2013,book-chapter,no,openalex_only,
nw_84,10.7551/mitpress/9780262028707.001.0001,,2015,book,no,openalex_only,
nw_84,10.7554/elife.03697,2014,2014,article,no,both,true
nw_84,10.7554/elife.03896,2014,2014,article,no,both,true
nw_84,10.7554/elife.10774,,2015,article,no,openalex_only,
nw_84,10.7868/s0044467713060178,2014,,,,wos_only,
nw_97,10.1001/archgenpsychiatry.2011.137,,2011,article,no,openalex_only,
nw_97,10.1002/9780470015902.a0022503,,2011,reference-entry,no,openalex_only,
nw_97,10.1002/cne.23880,,2015,article,no,openalex_only,
nw_97,10.1002/cphy.c140079,2015,2015,other,no,both,true
nw_97,10.1002/iub.1310,,2014,article,no,openalex_only,
nw_97,10.1002/iub.539,2011,2011,article,no,both,true
nw_97,10.1002/j.2040-4603.2015.tb00661.x,,2015,article,no,openalex_only,
nw_97,10.1002/jeab.5,2013,2012,article,no,both,false
nw_97,10.1002/nbm.2907,2013,2013,article,no,both,true
nw_97,10.1002/syn.21733,2014,2014,article,no,both,true
nw_97,10.1002/wcs.1273,2014,2014,article,no,both,true
nw_97,10.1007/7657_2011_11,,2011,book-chapter,no,openalex_only,
nw_97,10.1007/7657_2011_17,,2011,book-chapter,no,openalex_only,
nw_97,10.1007/7657_2011_21,,2011,book-chapter,no,openalex_only,
nw_97,10.1007/7657_2011_23,,2011,book-chapter,no,openalex_only,
nw_97,10.1007/7854_2015_400,,2015,book-chapter,no,openalex_only,
nw_97,10.1007/978-1-4419-8390-9_12,,2011,book-chapter,no,openalex_only,
nw_97,10.1007/978-1-4614-0751-5_6,2012,2011,book-chapter,no,both,false
nw_97,10.1007/978-1-4899-8038-0_9,,2014,book-chapter,no,openalex_only,
nw_97,10.1007/978-1-4939-1167-7_15,2014,2014,book-chapter,no,both,true
nw_97,10.1007/978-1-4939-1963-5_7,2015,2014,book-chapter,no,both,false
nw_97,10.1007/978-1-4939-2236-9_8,,2015,book-chapter,no,openalex_only,
nw_97,10.1007/978-1-4939-2294-9_17,,2015,book-chapter,no,openalex_only,
nw_97,10.1007/978-1-4939-2944-3_7,2015,2015,book-chapter,no,both,true
nw_97,10.1007/978-1-61779-031-7_2,2011,2011,book-chapter,no,both,true
nw_97,10.1007/978-1-61779-031-7_3,2011,2011,book-chapter,no,both,true
nw_97,10.1007/978-1-61779-533-6_11,,2011,book-chapter,no,openalex_only,
nw_97,10.1007/978-1-62703-610-8_15,2014,2013,book-chapter,no,both,false
nw_97,10.1007/978-1-62703-785-3_11,2014,2013,book-chapter,no,both,false
nw_97,10.1007/978-3-642-19846-5_13,,2011,book-chapter,no,openalex_only,
nw_97,10.1007/978-3-642-27772-6_292-3,,2013,reference-entry,no,openalex_only,
nw_97,10.1007/978-3-642-29800-4_25,,2013,book-chapter,no,openalex_only,
nw_97,10.1007/978-3-642-30991-5_22,,2012,book-chapter,no,openalex_only,
nw_97,10.1007/978-3-7091-0932-8_21,2012,2012,book-chapter,no,both,true
nw_97,10.1007/978-4-431-54331-2_8,,2013,book-chapter,no,openalex_only,
nw_97,10.1007/978-90-481-3215-7_5,2010,,,,wos_only,
nw_97,10.1007/s00213-010-1836-5,2010,2010,article,no,both,true
nw_97,10.1007/s00213-013-3328-x,2014,2013,article,no,both,false
nw_97,10.1007/s00221-009-2060-6,2010,2009,article,no,both,false
nw_97,10.1007/s00429-010-0280-y,2010,2010,article,no,both,true
nw_97,10.1007/s00429-014-0985-4,,2015,article,no,openalex_only,
nw_97,10.1007/s00429-015-0997-8,,2015,article,no,openalex_only,
nw_97,10.1007/s00438-011-0663-7,2012,2011,article,no,both,false
nw_97,10.1007/s00439-011-1129-z,2012,2011,article,no,both,false
nw_97,10.1007/s00441-013-1651-5,2013,2013,article,no,both,true
nw_97,10.1007/s00701-014-2062-4,2014,2014,article,no,both,true
nw_97,10.1007/s00702-013-1096-8,2014,2013,article,no,both,false
nw_97,10.1007/s12035-012-8361-y,2013,2012,article,no,both,false
nw_97,10.1007/s12264-012-1246-2,2012,2012,article,no,both,true
nw_97,10.1007/s12264-012-1250-6,2012,2012,article,no,both,true
nw_97,10.1007/s12662-012-0230-3,,2012,article,no,openalex_only,
nw_97,10.1007/s13534-011-0039-2,,2011,article,no,openalex_only,
nw_97,10.1007/s40501-015-0056-3,,2015,article,no,openalex_only,
nw_97,10.1016/b978-0-08-097086-8.55060-0,,2015,reference-entry,no,openalex_only,
nw_97,10.1016/b978-0-12-369497-3.10002-0,2012,2011,book-chapter,no,both,false
nw_97,10.1016/b978-0-12-374849-2.00010-0,,2010,book-chapter,no,openalex_only,
nw_97,10.1016/b978-0-12-397025-1.00059-2,,2015,book-chapter,no,openalex_only,
nw_97,10.1016/b978-0-12-397920-9.00001-9,2014,2014,book-chapter,no,both,true
nw_97,10.1016/b978-0-12-398451-7.00017-8,2014,2014,book-chapter,no,both,true
nw_97,10.1016/b978-0-12-416008-8.00006-1,,2013,book-chapter,no,openalex_only,
nw_97,10.1016/b978-0-12-416008-8.00015-2,,2013,book-chapter,no,openalex_only,
nw_97,10.1016/b978-0-12-416008-8.00016-4,,2013,book-chapter,no,openalex_only,
nw_97,10.1016/b978-0-12-416008-8.00018-8,,2013,book-chapter,no,openalex_only,
nw_97,10.1016/b978-0-12-417042-1.00007-3,,2015,book-chapter,no,openalex_only,
nw_97,10.1016/b978-0-12-420170-5.00012-x,2014,2014,book-chapter,no,both,true
nw_97,10.1016/b978-0-12-800511-8.00011-3,,2015,book-chapter,no,openalex_only,
nw_97,10.1016/b978-0-444-59426-6.00004-5,2012,2012,book-chapter,no,both,true
nw_97,10.1016/b978-0-444-59426-6.00007-0,2012,2012,book-chapter,no,both,true
nw_97,10.1016/b978-0-444-63425-2.00003-9,2014,2014,book-chapter,no,both,true
nw_97,10.1016/bs.irn.2015.10.004,,2015,book-chapter,no,openalex_only,
nw_97,10.1016/bs.pbr.2015.03.002,2015,2015,book-chapter,no,both,true
nw_97,10.1016/bs.pmbts.2015.10.002,,2015,book-chapter,no,openalex_only,
nw_97,10.1016/j.bbr.2012.07.042,2012,2012,article,no,both,true
nw_97,10.1016/j.bbr.2013.02.037,2013,2013,article,no,both,true
nw_97,10.1016/j.bbr.2013.04.018,2013,2013,article,no,both,true
nw_97,10.1016/j.bbr.2013.05.007,2013,2013,article,no,both,true
nw_97,10.1016/j.bbr.2014.08.001,2015,2014,article,no,both,false
nw_97,10.1016/j.bbr.2014.09.036,2015,2014,article,no,both,false
nw_97,10.1016/j.bbr.2014.10.021,2015,2014,article,no,both,false
nw_97,10.1016/j.bbr.2014.11.031,2015,2014,article,no,both,false
nw_97,10.1016/j.bbr.2015.04.002,2015,2015,article,no,both,true
nw_97,10.1016/j.bbr.2015.04.018,2015,2015,article,no,both,true
nw_97,10.1016/j.bbr.2015.08.006,2015,2015,article,no,both,true
nw_97,10.1016/j.bcp.2013.06.015,2013,2013,article,no,both,true
nw_97,10.1016/j.bcp.2015.07.014,2015,2015,article,no,both,true
nw_97,10.1016/j.biomaterials.2011.09.083,2012,2011,article,no,both,false
nw_97,10.1016/j.biopsych.2009.11.006,2010,2009,article,no,both,false
nw_97,10.1016/j.biopsych.2011.01.013,2011,2011,article,no,both,true
nw_97,10.1016/j.biopsych.2011.11.010,2012,2011,article,no,both,false
nw_97,10.1016/j.biopsych.2011.12.021,2012,2012,article,no,both,true
nw_97,10.1016/j.biopsych.2011.12.026,2012,2012,article,no,both,true
nw_97,10.1016/j.biopsych.2012.01.024,2012,2012,article,no,both,true
nw_97,10.1016/j.biopsych.2012.02.019,2012,2012,article,no,both,true
nw_97,10.1016/j.biopsych.2012.09.019,2013,2012,article,no,both,false
nw_97,10.1016/j.biopsych.2015.07.018,,2015,article,no,openalex_only,
nw_97,10.1016/j.biopsych.2015.12.009,,2015,article,no,openalex_only,
nw_97,10.1016/j.bpj.2008.12.1888,,2009,article,yes,openalex_only,
nw_97,10.1016/j.brainres.2009.11.054,2010,2009,article,no,both,false
nw_97,10.1016/j.brainres.2011.06.008,2011,2011,article,no,both,true
nw_97,10.1016/j.brainres.2012.09.036,2013,2012,article,no,both,false
nw_97,10.1016/j.brainres.2012.11.001,2013,2012,article,no,both,false
nw_97,10.1016/j.brs.2010.09.009,2011,2010,article,no,both,false
nw_97,10.1016/j.cell.2010.02.037,2010,2010,article,no,both,true
nw_97,10.1016/j.cell.2014.05.017,2014,2014,article,no,both,true
nw_97,10.1016/j.cell.2015.06.058,2015,2015,article,no,both,true
nw_97,10.1016/j.cell.2015.07.015,2015,2015,article,no,both,true
nw_97,10.1016/j.celrep.2014.06.042,2014,2014,article,no,both,true
nw_97,10.1016/j.clinph.2010.12.039,,2011,article,no,openalex_only,
nw_97,10.1016/j.cobeha.2015.09.006,,2015,review,no,openalex_only,
nw_97,10.1016/j.conb.2010.01.007,2010,2010,review,no,both,true
nw_97,10.1016/j.conb.2010.05.003,2010,2010,review,no,both,true
nw_97,10.1016/j.conb.2010.09.006,2010,2010,review,no,both,true
nw_97,10.1016/j.conb.2011.02.010,2011,2011,review,no,both,true
nw_97,10.1016/j.conb.2011.05.010,2011,2011,review,no,both,true
nw_97,10.1016/j.conb.2012.06.004,2012,2012,review,no,both,true
nw_97,10.1016/j.conb.2012.08.003,2012,2012,review,no,both,true
nw_97,10.1016/j.conb.2012.11.012,2013,2012,review,no,both,false
nw_97,10.1016/j.conb.2013.01.010,2013,2013,review,no,both,true
nw_97,10.1016/j.conb.2013.01.028,2013,2013,review,no,both,true
nw_97,10.1016/j.conb.2013.03.007,2013,2013,review,no,both,true
nw_97,10.1016/j.conb.2014.07.006,2014,2014,review,no,both,true
nw_97,10.1016/j.concog.2012.07.001,2013,2012,article,no,both,false
nw_97,10.1016/j.cub.2010.08.053,2010,2010,article,no,both,true
nw_97,10.1016/j.cub.2012.07.023,2012,2012,article,no,both,true
nw_97,10.1016/j.cub.2013.09.041,2013,2013,article,no,both,true
nw_97,10.1016/j.cub.2013.10.061,2014,2013,article,no,both,false
nw_97,10.1016/j.cub.2013.11.042,2014,2014,article,no,both,true
nw_97,10.1016/j.cub.2014.01.057,,2014,article,no,openalex_only,
nw_97,10.1016/j.cub.2014.04.044,2014,2014,article,no,both,true
nw_97,10.1016/j.cub.2014.07.024,,2014,article,no,openalex_only,
nw_97,10.1016/j.cub.2014.12.002,2015,2015,article,no,both,true
nw_97,10.1016/j.cub.2014.12.033,2015,2015,article,no,both,true
nw_97,10.1016/j.cub.2015.01.001,2015,2015,article,no,both,true
nw_97,10.1016/j.ijdevneu.2015.05.002,2015,2015,article,no,both,true
nw_97,10.1016/j.jmp.2013.08.003,2014,2013,article,no,both,false
nw_97,10.1016/j.jneumeth.2013.01.024,2013,2013,article,no,both,true
nw_97,10.1016/j.jneumeth.2014.02.013,2014,2014,article,no,both,true
nw_97,10.1016/j.jneumeth.2014.12.002,2015,2014,article,no,both,false
nw_97,10.1016/j.jphysparis.2011.09.005,2012,2011,article,no,both,false
nw_97,10.1016/j.mcn.2010.06.016,2010,2010,article,no,both,true
nw_97,10.1016/j.mcn.2010.09.011,2011,2010,article,no,both,false
nw_97,10.1016/j.mei.2015.07.004,,2015,article,no,openalex_only,
nw_97,10.1016/j.metabol.2014.07.004,2015,2014,article,no,both,false
nw_97,10.1016/j.molmed.2010.12.005,2011,2011,review,no,both,true
nw_97,10.1016/j.molmet.2013.10.007,,2013,article,no,openalex_only,
nw_97,10.1016/j.nec.2013.08.003,2014,2013,article,no,both,false
nw_97,10.1016/j.neubiorev.2013.10.013,2014,2013,article,no,both,false
nw_97,10.1016/j.neubiorev.2014.11.014,2015,2014,article,no,both,false
nw_97,10.1016/j.neubiorev.2015.06.016,2015,2015,article,no,both,true
nw_97,10.1016/j.neuint.2013.10.016,2014,2013,article,no,both,false
nw_97,10.1016/j.neuint.2014.07.006,2014,2014,article,no,both,true
nw_97,10.1016/j.neunet.2011.02.006,2011,2011,article,no,both,true
nw_97,10.1016/j.neuroimage.2009.11.075,2010,2009,article,no,both,false
nw_97,10.1016/j.neuron.2010.05.011,2010,2010,article,no,both,true
nw_97,10.1016/j.neuron.2010.11.022,2010,2010,article,no,both,true
nw_97,10.1016/j.neuron.2011.02.014,2011,2011,article,no,both,true
nw_97,10.1016/j.neuron.2011.04.026,2011,2011,article,no,both,true
nw_97,10.1016/j.neuron.2011.05.036,2011,2011,article,no,both,true
nw_97,10.1016/j.neuron.2011.06.004,2011,2011,article,no,both,true
nw_97,10.1016/j.neuron.2011.07.004,2011,2011,article,no,both,true
nw_97,10.1016/j.neuron.2011.10.028,2011,2011,article,no,both,true
nw_97,10.1016/j.neuron.2012.02.016,2012,2012,article,no,both,true
nw_97,10.1016/j.neuron.2012.04.038,2012,2012,article,no,both,true
nw_97,10.1016/j.neuron.2013.02.018,2013,2013,article,no,both,true
nw_97,10.1016/j.neuron.2013.08.023,2013,2013,article,no,both,true
nw_97,10.1016/j.neuron.2013.12.027,2014,2014,article,no,both,true
nw_97,10.1016/j.neuron.2014.03.011,2014,2014,article,no,both,true
nw_97,10.1016/j.neuron.2014.12.034,2015,2015,article,no,both,true
nw_97,10.1016/j.neuron.2014.12.036,2015,2015,article,no,both,true
nw_97,10.1016/j.neuron.2015.03.034,2015,2015,article,no,both,true
nw_97,10.1016/j.neuron.2015.08.028,,2015,article,no,openalex_only,
nw_97,10.1016/j.neuron.2015.08.037,2015,2015,article,no,both,true
nw_97,10.1016/j.neuron.2015.10.017,2015,2015,article,no,both,true
nw_97,10.1016/j.neuropharm.2009.07.026,,2009,article,no,openalex_only,
nw_97,10.1016/j.neuropharm.2010.06.004,2010,2010,article,no,both,true
nw_97,10.1016/j.neuropharm.2011.09.009,2012,2011,article,no,both,false
nw_97,10.1016/j.neuropharm.2013.03.019,2014,2013,article,no,both,false
nw_97,10.1016/j.neuropharm.2013.04.031,2014,2013,article,no,both,false
nw_97,10.1016/j.neuropharm.2013.08.028,2014,2013,article,no,both,false
nw_97,10.1016/j.neuropharm.2014.01.019,2014,2014,article,no,both,true
nw_97,10.1016/j.neuroscience.2009.08.057,2009,2009,article,no,both,true
nw_97,10.1016/j.neuroscience.2010.02.004,2010,2010,article,no,both,true
nw_97,10.1016/j.neuroscience.2011.08.023,2011,2011,article,no,both,true
nw_97,10.1016/j.neuroscience.2011.08.066,2011,2011,article,no,both,true
nw_97,10.1016/j.neuroscience.2011.09.069,2011,2011,article,no,both,true
nw_97,10.1016/j.neuroscience.2011.10.047,2012,2011,article,no,both,false
nw_97,10.1016/j.neuroscience.2012.10.064,2013,2012,article,no,both,false
nw_97,10.1016/j.neuroscience.2014.04.026,2014,2014,article,no,both,true
nw_97,10.1016/j.neuroscience.2014.05.040,2014,2014,article,no,both,true
nw_97,10.1016/j.neuroscience.2014.06.006,2014,2014,article,no,both,true
nw_97,10.1016/j.neuroscience.2014.07.032,2014,2014,article,no,both,true
nw_97,10.1016/j.neuroscience.2014.07.034,2014,2014,article,no,both,true
nw_97,10.1016/j.nlm.2014.04.014,2015,2014,article,no,both,false
nw_97,10.1016/j.pbb.2014.04.002,2014,2014,article,no,both,true
nw_97,10.1016/j.pharep.2015.08.007,2016,2015,article,no,both,false
nw_97,10.1016/j.physbeh.2011.04.051,2011,2011,article,no,both,true
nw_97,10.1016/j.physbeh.2015.05.003,2015,2015,article,no,both,true
nw_97,10.1016/j.pnpbp.2014.02.002,2014,2014,article,no,both,true
nw_97,10.1016/j.pnpbp.2015.04.004,2016,2015,article,no,both,false
nw_97,10.1016/j.pnpbp.2015.11.004,2016,2015,article,no,both,false
nw_97,10.1016/j.schres.2015.06.019,2015,2015,article,no,both,true
nw_97,10.1016/j.smrv.2010.12.003,2011,2011,article,no,both,true
nw_97,10.1016/j.spjpm.2015.12.001,,2015,article,no,openalex_only,
nw_97,10.1016/j.tem.2012.02.009,2012,2012,review,no,both,true
nw_97,10.1016/j.tics.2011.02.002,2011,2011,review,no,both,true
nw_97,10.1016/j.tics.2011.10.003,2011,2011,review,no,both,true
nw_97,10.1016/j.tins.2009.06.005,2009,2009,review,no,both,true
nw_97,10.1016/j.tins.2011.07.006,2011,2011,review,no,both,true
nw_97,10.1016/j.tins.2012.02.003,2012,2012,review,no,both,true
nw_97,10.1016/j.tins.2013.03.003,2013,2013,review,no,both,true
nw_97,10.1016/j.tins.2014.02.002,2014,2014,review,no,both,true
nw_97,10.1016/j.tins.2014.06.002,2014,2014,review,no,both,true
nw_97,10.1016/j.tins.2015.01.002,2015,2015,review,no,both,true
nw_97,10.1016/j.tins.2015.04.005,2015,2015,review,no,both,true
nw_97,10.1016/j.tins.2015.09.003,2015,2015,review,no,both,true
nw_97,10.1016/j.yfrne.2009.10.004,2010,2009,article,no,both,false
nw_97,10.1016/s0074-7742(09)89001-6,2009,2009,book-chapter,yes,both,true
nw_97,10.1017/cbo9781139649469.006,,2013,book-chapter,no,openalex_only,
nw_97,10.1017/cbo9781139649469.009,,2013,book-chapter,no,openalex_only,
nw_97,10.1017/s0029665112000614,2012,2012,article,no,both,true
nw_97,10.1017/s1461145713001570,2014,2014,article,no,both,true
nw_97,10.1021/ac301670h,2012,2012,article,no,both,true
nw_97,10.1021/cb4006722,2014,2013,article,no,both,false
nw_97,10.1021/cn500044b,2014,2014,article,no,both,true
nw_97,10.1037/a0036299,2014,2014,article,no,both,true
nw_97,10.1038/mp.2012.83,2013,2012,article,no,both,false
nw_97,10.1038/mp.2014.167,2015,2015,article,no,both,true
nw_97,10.1038/nature08539,2009,2009,article,no,both,true
nw_97,10.1038/nature08540,2009,2009,article,no,both,true
nw_97,10.1038/nature09263,,2010,article,no,openalex_only,
nw_97,10.1038/nature10194,2011,2011,article,no,both,true
nw_97,10.1038/nature10754,2012,2012,article,no,both,true
nw_97,10.1038/nature11160,2012,2012,article,no,both,true
nw_97,10.1038/nature11527,2012,2012,article,no,both,true
nw_97,10.1038/nature11713,2013,2012,article,no,both,false
nw_97,10.1038/nature11740,2013,2012,article,no,both,false
nw_97,10.1038/nature12982,2014,2014,article,no,both,true
nw_97,10.1038/nature14416,2015,2015,article,no,both,true
nw_97,10.1038/ncomms7770,2015,2015,article,no,both,true
nw_97,10.1038/news.2009.1005,,2009,article,no,openalex_only,
nw_97,10.1038/news.2009.1016,,2009,article,no,openalex_only,
nw_97,10.1038/nmeth.1668,2011,2011,article,no,both,true
nw_97,10.1038/nmeth.1808,2012,2011,article,no,both,false
nw_97,10.1038/nmeth.2996,2014,2014,article,no,both,true
nw_97,10.1038/nmeth.3151,2014,2014,article,no,both,true
nw_97,10.1038/nmeth.f.324,2011,2010,article,no,both,false
nw_97,10.1038/nmeth.f.325,2011,2010,article,no,both,false
nw_97,10.1038/nn.2495,2010,2010,article,no,both,true
nw_97,10.1038/nn.2682,2010,2010,article,no,both,true
nw_97,10.1038/nn.2723,2011,2011,article,no,both,true
nw_97,10.1038/nn.2739,2011,2011,article,no,both,true
nw_97,10.1038/nn.2749,2011,2011,article,no,both,true
nw_97,10.1038/nn.2977,2011,2011,article,no,both,true
nw_97,10.1038/nn.2992,2012,2011,article,no,both,false
nw_97,10.1038/nn.3003,,2011,article,no,openalex_only,
nw_97,10.1038/nn.3048,2012,2012,article,no,both,true
nw_97,10.1038/nn.3321,2013,2013,article,no,both,true
nw_97,10.1038/nn.3413,2013,2013,article,no,both,true
nw_97,10.1038/nn.3448,,2013,article,no,openalex_only,
nw_97,10.1038/nn.3504,2013,2013,article,no,both,true
nw_97,10.1038/nn.3522,2013,2013,article,no,both,true
nw_97,10.1038/nn.3544,2013,2013,article,no,both,true
nw_97,10.1038/nn.3591,2014,2013,article,no,both,false
nw_97,10.1038/nn.3760,,2014,article,no,openalex_only,
nw_97,10.1038/nn.3843,2014,2014,article,no,both,true
nw_97,10.1038/nn.4091,,2015,article,no,openalex_only,
nw_97,10.1038/nn.4191,2016,2015,article,no,both,false
nw_97,10.1038/nnano.2010.125,2010,2010,article,no,both,true
nw_97,10.1038/npp.2009.102,2010,2009,article,no,both,false
nw_97,10.1038/npp.2010.121,2011,2010,article,no,both,false
nw_97,10.1038/npp.2010.151,2011,2010,article,no,both,false
nw_97,10.1038/npp.2010.96,2011,2010,article,no,both,false
nw_97,10.1038/npp.2013.206,2013,2013,article,no,both,true
nw_97,10.1038/npp.2015.220,2016,2015,article,no,both,false
nw_97,10.1038/npp.2015.358,,2015,article,no,openalex_only,
nw_97,10.1038/nprot.2009.226,2010,2010,article,no,both,true
nw_97,10.1038/nprot.2009.228,2010,2010,article,no,both,true
nw_97,10.1038/nprot.2011.413,2012,2011,article,no,both,false
nw_97,10.1038/nrm3837,2014,2014,review,no,both,true
nw_97,10.1038/nrn3171,2012,2012,review,no,both,true
nw_97,10.1038/nrn3293,2012,2012,review,no,both,true
nw_97,10.1038/nrn3381,2013,2013,review,no,both,true
nw_97,10.1038/srep12474,2015,2015,article,no,both,true
nw_97,10.1039/c3mb25590e,2013,2013,article,no,both,true
nw_97,10.1051/medsci/2013295010,2013,2013,article,no,both,true
nw_97,10.1055/s-0030-1248300,2010,,,,wos_only,
nw_97,10.1073/pnas.1002418107,2010,2010,article,no,both,true
nw_97,10.1073/pnas.1006620107,2010,2010,article,no,both,true
nw_97,10.1073/pnas.1011756107,2010,2010,article,no,both,true
nw_97,10.1073/pnas.1103000108,2011,2011,article,no,both,true
nw_97,10.1073/pnas.1220358110,2013,2012,article,no,both,false
nw_97,10.1073/pnas.1321596111,2014,2014,article,no,both,true
nw_97,10.1073/pnas.1408269111,2014,2014,article,no,both,true
nw_97,10.1073/pnas.1502742112,2015,2015,article,no,both,true
nw_97,10.1073/pnas.1503911112,2015,2015,article,no,both,true
nw_97,10.1074/jbc.m110.177600,2010,2010,article,no,both,true
nw_97,10.1080/21507740.2014.911213,,2014,article,no,openalex_only,
nw_97,10.1089/hum.2010.204,2011,2011,article,no,both,true
nw_97,10.1093/acprof:oso/9780199600434.003.0013,,2011,book-chapter,no,openalex_only,
nw_97,10.1093/biohorizons/hzr020,,2012,article,no,openalex_only,
nw_97,10.1093/cercor/bht063,2014,2013,article,no,both,false
nw_97,10.1093/hmg/ddu225,2014,2014,article,no,both,true
nw_97,10.1093/ijnp/pyv079,2015,2015,article,no,both,true
nw_97,10.1093/jmcb/mjp010,2009,2009,article,no,both,true
nw_97,10.1093/ntr/nts091,2012,2012,article,no,both,true
nw_97,10.1097/wnr.0b013e3283360bc3,,2010,article,no,openalex_only,
nw_97,10.1098/rstb.2014.0206,2015,2015,article,no,both,true
nw_97,10.1098/rstb.2014.0210,2015,2015,article,no,both,true
nw_97,10.1101/012062,,2014,preprint,no,openalex_only,
nw_97,10.1101/cshperspect.a011924,2012,2012,preprint,no,both,true
nw_97,10.1101/cshperspect.a021709,2015,2015,preprint,no,both,true
nw_97,10.1101/lm.025049.111,2012,2012,preprint,no,both,true
nw_97,10.1101/lm.031237.113,2013,2013,preprint,no,both,true
nw_97,10.1101/lm.034199.113,2014,2014,preprint,no,both,true
nw_97,10.1101/pdb.top081794,,2014,preprint,no,openalex_only,
nw_97,10.1101/pdb.top083329,,2014,preprint,no,openalex_only,
nw_97,10.1101/pdb.top086330,,2015,preprint,no,openalex_only,
nw_97,10.1101/sqb.2014.79.024711,,2014,preprint,no,openalex_only,
nw_97,10.1109/embc.2013.6609965,,2013,conference-paper,no,openalex_only,
nw_97,10.1109/spmb.2011.6120104,,2011,conference-paper,no,openalex_only,
nw_97,10.1109/tnsre.2015.2391282,2015,2015,article,no,both,true
nw_97,10.1111/boc.201200087,2013,2013,article,no,both,true
nw_97,10.1111/bph.12639,2015,2014,article,no,both,false
nw_97,10.1111/ejn.12490,2014,2014,article,no,both,true
nw_97,10.1111/gbb.12049,2014,2013,article,no,both,false
nw_97,10.1111/j.1360-0443.2009.02793.x,,2010,article,no,openalex_only,
nw_97,10.1111/j.1369-1600.2011.00386.x,2011,2011,article,no,both,true
nw_97,10.1111/j.1460-9568.2011.07914.x,2011,2011,article,no,both,true
nw_97,10.1111/j.1460-9568.2012.08043.x,2012,2012,article,no,both,true
nw_97,10.1111/j.1460-9568.2012.08055.x,2012,2012,article,no,both,true
nw_97,10.1111/j.1460-9568.2012.08191.x,2012,2012,article,no,both,true
nw_97,10.1111/j.1460-9568.2012.08255.x,2012,2012,article,no,both,true
nw_97,10.1111/j.1471-4159.2010.06850.x,2010,2010,article,no,both,true
nw_97,10.1111/j.1471-4159.2012.07677.x,2012,2012,article,no,both,true
nw_97,10.1111/j.1749-6632.2011.06368.x,2012,2012,article,no,both,true
nw_97,10.1111/j.1749-6632.2012.06669.x,2012,2012,article,no,both,true
nw_97,10.1111/j.1755-5949.2010.00143.x,2010,2010,article,no,both,true
nw_97,10.1111/jnc.13177,2015,2015,article,no,both,true
nw_97,10.1111/jne.12342,,2015,article,no,openalex_only,
nw_97,10.1111/obr.12303,2015,2015,article,no,both,true
nw_97,10.1113/jphysiol.2013.252197,2013,2013,article,no,both,true
nw_97,10.1117/1.nph.2.3.031207,2015,2015,article,no,both,true
nw_97,10.1124/mol.111.076661,2012,2012,article,no,both,true
nw_97,10.1124/pr.110.003020,2011,2011,article,no,both,true
nw_97,10.1124/pr.111.005611,2013,2013,article,no,both,true
nw_97,10.1126/science.1193771,2010,2010,article,no,both,true
nw_97,10.1126/science.1207675,,2011,article,no,openalex_only,
nw_97,10.1126/science.1222265,2012,2012,article,no,both,true
nw_97,10.1126/science.1232437,2013,2013,article,no,both,true
nw_97,10.1126/science.1234733,2013,2013,article,no,both,true
nw_97,10.1126/science.1249240,2014,2014,article,no,both,true
nw_97,10.1126/science.1250469,2014,2014,article,no,both,true
nw_97,10.1126/science.aac9698,2016,2015,article,no,both,false
nw_97,10.1126/science.aad9698,2016,2015,editorial,no,both,false
nw_97,10.1142/9789814338998_0021,,2012,book-chapter,no,openalex_only,
nw_97,10.1142/9789814619776_0009,,2014,book-chapter,no,openalex_only,
nw_97,10.1142/9789814619776_0013,,2014,book-chapter,no,openalex_only,
nw_97,10.1146/annurev-bioeng-071813-104733,2014,2014,review,no,both,true
nw_97,10.1146/annurev-cellbio-100109-104051,2011,2011,review,no,both,true
nw_97,10.1146/annurev-neuro-061010-113817,2011,2011,review,no,both,true
nw_97,10.1146/annurev.biophys.050708.133652,2010,2010,review,no,both,true
nw_97,10.1146/annurev.biophys.093008.131400,2010,2010,review,no,both,true
nw_97,10.1152/jn.00118.2013,2013,2013,article,no,both,true
nw_97,10.1152/jn.00480.2009,2009,2009,article,no,both,true
nw_97,10.1152/jn.00758.2014,2015,2015,article,no,both,true
nw_97,10.1152/jn.00870.2011,2012,2012,article,no,both,true
nw_97,10.1152/physiol.00004.2012,2012,2012,article,no,both,true
nw_97,10.1152/physrev.00023.2014,2015,2015,review,no,both,true
nw_97,10.1155/2013/604847,,2013,article,no,openalex_only,
nw_97,10.1155/2014/687469,2014,2014,article,no,both,true
nw_97,10.1155/2014/895039,2014,2014,article,no,both,true
nw_97,10.1155/2015/814567,2015,2015,article,no,both,true
nw_97,10.1159/000341999,2013,2012,article,no,both,false
nw_97,10.11606/t.42.2014.tde-10072014-150809,,2014,dissertation,no,openalex_only,
nw_97,10.1176/appi.ajp.2009.10030434,2010,2010,article,no,both,true
nw_97,10.1177/1043986212450226,2012,2012,article,no,both,true
nw_97,10.1184/r1/6715358,,2015,dissertation,no,openalex_only,
nw_97,10.1186/1744-9081-6-24,2010,2010,article,no,both,true
nw_97,10.1186/1866-1955-4-19,2012,2012,article,no,both,true
nw_97,10.1201/b11284-10,,2011,book-chapter,no,openalex_only,
nw_97,10.1201/b13019-5,,2012,book-chapter,no,openalex_only,
nw_97,10.1212/wnl.0000000000002137,2015,2015,article,no,both,true
nw_97,10.1227/01.neu.0000467163.44160.7d,,2015,article,no,openalex_only,
nw_97,10.13028/174w-zb21,,2011,article,no,openalex_only,
nw_97,10.13028/m2730b,,2015,article,no,openalex_only,
nw_97,10.13028/m2vp49,,2015,article,no,openalex_only,
nw_97,10.13070/mm.en.3.194,,2013,article,no,openalex_only,
nw_97,10.1358/dot.2011.47.1.1543306,2011,2011,article,no,both,true
nw_97,10.1371/journal.pbio.1002034,2015,2015,article,no,both,true
nw_97,10.1371/journal.pone.0012141,2010,2010,article,no,both,true
nw_97,10.1371/journal.pone.0013761,2010,2010,article,no,both,true
nw_97,10.1371/journal.pone.0015081,2010,2010,article,no,both,true
nw_97,10.1371/journal.pone.0015870,2010,2010,article,no,both,true
nw_97,10.1371/journal.pone.0019155,2011,2011,article,no,both,true
nw_97,10.1371/journal.pone.0020360,2011,2011,article,no,both,true
nw_97,10.1371/journal.pone.0033612,2012,2012,article,no,both,true
nw_97,10.1371/journal.pone.0065799,2013,2013,article,no,both,true
nw_97,10.1371/journal.pone.0066122,2013,2013,article,no,both,true
nw_97,10.1371/journal.pone.0072691,2013,2013,article,no,both,true
nw_97,10.1371/journal.pone.0089293,2014,2014,article,no,both,true
nw_97,10.1371/journal.pone.0090578,2014,2014,article,no,both,true
nw_97,10.1371/journal.pone.0094771,2014,2014,article,no,both,true
nw_97,10.1371/journal.pone.0105589,2014,2014,article,no,both,true
nw_97,10.1371/journal.pone.0144760,2015,2015,article,no,both,true
nw_97,10.14704/nq.2014.12.2.754,,2014,article,no,openalex_only,
nw_97,10.1503/jpn.110175,2012,2011,editorial,no,both,false
nw_97,10.1515/revneuro-2012-0068,2013,2013,article,no,both,true
nw_97,10.1515/revneuro-2012-0076,2012,,,,wos_only,
nw_97,10.15197/sabad.2.4.07,,2014,article,no,openalex_only,
nw_97,10.1523/eneuro.0040-14.2015,,2015,article,no,openalex_only,
nw_97,10.1523/jneurosci.0235-13.2014,2014,2014,article,no,both,true
nw_97,10.1523/jneurosci.0265-10.2010,2010,2010,article,no,both,true
nw_97,10.1523/jneurosci.1114-14.2014,2014,2014,article,no,both,true
nw_97,10.1523/jneurosci.1205-09.2009,2009,2009,article,no,both,true
nw_97,10.1523/jneurosci.1674-15.2015,2015,2015,article,no,both,true
nw_97,10.1523/jneurosci.1703-13.2014,2014,2014,article,no,both,true
nw_97,10.1523/jneurosci.1731-10.2010,2010,2010,article,no,both,true
nw_97,10.1523/jneurosci.1754-10.2010,2010,2010,article,no,both,true
nw_97,10.1523/jneurosci.1875-13.2013,2013,2013,article,no,both,true
nw_97,10.1523/jneurosci.1894-10.2010,2010,2010,article,no,both,true
nw_97,10.1523/jneurosci.2056-10.2010,2010,2010,article,no,both,true
nw_97,10.1523/jneurosci.2129-12.2012,2012,2012,article,no,both,true
nw_97,10.1523/jneurosci.2136-12.2013,2013,2013,article,no,both,true
nw_97,10.1523/jneurosci.2144-14.2014,2014,2014,article,no,both,true
nw_97,10.1523/jneurosci.2246-11.2011,2011,2011,article,no,both,true
nw_97,10.1523/jneurosci.2277-15.2015,2015,2015,article,no,both,true
nw_97,10.1523/jneurosci.2412-13.2013,2013,2013,article,no,both,true
nw_97,10.1523/jneurosci.2950-09.2009,2009,2009,article,no,both,true
nw_97,10.1523/jneurosci.3128-12.2012,2012,2012,article,no,both,true
nw_97,10.1523/jneurosci.3406-13.2013,2013,2013,article,no,both,true
nw_97,10.1523/jneurosci.3428-15.2015,2015,2015,article,no,both,true
nw_97,10.1523/jneurosci.3460-13.2014,2014,2014,article,no,both,true
nw_97,10.1523/jneurosci.3607-12.2013,2013,2013,article,no,both,true
nw_97,10.1523/jneurosci.3793-11.2011,2011,2011,article,no,both,true
nw_97,10.1523/jneurosci.3833-10.2011,2011,2011,article,no,both,true
nw_97,10.1523/jneurosci.4053-09.2009,2009,2009,article,no,both,true
nw_97,10.1523/jneurosci.4404-13.2014,2014,2014,article,no,both,true
nw_97,10.1523/jneurosci.4453-14.2015,2015,2015,article,no,both,true
nw_97,10.1523/jneurosci.4697-11.2012,2012,2012,article,no,both,true
nw_97,10.1523/jneurosci.4924-11.2011,2011,2011,article,no,both,true
nw_97,10.1523/jneurosci.5445-13.2014,2014,2014,article,no,both,true
nw_97,10.1523/jneurosci.6144-10.2011,2011,2011,article,no,both,true
nw_97,10.1523/jneurosci.6486-10.2011,2011,2011,article,no,both,true
nw_97,10.17169/refubium-6654,,2012,dissertation,no,openalex_only,
nw_97,10.17711/sm.0185-3325.2015.041,2015,2015,article,no,both,true
nw_97,10.2147/oaap.s42339,,2014,article,no,openalex_only,
nw_97,10.21769/bioprotoc.118,,2011,article,no,openalex_only,
nw_97,10.2478/optog-2013-0001,,2013,article,no,openalex_only,
nw_97,10.2502/janip.62.2.5,,2012,article,no,openalex_only,
nw_97,10.2530/jslsm.34.394,,2014,article,no,openalex_only,
nw_97,10.26053/0h-c2vz-1e00,,2013,article,no,openalex_only,
nw_97,10.26686/wgtn.22756706,,2013,dissertation,no,openalex_only,
nw_97,10.2741/4085,2013,2012,article,no,both,false
nw_97,10.30882/1852.4206.v4.n2.5168,,2012,article,no,openalex_only,
nw_97,10.3109/02688697.2010.520764,2010,2010,article,no,both,true
nw_97,10.32348/1852.4206.v4.n2.5174,,2012,article,no,openalex_only,
nw_97,10.3389/fnana.2010.00150,2010,2010,article,no,both,true
nw_97,10.3389/fnbeh.2012.00031,2012,2012,article,no,both,true
nw_97,10.3389/fnbeh.2012.00082,2012,2012,article,no,both,true
nw_97,10.3389/fnbeh.2013.00043,2013,2013,article,no,both,true
nw_97,10.3389/fnbeh.2013.00169,2013,2013,article,no,both,true
nw_97,10.3389/fnbeh.2013.00173,2013,2013,article,no,both,true
nw_97,10.3389/fnbeh.2014.00057,2014,2014,article,no,both,true
nw_97,10.3389/fnbeh.2014.00111,2014,2014,article,no,both,true
nw_97,10.3389/fnbeh.2014.00139,2014,2014,article,no,both,true
nw_97,10.3389/fnbeh.2014.00155,2014,2014,article,no,both,true
nw_97,10.3389/fnbeh.2014.00170,2014,2014,article,no,both,true
nw_97,10.3389/fnbeh.2015.00166,2015,2015,article,no,both,true
nw_97,10.3389/fnbeh.2015.00331,2015,2015,article,no,both,true
nw_97,10.3389/fncir.2013.00160,2013,2013,article,no,both,true
nw_97,10.3389/fncir.2014.00114,2014,2014,article,no,both,true
nw_97,10.3389/fncom.2015.00136,2015,2015,article,no,both,true
nw_97,10.3389/fnhum.2014.00655,2014,2014,article,no,both,true
nw_97,10.3389/fnins.2011.00121,2011,2011,article,no,both,true
nw_97,10.3389/fnins.2012.00020,2012,2012,article,no,both,true
nw_97,10.3389/fnins.2012.00132,2012,2012,article,no,both,true
nw_97,10.3389/fnsys.2014.00238,,2014,article,no,openalex_only,
nw_97,10.3389/fnsys.2015.00174,2015,2015,article,no,both,true
nw_97,10.3389/fphar.2012.00013,2012,2012,article,no,both,true
nw_97,10.3389/fpsyg.2012.00047,2012,2012,article,no,both,true
nw_97,10.3389/fpsyg.2013.00610,2013,2013,article,no,both,true
nw_97,10.3389/fpsyt.2011.00023,,2011,article,no,openalex_only,
nw_97,10.3389/fpsyt.2014.00118,,2014,article,no,openalex_only,
nw_97,10.3389/neuro.02.020.2009,,2009,article,yes,openalex_only,
nw_97,10.3389/neuro.02.029.2009,,2009,article,yes,openalex_only,
nw_97,10.3389/neuro.02.031.2009,,2010,article,no,openalex_only,
nw_97,10.3410/b2-2,,2010,article,no,openalex_only,
nw_97,10.3410/b3-11,,2011,article,no,openalex_only,
nw_97,10.3410/f.11944956.13068054,,2011,peer-review,no,openalex_only,
nw_97,10.3410/f.4592958.5101055,,2010,peer-review,no,openalex_only,
nw_97,10.3410/f.718013321.793479942,,2013,peer-review,no,openalex_only,
nw_97,10.3410/f.718185776.793489484,,2014,peer-review,no,openalex_only,
nw_97,10.3410/f.7340957.7601055,,2010,peer-review,no,openalex_only,
nw_97,10.3410/f.7494957.7789055,,2011,peer-review,no,openalex_only,
nw_97,10.3724/sp.j.1206.2013.00511,2015,,,,wos_only,
nw_97,10.3758/cabn.10.2.217,2010,2010,article,no,both,true
nw_97,10.3980/j.issn.2222-3959.2012.04.22,2012,,,,wos_only,
nw_97,10.4018/978-1-60960-021-1.ch006,,2011,book-chapter,no,openalex_only,
nw_97,10.4161/chan.28012,2014,2014,article,no,both,true
nw_97,10.4172/2165-7904.1000166,,2013,article,no,openalex_only,
nw_97,10.47010/14.1-2,,2014,paratext,no,openalex_only,
nw_97,10.5167/uzh-91433,,2014,book-chapter,no,openalex_only,
nw_97,10.5402/2012/972607,,2012,article,no,openalex_only,
nw_97,10.5406/amerjpsyc.126.2.0197,,2013,article,no,openalex_only,
nw_97,10.5772/2330,,2011,book,no,openalex_only,
nw_97,10.5772/27498,,2011,book-chapter,no,openalex_only,
nw_97,10.5772/56498,,2013,book-chapter,no,openalex_only,
nw_97,10.6083/m4513wxq,,2014,article,no,openalex_only,
nw_97,10.70675/4d4ba3a7zce38z40f7za8adz84111f198b6f,,2011,dissertation,no,openalex_only,
nw_97,10.70675/e05a8175zd583z4b2ezbb03ze7d3e536abc3,,2014,dissertation,no,openalex_only,
nw_97,10.71548/14802,,2013,dissertation,no,openalex_only,
nw_97,10.7551/mitpress/9780262016438.003.0017,,2011,book-chapter,no,openalex_only,
nw_97,10.7554/elife.02152,2014,2014,article,no,both,true
nw_97,10.7554/elife.02726,2014,2014,article,no,both,true
nw_97,10.7554/elife.05105,2014,2014,article,no,both,true
nw_97,10.7554/elife.09275,,2015,article,no,openalex_only,
nw_97,10.7554/elife.12029,,2015,article,no,openalex_only,
