"sample","source","year","flag","papers","mean","median"
"Available histories","wos",2009,0,77,1.12987012987013,0
"Available histories","wos",2009,1,76,1.48684210526316,0
"Available histories","wos",2010,0,77,6.50649350649351,4
"Available histories","wos",2010,1,76,9.43421052631579,5
"Available histories","wos",2011,0,77,14.3376623376623,11
"Available histories","wos",2011,1,76,18.2894736842105,13
"Available histories","wos",2012,0,77,16.2337662337662,11
"Available histories","wos",2012,1,76,20.2105263157895,16
"Available histories","wos",2013,0,77,17.0779220779221,10
"Available histories","wos",2013,1,76,22.5921052631579,17
"Available histories","wos",2014,0,77,16.8441558441558,11
"Available histories","wos",2014,1,76,22.4473684210526,16
"Available histories","wos",2015,0,77,16.4675324675325,11
"Available histories","wos",2015,1,76,20.2105263157895,13
"Available histories","opencitations",2009,0,77,1.81818181818182,0
"Available histories","opencitations",2009,1,76,2.30263157894737,0
"Available histories","opencitations",2010,0,77,8.1948051948052,6
"Available histories","opencitations",2010,1,76,11.5921052631579,6
"Available histories","opencitations",2011,0,77,16.3246753246753,12
"Available histories","opencitations",2011,1,76,21.0263157894737,15
"Available histories","opencitations",2012,0,77,18.3376623376623,13
"Available histories","opencitations",2012,1,76,22.4078947368421,18
"Available histories","opencitations",2013,0,77,19.9220779220779,13
"Available histories","opencitations",2013,1,76,25.5394736842105,19
"Available histories","opencitations",2014,0,77,19.961038961039,14
"Available histories","opencitations",2014,1,76,25.7236842105263,19
"Available histories","opencitations",2015,0,77,19.8701298701299,12
"Available histories","opencitations",2015,1,76,23.6973684210526,14
"Histories without unresolved years","wos",2009,0,33,0.848484848484849,0
"Histories without unresolved years","wos",2009,1,27,1.03703703703704,0
"Histories without unresolved years","wos",2010,0,33,3.90909090909091,1
"Histories without unresolved years","wos",2010,1,27,4.48148148148148,3
"Histories without unresolved years","wos",2011,0,33,8.57575757575758,5
"Histories without unresolved years","wos",2011,1,27,7.44444444444444,4
"Histories without unresolved years","wos",2012,0,33,10.3030303030303,7
"Histories without unresolved years","wos",2012,1,27,9.18518518518519,7
"Histories without unresolved years","wos",2013,0,33,9.42424242424242,6
"Histories without unresolved years","wos",2013,1,27,8.92592592592593,6
"Histories without unresolved years","wos",2014,0,33,9.15151515151515,6
"Histories without unresolved years","wos",2014,1,27,9.85185185185185,8
"Histories without unresolved years","wos",2015,0,33,7.90909090909091,5
"Histories without unresolved years","wos",2015,1,27,7.25925925925926,6
"Histories without unresolved years","opencitations",2009,0,33,0.93939393939394,0
"Histories without unresolved years","opencitations",2009,1,27,1.62962962962963,0
"Histories without unresolved years","opencitations",2010,0,33,4.87878787878788,3
"Histories without unresolved years","opencitations",2010,1,27,5.25925925925926,3
"Histories without unresolved years","opencitations",2011,0,33,9.84848484848485,7
"Histories without unresolved years","opencitations",2011,1,27,8.25925925925926,5
"Histories without unresolved years","opencitations",2012,0,33,11.5757575757576,9
"Histories without unresolved years","opencitations",2012,1,27,10.4444444444444,8
"Histories without unresolved years","opencitations",2013,0,33,11.1818181818182,8
"Histories without unresolved years","opencitations",2013,1,27,10.3333333333333,7
"Histories without unresolved years","opencitations",2014,0,33,9.57575757575758,6
"Histories without unresolved years","opencitations",2014,1,27,10.8888888888889,9
"Histories without unresolved years","opencitations",2015,0,33,9.48484848484848,6
"Histories without unresolved years","opencitations",2015,1,27,7.77777777777778,7
