"paper_id","n","source_n","excluded_columns","source_p_iv","iv_coefficient","source_iv_coefficient","coefficient_difference","ar_f","ar_df1","ar_df2","ar_p","source_ar_p","first_stage_joint_f","source_effective_f","check_status","numerical_warning"
"iv_Acharya2016",1120,1120,1,1,-0.276624128266358,-0.2766,-2.41282663575593e-05,4.74459026082299,1,1098,0.0296027544856509,0.0282,37.6527212001408,37.6527,"same_point_estimate_check_inference_conventions",""
"iv_Alt2015",5705,5705,7,1,-0.0347278583396938,-0.0347,-2.78583396938481e-05,1.46541122834783,7,5696,0.174675820838997,0.9671,27.9818404887949,83.3152,"instrument_encoding_discrepancy",""
"iv_Carnegie2017",1792,1792,1,1,1.7054492725171,1.7054,4.92725171028496e-05,2.7460722984883,1,19,0.113914211356362,0.0986,8.05166778981072,7.5007,"point_estimate_reproduced_covariance_requires_review","The VCOV matrix is not positive definite (see ?vcov)."
"iv_Gelbach2012",99,99,1,1,0.395551386372537,0.3956,-4.86136274633342e-05,5.57830013765194,1,85,0.0204698831037883,0.0133,9.57144093508527,9.5714,"same_point_estimate_check_inference_conventions",""
"iv_Grossman2017",518,518,6,6,0.416375074351957,0.4164,-2.49256480433502e-05,3.53848068485999,6,30,0.00908400854065133,9e-04,11.959329312204,6.139,"same_point_estimate_check_inference_conventions",""
"iv_Hager2022",297,297,1,1,0.17653010211217,0.1765,3.01021121701939e-05,8.72451485903601,1,295,0.00339229014810572,0.0034,3.14025192280599,3.1403,"same_point_estimate_check_inference_conventions",""
"iv_Pianzola2019",1775,1775,1,1,0.755033027063765,0.755,3.30270637654007e-05,4.27669816631118,1,1773,0.0387830718968839,0.0388,46.7611705247836,46.7612,"same_point_estimate_check_inference_conventions",""
"iv_Schleiter2016",191,191,1,1,5.02821517765872,5.0282,1.51776587200558e-05,4.89571991160225,1,24,0.036685516110036,0.0241,57.1948885249312,57.1949,"same_point_estimate_check_inference_conventions",""
"iv_Sexton2019",72,72,1,1,-15.0644711640667,-15.0645,2.88359332785149e-05,16.7500947921911,1,23,0.000446787152612621,1e-04,7.26861517622037,7.4923,"same_point_estimate_check_inference_conventions",""
"iv_Urpelainen2022",1144,1144,1,1,0.0296368411588608,0.0296,3.68411588607571e-05,8.72631583893627,1,286,0.00339714978528574,0.002,14.7639789345492,16.1654,"same_point_estimate_check_inference_conventions",""
