event_id,article_id,treated,weight,event_time,citations,status,disclosure_date,date_precision
dp_294_disclosure,i4r_f45e09f5bc283f,1,1.0,-3,28,complete,,year
dp_294_disclosure,i4r_f45e09f5bc283f,1,1.0,-2,36,complete,,year
dp_294_disclosure,i4r_f45e09f5bc283f,1,1.0,-1,34,complete,,year
dp_294_disclosure,i4r_f45e09f5bc283f,1,1.0,0,27,complete,,year
dp_294_disclosure,i4r_f45e09f5bc283f,1,1.0,1,28,complete,,year
dp_294_disclosure,i4r_f45e09f5bc283f,1,1.0,2,41,complete,,year
dp_294_disclosure,i4r_f45e09f5bc283f,1,1.0,3,40,complete,,year
dp_294_disclosure,control_8870e55251059f,0,0.3333333333333333,-3,23,complete,,year
dp_294_disclosure,control_8870e55251059f,0,0.3333333333333333,-2,17,complete,,year
dp_294_disclosure,control_8870e55251059f,0,0.3333333333333333,-1,13,complete,,year
dp_294_disclosure,control_8870e55251059f,0,0.3333333333333333,0,17,complete,,year
dp_294_disclosure,control_8870e55251059f,0,0.3333333333333333,1,12,complete,,year
dp_294_disclosure,control_8870e55251059f,0,0.3333333333333333,2,9,complete,,year
dp_294_disclosure,control_8870e55251059f,0,0.3333333333333333,3,10,complete,,year
dp_294_disclosure,control_74d27c06462fac,0,0.3333333333333333,-3,24,complete,,year
dp_294_disclosure,control_74d27c06462fac,0,0.3333333333333333,-2,49,complete,,year
dp_294_disclosure,control_74d27c06462fac,0,0.3333333333333333,-1,37,complete,,year
dp_294_disclosure,control_74d27c06462fac,0,0.3333333333333333,0,42,complete,,year
dp_294_disclosure,control_74d27c06462fac,0,0.3333333333333333,1,62,complete,,year
dp_294_disclosure,control_74d27c06462fac,0,0.3333333333333333,2,46,complete,,year
dp_294_disclosure,control_74d27c06462fac,0,0.3333333333333333,3,42,complete,,year
dp_294_disclosure,control_d8c6e9dcc161cd,0,0.3333333333333333,-3,13,complete,,year
dp_294_disclosure,control_d8c6e9dcc161cd,0,0.3333333333333333,-2,48,complete,,year
dp_294_disclosure,control_d8c6e9dcc161cd,0,0.3333333333333333,-1,28,complete,,year
dp_294_disclosure,control_d8c6e9dcc161cd,0,0.3333333333333333,0,25,complete,,year
dp_294_disclosure,control_d8c6e9dcc161cd,0,0.3333333333333333,1,13,complete,,year
dp_294_disclosure,control_d8c6e9dcc161cd,0,0.3333333333333333,2,27,complete,,year
dp_294_disclosure,control_d8c6e9dcc161cd,0,0.3333333333333333,3,10,complete,,year
dp_021_disclosure,i4r_ece0397b04bfa9,1,1.0,-3,9,complete,2021-02-11,day
dp_021_disclosure,i4r_ece0397b04bfa9,1,1.0,-2,5,complete,2021-02-11,day
dp_021_disclosure,i4r_ece0397b04bfa9,1,1.0,-1,6,complete,2021-02-11,day
dp_021_disclosure,i4r_ece0397b04bfa9,1,1.0,0,8,complete,2021-02-11,day
dp_021_disclosure,i4r_ece0397b04bfa9,1,1.0,1,9,complete,2021-02-11,day
dp_021_disclosure,i4r_ece0397b04bfa9,1,1.0,2,9,complete,2021-02-11,day
dp_021_disclosure,i4r_ece0397b04bfa9,1,1.0,3,18,complete,2021-02-11,day
dp_021_disclosure,control_cb19ec6bc847bb,0,0.3333333333333333,-3,1,partial_publication_year,2021-02-11,day
dp_021_disclosure,control_cb19ec6bc847bb,0,0.3333333333333333,-2,3,complete,2021-02-11,day
dp_021_disclosure,control_cb19ec6bc847bb,0,0.3333333333333333,-1,3,complete,2021-02-11,day
dp_021_disclosure,control_cb19ec6bc847bb,0,0.3333333333333333,0,5,complete,2021-02-11,day
dp_021_disclosure,control_cb19ec6bc847bb,0,0.3333333333333333,1,1,complete,2021-02-11,day
dp_021_disclosure,control_cb19ec6bc847bb,0,0.3333333333333333,2,12,complete,2021-02-11,day
dp_021_disclosure,control_cb19ec6bc847bb,0,0.3333333333333333,3,8,complete,2021-02-11,day
dp_021_disclosure,control_3e5dd35a94f76e,0,0.3333333333333333,-3,8,complete,2021-02-11,day
dp_021_disclosure,control_3e5dd35a94f76e,0,0.3333333333333333,-2,7,complete,2021-02-11,day
dp_021_disclosure,control_3e5dd35a94f76e,0,0.3333333333333333,-1,13,complete,2021-02-11,day
dp_021_disclosure,control_3e5dd35a94f76e,0,0.3333333333333333,0,12,complete,2021-02-11,day
dp_021_disclosure,control_3e5dd35a94f76e,0,0.3333333333333333,1,18,complete,2021-02-11,day
dp_021_disclosure,control_3e5dd35a94f76e,0,0.3333333333333333,2,18,complete,2021-02-11,day
dp_021_disclosure,control_3e5dd35a94f76e,0,0.3333333333333333,3,13,complete,2021-02-11,day
dp_021_disclosure,control_67dbb9268ce739,0,0.3333333333333333,-3,8,partial_publication_year,2021-02-11,day
dp_021_disclosure,control_67dbb9268ce739,0,0.3333333333333333,-2,10,complete,2021-02-11,day
dp_021_disclosure,control_67dbb9268ce739,0,0.3333333333333333,-1,13,complete,2021-02-11,day
dp_021_disclosure,control_67dbb9268ce739,0,0.3333333333333333,0,18,complete,2021-02-11,day
dp_021_disclosure,control_67dbb9268ce739,0,0.3333333333333333,1,27,complete,2021-02-11,day
dp_021_disclosure,control_67dbb9268ce739,0,0.3333333333333333,2,29,complete,2021-02-11,day
dp_021_disclosure,control_67dbb9268ce739,0,0.3333333333333333,3,26,complete,2021-02-11,day
dp_292_disclosure,i4r_55d334eaeb4010,1,1.0,-3,8,partial_publication_year,2024-01-22,day
dp_292_disclosure,i4r_55d334eaeb4010,1,1.0,-2,24,complete,2024-01-22,day
dp_292_disclosure,i4r_55d334eaeb4010,1,1.0,-1,48,complete,2024-01-22,day
dp_292_disclosure,i4r_55d334eaeb4010,1,1.0,0,53,complete,2024-01-22,day
dp_292_disclosure,i4r_55d334eaeb4010,1,1.0,1,102,complete,2024-01-22,day
dp_292_disclosure,i4r_55d334eaeb4010,1,1.0,2,,missing,2024-01-22,day
dp_292_disclosure,i4r_55d334eaeb4010,1,1.0,3,,missing,2024-01-22,day
dp_292_disclosure,control_33b104dd6a7140,0,0.3333333333333333,-3,30,complete,2024-01-22,day
dp_292_disclosure,control_33b104dd6a7140,0,0.3333333333333333,-2,25,complete,2024-01-22,day
dp_292_disclosure,control_33b104dd6a7140,0,0.3333333333333333,-1,33,complete,2024-01-22,day
dp_292_disclosure,control_33b104dd6a7140,0,0.3333333333333333,0,41,complete,2024-01-22,day
dp_292_disclosure,control_33b104dd6a7140,0,0.3333333333333333,1,50,complete,2024-01-22,day
dp_292_disclosure,control_33b104dd6a7140,0,0.3333333333333333,2,,missing,2024-01-22,day
dp_292_disclosure,control_33b104dd6a7140,0,0.3333333333333333,3,,missing,2024-01-22,day
dp_292_disclosure,control_5ace538683bff0,0,0.3333333333333333,-3,26,partial_publication_year,2024-01-22,day
dp_292_disclosure,control_5ace538683bff0,0,0.3333333333333333,-2,49,complete,2024-01-22,day
dp_292_disclosure,control_5ace538683bff0,0,0.3333333333333333,-1,73,complete,2024-01-22,day
dp_292_disclosure,control_5ace538683bff0,0,0.3333333333333333,0,89,complete,2024-01-22,day
dp_292_disclosure,control_5ace538683bff0,0,0.3333333333333333,1,109,complete,2024-01-22,day
dp_292_disclosure,control_5ace538683bff0,0,0.3333333333333333,2,,missing,2024-01-22,day
dp_292_disclosure,control_5ace538683bff0,0,0.3333333333333333,3,,missing,2024-01-22,day
dp_292_disclosure,control_6b07def4928d97,0,0.3333333333333333,-3,26,complete,2024-01-22,day
dp_292_disclosure,control_6b07def4928d97,0,0.3333333333333333,-2,34,complete,2024-01-22,day
dp_292_disclosure,control_6b07def4928d97,0,0.3333333333333333,-1,48,complete,2024-01-22,day
dp_292_disclosure,control_6b07def4928d97,0,0.3333333333333333,0,34,complete,2024-01-22,day
dp_292_disclosure,control_6b07def4928d97,0,0.3333333333333333,1,45,complete,2024-01-22,day
dp_292_disclosure,control_6b07def4928d97,0,0.3333333333333333,2,,missing,2024-01-22,day
dp_292_disclosure,control_6b07def4928d97,0,0.3333333333333333,3,,missing,2024-01-22,day
