event_id,article_id,control_id,rank,distance,weight,horizon
dp_294_disclosure,i4r_f45e09f5bc283f,control_8870e55251059f,1,9.434628688767374,0.3333333333333333,1
dp_294_disclosure,i4r_f45e09f5bc283f,control_74d27c06462fac,2,10.214216477392295,0.3333333333333333,1
dp_294_disclosure,i4r_f45e09f5bc283f,control_d8c6e9dcc161cd,3,10.255392610700236,0.3333333333333333,1
dp_021_disclosure,i4r_ece0397b04bfa9,control_cb19ec6bc847bb,1,8.162017371583735,0.3333333333333333,1
dp_021_disclosure,i4r_ece0397b04bfa9,control_3e5dd35a94f76e,2,11.73515960365827,0.3333333333333333,1
dp_021_disclosure,i4r_ece0397b04bfa9,control_67dbb9268ce739,3,12.528128268071653,0.3333333333333333,1
dp_148_disclosure,i4r_19321c88424658,control_95c4e7c4ac03bb,1,15.283954282957529,0.3333333333333333,1
dp_148_disclosure,i4r_19321c88424658,control_1a2693f37eb29d,2,15.567942905434194,0.3333333333333333,1
dp_148_disclosure,i4r_19321c88424658,control_797063487dcecb,3,15.680257757678552,0.3333333333333333,1
dp_292_disclosure,i4r_55d334eaeb4010,control_33b104dd6a7140,1,13.237298782596486,0.3333333333333333,1
dp_292_disclosure,i4r_55d334eaeb4010,control_5ace538683bff0,2,13.535844183778043,0.3333333333333333,1
dp_292_disclosure,i4r_55d334eaeb4010,control_6b07def4928d97,3,13.563389881957463,0.3333333333333333,1
dp_294_disclosure,i4r_f45e09f5bc283f,control_8870e55251059f,1,9.434628688767374,0.3333333333333333,2
dp_294_disclosure,i4r_f45e09f5bc283f,control_74d27c06462fac,2,10.214216477392295,0.3333333333333333,2
dp_294_disclosure,i4r_f45e09f5bc283f,control_d8c6e9dcc161cd,3,10.255392610700236,0.3333333333333333,2
dp_021_disclosure,i4r_ece0397b04bfa9,control_cb19ec6bc847bb,1,8.162017371583735,0.3333333333333333,2
dp_021_disclosure,i4r_ece0397b04bfa9,control_3e5dd35a94f76e,2,11.73515960365827,0.3333333333333333,2
dp_021_disclosure,i4r_ece0397b04bfa9,control_67dbb9268ce739,3,12.528128268071653,0.3333333333333333,2
dp_294_disclosure,i4r_f45e09f5bc283f,control_8870e55251059f,1,9.434628688767374,0.3333333333333333,3
dp_294_disclosure,i4r_f45e09f5bc283f,control_74d27c06462fac,2,10.214216477392295,0.3333333333333333,3
dp_294_disclosure,i4r_f45e09f5bc283f,control_d8c6e9dcc161cd,3,10.255392610700236,0.3333333333333333,3
dp_021_disclosure,i4r_ece0397b04bfa9,control_cb19ec6bc847bb,1,8.162017371583735,0.3333333333333333,3
dp_021_disclosure,i4r_ece0397b04bfa9,control_3e5dd35a94f76e,2,11.73515960365827,0.3333333333333333,3
dp_021_disclosure,i4r_ece0397b04bfa9,control_67dbb9268ce739,3,12.528128268071653,0.3333333333333333,3
