"component","article_id","doi"
"Nieuwenhuis","nw_1","10.1038/nn.2682"
"Nieuwenhuis","nw_2","10.1038/nn.2654"
"Nieuwenhuis","nw_3","10.1038/nn.2619"
"Nieuwenhuis","nw_4","10.1038/nn.2594"
"Nieuwenhuis","nw_5","10.1038/nn.2596"
"Nieuwenhuis","nw_6","10.1038/nn.2599"
"Nieuwenhuis","nw_7","10.1038/nn.2550"
"Nieuwenhuis","nw_8","10.1038/nn.2558"
"Nieuwenhuis","nw_9","10.1038/nn.2519"
"Nieuwenhuis","nw_10","10.1038/nn.2520"
"Nieuwenhuis","nw_11","10.1038/nn.2466"
"Nieuwenhuis","nw_12","10.1038/nn.2463"
"Nieuwenhuis","nw_13","10.1038/nn.2436"
"Nieuwenhuis","nw_14","10.1038/nn.2439"
"Nieuwenhuis","nw_15","10.1038/nn.2407"
"Nieuwenhuis","nw_16","10.1038/nn.2403"
"Nieuwenhuis","nw_17","10.1038/nn.2412"
"Nieuwenhuis","nw_18","10.1038/nn.2406"
"Nieuwenhuis","nw_19","10.1038/nn.2413"
"Nieuwenhuis","nw_20","10.1038/nn.2369"
"Nieuwenhuis","nw_21","10.1038/nn.2356"
"Nieuwenhuis","nw_22","10.1038/nn.2324"
"Nieuwenhuis","nw_24","10.1038/nn.2305"
"Nieuwenhuis","nw_26","10.1038/nn.2296"
"Nieuwenhuis","nw_27","10.1038/nn.2206"
"Nieuwenhuis","nw_28","10.1038/nn.2261"
"Nieuwenhuis","nw_29","10.1038/nn.2271"
"Nieuwenhuis","nw_30","10.1038/nn.2263"
"Nieuwenhuis","nw_31","10.1038/nn.2237"
"Nieuwenhuis","nw_32","10.1038/nn.2238"
"Nieuwenhuis","nw_33","10.1038/nn.2228"
"Nieuwenhuis","nw_34","10.1038/nature08637"
"Nieuwenhuis","nw_35","10.1038/nature08759"
"Nieuwenhuis","nw_36","10.1038/nature08826"
"Nieuwenhuis","nw_37","10.1038/nature09263"
"Nieuwenhuis","nw_38","10.1126/science.1188160"
"Nieuwenhuis","nw_39","10.1126/science.1189047"
"Nieuwenhuis","nw_40","10.1126/science.1192949"
"Nieuwenhuis","nw_41","10.1126/science.1194780"
"Nieuwenhuis","nw_42","10.1126/science.1181886"
"Nieuwenhuis","nw_43","10.1016/j.neuron.2010.01.009"
"Nieuwenhuis","nw_44","10.1016/j.neuron.2010.01.019"
"Nieuwenhuis","nw_45","10.1016/j.neuron.2010.02.015"
"Nieuwenhuis","nw_46","10.1016/j.neuron.2010.03.003"
"Nieuwenhuis","nw_47","10.1016/j.neuron.2010.02.027"
"Nieuwenhuis","nw_48","10.1016/j.neuron.2010.05.011"
"Nieuwenhuis","nw_49","10.1016/j.neuron.2010.05.004"
"Nieuwenhuis","nw_50","10.1016/j.neuron.2010.05.013"
"Nieuwenhuis","nw_51","10.1016/j.neuron.2010.07.009"
"Nieuwenhuis","nw_52","10.1016/j.neuron.2010.07.008"
"Nieuwenhuis","nw_53","10.1016/j.neuron.2010.08.012"
"Nieuwenhuis","nw_54","10.1016/j.neuron.2010.09.018"
"Nieuwenhuis","nw_55","10.1016/j.neuron.2010.09.016"
"Nieuwenhuis","nw_56","10.1016/j.neuron.2010.09.008"
"Nieuwenhuis","nw_57","10.1016/j.neuron.2010.09.040"
"Nieuwenhuis","nw_58","10.1016/j.neuron.2010.11.019"
"Nieuwenhuis","nw_59","10.1523/jneurosci.2205-09.2010"
"Nieuwenhuis","nw_60","10.1523/jneurosci.4256-09.2010"
"Nieuwenhuis","nw_61","10.1523/jneurosci.2721-09.2010"
"Nieuwenhuis","nw_62","10.1523/jneurosci.5712-09.2010"
"Nieuwenhuis","nw_63","10.1523/jneurosci.4863-09.2010"
"Nieuwenhuis","nw_64","10.1523/jneurosci.0640-10.2010"
"Nieuwenhuis","nw_65","10.1523/jneurosci.3077-09.2010"
"Nieuwenhuis","nw_66","10.1523/jneurosci.0241-10.2010"
"Nieuwenhuis","nw_67","10.1523/jneurosci.0693-10.2010"
"Nieuwenhuis","nw_68","10.1523/jneurosci.3403-09.2010"
"Nieuwenhuis","nw_69","10.1523/jneurosci.5455-09.2010"
"Nieuwenhuis","nw_70","10.1523/jneurosci.5791-09.2010"
"Nieuwenhuis","nw_71","10.1523/jneurosci.0049-10.2010"
"Nieuwenhuis","nw_72","10.1523/jneurosci.1202-10.2010"
"Nieuwenhuis","nw_73","10.1523/jneurosci.1037-10.2010"
"Nieuwenhuis","nw_74","10.1523/jneurosci.0915-10.2010"
"Nieuwenhuis","nw_75","10.1523/jneurosci.0140-10.2010"
"Nieuwenhuis","nw_76","10.1523/jneurosci.2056-10.2010"
"Nieuwenhuis","nw_77","10.1523/jneurosci.0704-10.2010"
"Nieuwenhuis","nw_78","10.1523/jneurosci.5745-09.2010"
"Nieuwenhuis","nw_79","10.1523/jneurosci.0786-10.2010"
"Nieuwenhuis","nw_80","10.1523/jneurosci.2064-10.2010"
"Nieuwenhuis","nw_81","10.1523/jneurosci.2046-10.2010"
"Nieuwenhuis","nw_82","10.1523/jneurosci.3177-10.2010"
"Nieuwenhuis","nw_83","10.1523/jneurosci.2770-10.2010"
"Nieuwenhuis","nw_84","10.1038/nature08389"
"Nieuwenhuis","nw_85","10.1038/nature08577"
"Nieuwenhuis","nw_86","10.1038/nature08485"
"Nieuwenhuis","nw_87","10.1038/nature08488"
"Nieuwenhuis","nw_88","10.1038/nature08103"
"Nieuwenhuis","nw_89","10.1038/nature07868"
"Nieuwenhuis","nw_90","10.1126/science.1179013"
"Nieuwenhuis","nw_91","10.1126/science.1172545"
"Nieuwenhuis","nw_92","10.1126/science.1173947"
"Nieuwenhuis","nw_93","10.1126/science.1171203"
"Nieuwenhuis","nw_94","10.1126/science.1172377"
"Nieuwenhuis","nw_96","10.1126/science.1171599"
"Nieuwenhuis","nw_97","10.1126/science.1168878"
"Nieuwenhuis","nw_98","10.1126/science.1167975"
"Nieuwenhuis","nw_99","10.1126/science.1168488"
"Nieuwenhuis","nw_100","10.1126/science.1168450"
"Nieuwenhuis","nw_101","10.1126/science.1167093"
"Nieuwenhuis","nw_102","10.1126/science.1169957"
"Nieuwenhuis","nw_103","10.1126/science.1165604"
"Nieuwenhuis","nw_104","10.1126/science.1164951"
"Nieuwenhuis","nw_105","10.1016/j.neuron.2009.11.016"
"Nieuwenhuis","nw_106","10.1016/j.neuron.2009.11.017"
"Nieuwenhuis","nw_107","10.1016/j.neuron.2009.10.016"
"Nieuwenhuis","nw_108","10.1016/j.neuron.2009.10.014"
"Nieuwenhuis","nw_109","10.1016/j.neuron.2009.01.016"
"Nieuwenhuis","nw_110","10.1016/j.neuron.2009.06.005"
"Nieuwenhuis","nw_111","10.1016/j.neuron.2009.05.021"
"Nieuwenhuis","nw_112","10.1016/j.neuron.2009.05.014"
"Nieuwenhuis","nw_113","10.1016/j.neuron.2009.03.005"
"Nieuwenhuis","nw_114","10.1016/j.neuron.2009.01.028"
"Nieuwenhuis","nw_115","10.1016/j.neuron.2009.02.001"
"Nieuwenhuis","nw_116","10.1016/j.neuron.2008.11.027"
"Nieuwenhuis","nw_117","10.1523/jneurosci.1909-09.2009"
"Nieuwenhuis","nw_118","10.1523/jneurosci.3233-09.2009"
"Nieuwenhuis","nw_119","10.1523/jneurosci.3256-09.2009"
"Nieuwenhuis","nw_120","10.1523/jneurosci.1916-09.2009"
"Nieuwenhuis","nw_121","10.1523/jneurosci.3626-09.2009"
"Nieuwenhuis","nw_122","10.1523/jneurosci.1708-09.2009"
"Nieuwenhuis","nw_123","10.1523/jneurosci.2128-09.2009"
"Nieuwenhuis","nw_125","10.1523/jneurosci.3610-09.2009"
"Nieuwenhuis","nw_126","10.1523/jneurosci.2335-09.2009"
"Nieuwenhuis","nw_127","10.1523/jneurosci.3206-09.2009"
"Nieuwenhuis","nw_128","10.1523/jneurosci.5773-08.2009"
"Nieuwenhuis","nw_129","10.1523/jneurosci.2950-09.2009"
"Nieuwenhuis","nw_130","10.1523/jneurosci.1591-09.2009"
"Nieuwenhuis","nw_131","10.1523/jneurosci.1746-09.2009"
"Nieuwenhuis","nw_132","10.1523/jneurosci.5860-08.2009"
"Nieuwenhuis","nw_133","10.1523/jneurosci.0737-09.2009"
"Nieuwenhuis","nw_134","10.1523/jneurosci.0746-09.2009"
"Nieuwenhuis","nw_135","10.1523/jneurosci.0952-09.2009"
"Nieuwenhuis","nw_136","10.1523/jneurosci.0543-09.2009"
"Nieuwenhuis","nw_137","10.1523/jneurosci.1495-09.2009"
"Nieuwenhuis","nw_138","10.1523/jneurosci.0203-09.2009"
"Nieuwenhuis","nw_139","10.1523/jneurosci.3905-08.2009"
"Nieuwenhuis","nw_140","10.1523/jneurosci.0966-09.2009"
"Nieuwenhuis","nw_141","10.1523/jneurosci.1176-09.2009"
"Nieuwenhuis","nw_142","10.1523/jneurosci.1396-09.2009"
"Nieuwenhuis","nw_143","10.1523/jneurosci.5129-08.2009"
"Nieuwenhuis","nw_144","10.1523/jneurosci.5785-08.2009"
"Nieuwenhuis","nw_145","10.1523/jneurosci.5953-08.2009"
"Nieuwenhuis","nw_146","10.1523/jneurosci.4882-08.2009"
"Nieuwenhuis","nw_147","10.1523/jneurosci.0261-09.2009"
"Nieuwenhuis","nw_148","10.1523/jneurosci.5256-08.2009"
"Nieuwenhuis","nw_149","10.1523/jneurosci.4861-08.2009"
"Nieuwenhuis","nw_150","10.1523/jneurosci.4225-08.2009"
"Nieuwenhuis","nw_151","10.1523/jneurosci.4703-08.2009"
"Nieuwenhuis","nw_152","10.1523/jneurosci.3963-08.2009"
"Nieuwenhuis","nw_153","10.1523/jneurosci.3341-08.2009"
"Nieuwenhuis","nw_154","10.1523/jneurosci.4260-08.2009"
"Nieuwenhuis","nw_155","10.1523/jneurosci.4137-08.2009"
"Nieuwenhuis","nw_156","10.1523/jneurosci.4379-08.2009"
"Nieuwenhuis","nw_157","10.1523/jneurosci.4267-08.2009"
"Lal","iv_Acharya2016","10.1086/686631"
"Lal","iv_Alt2015","10.1086/683832"
"Lal","iv_Arias2019","10.1086/704781"
"Lal","iv_Baccini2021","10.1017/s0003055421000022"
"Lal","iv_Barth2015","10.1111/ajps.12129"
"Lal","iv_Bhavnani2018","10.1086/694101"
"Lal","iv_Blair2022","10.1111/ajps.12650"
"Lal","iv_Blattman2014","10.1017/s0003055413000543"
"Lal","iv_Carnegie2017","10.1111/ajps.12289"
"Lal","iv_Charron2013","10.1017/s0022381613000510"
"Lal","iv_Charron2017","10.1086/687209"
"Lal","iv_Chong2019","10.1111/ajps.12404"
"Lal","iv_Cirone2018","10.1086/697252"
"Lal","iv_Colantone2018a","10.1017/s0003055417000685"
"Lal","iv_Colantone2018b","10.1111/ajps.12358"
"Lal","iv_Coppock2016","10.1111/ajps.12210"
"Lal","iv_Croke2016","10.1017/s0003055416000253"
"Lal","iv_Delao2013","10.1111/j.1540-5907.2012.00617.x"
"Lal","iv_Dietrich2015","10.1086/678976"
"Lal","iv_Digiuseppe2022","10.1086/715598"
"Lal","iv_Dower2018a","10.1017/s0003055417000454"
"Lal","iv_Dube2015","10.1086/679021"
"Lal","iv_Feigenbaum2015","10.1086/682151"
"Lal","iv_Flores2013","10.1017/s0022381613000066"
"Lal","iv_Gelbach2012","10.1017/s0022381611001952"
"Lal","iv_Gerber2010","10.1017/s0003055410000407"
"Lal","iv_Goldstein2017","10.1111/ajps.12306"
"Lal","iv_Grossman2017","10.1086/690305"
"Lal","iv_Hager2019_apsr","10.1017/s000305541900042x"
"Lal","iv_Hager2019ajps_a","10.1111/ajps.12460"
"Lal","iv_Hager2022","10.1017/s0003055421000770"
"Lal","iv_Healy2013","10.1017/s0022381613000996"
"Lal","iv_Henderson2016_a","10.1086/685380"
"Lal","iv_Hong2022","10.1111/ajps.12716"
"Lal","iv_Johns2016","10.1086/683193"
"Lal","iv_Kapoor2018","10.1017/s0003055418000199"
"Lal","iv_Kim2019","10.1111/ajps.12420"
"Lal","iv_Kocher2011","10.1111/j.1540-5907.2010.00498.x"
"Lal","iv_Kriner2014","10.1017/s0022381613001448"
"Lal","iv_Kuipers2022","10.1017/s0003055422000521"
"Lal","iv_Laitin2016","10.1017/s0003055416000265"
"Lal","iv_Lei2022","10.1086/715170"
"Lal","iv_Lelkes2017","10.1111/ajps.12237"
"Lal","iv_Lerman2017","10.1086/689286"
"Lal","iv_Lopez2020","10.1111/ajps.12566"
"Lal","iv_Lorentzen2014","10.1017/s0022381613001114"
"Lal","iv_McClendon2014","10.1111/ajps.12076"
"Lal","iv_Meredith2013","10.1017/s0003055413000439"
"Lal","iv_Nellis2018","10.1017/s0003055417000491"
"Lal","iv_Pianzola2019","10.1086/702946"
"Lal","iv_Ritter2016","10.1017/s0003055415000623"
"Lal","iv_Rueda2017","10.1111/ajps.12260"
"Lal","iv_Schleiter2016","10.1086/685447"
"Lal","iv_Schubiger2021","10.1086/711720"
"Lal","iv_Sexton2019","10.1111/ajps.12415"
"Lal","iv_Spenkuch2018","10.1111/ajps.12328"
"Lal","iv_Stewart2017","10.1086/688699"
"Lal","iv_Stokes2016","10.1111/ajps.12220"
"Lal","iv_Tajima2013","10.1111/j.1540-5907.2012.00631.x"
"Lal","iv_Trounstine2016","10.1111/ajps.12227"
"Lal","iv_Urpelainen2022","10.1086/718977"
"Lal","iv_Vernby2013","10.1111/j.1540-5907.2012.00612.x"
"Lal","iv_Webster2022","10.1086/718979"
"Lal","iv_West2017","10.1086/688888"
"Lal","iv_Wood2022","10.1111/ajps.12676"
"Lal","iv_Zhu2017","10.1111/ajps.12259"
"Lal","iv_Ziaja2020","10.1086/706111"
"Lazic","lazic_25445065","10.1016/j.pnpbp.2014.11.002"
"Lazic","lazic_25232145","10.1530/joe-14-0111"
"Lazic","lazic_21893170","10.1016/j.brainresbull.2011.08.015"
"Lazic","lazic_22348036","10.1371/journal.pone.0031017"
"Lazic","lazic_23406750","10.1016/s1734-1140(12)70937-4"
"Lazic","lazic_24060430","10.1016/j.tox.2013.09.005"
"Lazic","lazic_23949616","10.1038/ijo.2013.150"
"Lazic","lazic_25971747","10.1186/s12899-015-0016-6"
"Lazic","lazic_23516451","10.1371/journal.pone.0058243"
"Lazic","lazic_22395468","10.4161/epi.7.2.18972"
"Lazic","lazic_24725099","10.1111/jphp.12258"
"Lazic","lazic_21900122","10.1152/ajpendo.00261.2011"
"Lazic","lazic_24594617","10.1530/joe-13-0514"
"Lazic","lazic_23095255","10.1159/000341489"
"Lazic","lazic_21963399","10.1016/j.ntt.2011.09.004"
"Lazic","lazic_26143539","10.1016/j.psyneuen.2015.06.015"
"Lazic","lazic_24091367","10.1016/j.ijdevneu.2013.09.009"
"Lazic","lazic_25715988","10.1152/ajprenal.00676.2014"
"Lazic","lazic_26260748","10.1016/j.fct.2015.07.011"
"Lazic","lazic_24451982","10.1095/biolreprod.113.115899"
"Lazic","lazic_21377655","10.1016/j.biopsych.2011.01.009"
"Lazic","lazic_21787449","10.1017/s0007114511003448"
"Lazic","lazic_23245215","10.1016/j.dcn.2012.08.003"
"Lazic","lazic_22424599","10.1016/j.ultrasmedbio.2012.01.017"
"Lazic","lazic_26023231","10.1152/japplphysiol.01105.2014"
"Lazic","lazic_23353758","10.1016/j.brainres.2013.01.031"
"Lazic","lazic_22426025","10.1097/wnr.0b013e3283529805"
"Lazic","lazic_23714075","10.1016/j.bbr.2013.05.026"
"Lazic","lazic_24950432","10.1097/cej.0000000000000029"
"Lazic","lazic_22764249","10.1523/jneurosci.1041-12.2012"
"Lazic","lazic_24583039","10.1016/j.neuroscience.2014.02.016"
"Lazic","lazic_24005185","10.1016/j.yhbeh.2013.08.014"
"Lazic","lazic_23283698","10.1007/s11064-012-0960-5"
"Lazic","lazic_23915337","10.1111/acer.12227"
"Lazic","lazic_24913803","10.1093/toxsci/kfu107"
"Lazic","lazic_26039681","10.1080/15287394.2015.1006711"
"Lazic","lazic_24445301","10.1039/c3fo60436e"
"Lazic","lazic_23328078","10.1016/j.brainres.2012.12.021"
"Lazic","lazic_23892646","10.1007/s00204-013-1100-y"
"Lazic","lazic_26272536","10.1016/j.neuroscience.2015.08.015"
"Lazic","lazic_24998948","10.1016/j.jnutbio.2014.04.012"
"Lazic","lazic_25255222","10.1371/journal.pone.0106786"
"Lazic","lazic_24586432","10.1371/journal.pone.0088896"
"Lazic","lazic_23966683","10.1523/jneurosci.5835-12.2013"
"Lazic","lazic_22210394","10.1016/j.physbeh.2011.12.010"
"Lazic","lazic_22230260","10.1016/j.toxlet.2011.12.016"
"Lazic","lazic_24139910","10.1016/j.euroneuro.2013.09.006"
"Lazic","lazic_22776160","10.1016/j.bbr.2012.07.001"
"Lazic","lazic_22648583",""
"Lazic","lazic_24667147","10.1016/j.ijdevneu.2014.03.005"
"Lazic","lazic_23104247","10.1016/j.fct.2012.10.011"
"Lazic","lazic_24963152","10.1096/fj.14-251736"
"Lazic","lazic_23255587","10.1152/ajpregu.00433.2012"
"Lazic","lazic_26188107","10.1016/j.taap.2015.07.005"
"Lazic","lazic_23488802","10.1111/acer.12079"
"Lazic","lazic_25792016","10.1016/j.jep.2015.03.018"
"Lazic","lazic_25668515","10.1016/j.physbeh.2015.02.016"
"Lazic","lazic_25948073","10.1007/s12020-015-0612-z"
"Lazic","lazic_26073126","10.1016/j.freeradbiomed.2015.05.040"
"Lazic","lazic_23078415","10.3109/1547691x.2012.700653"
"Lazic","lazic_23428582","10.1530/joe-12-0540"
"Lazic","lazic_24224789","10.1111/apha.12197"
"Lazic","lazic_22486162","10.3109/01480545.2011.649287"
"Lazic","lazic_23295412","10.1016/j.freeradbiomed.2012.12.021"
"Lazic","lazic_24925022","10.1016/j.drugalcdep.2014.05.010"
"Lazic","lazic_22609825","10.1016/j.ijdevneu.2012.05.002"
"Lazic","lazic_22326588","10.1016/j.theriogenology.2011.11.015"
"Lazic","lazic_24796820","10.1111/acer.12416"
"Lazic","lazic_25707689","10.1002/bdrb.21137"
"Lazic","lazic_24358374","10.1371/journal.pone.0084989"
"Lazic","lazic_23592748","10.1210/en.2012-2123"
"Lazic","lazic_25266448","10.1007/s00394-014-0773-1"
"Lazic","lazic_22178135","10.1016/j.neuro.2011.11.009"
"Lazic","lazic_24979775","10.1073/pnas.1401203111"
"Lazic","lazic_25882586","10.1016/j.ijdevneu.2015.04.004"
"Lazic","lazic_25441581","10.1016/j.nut.2014.08.002"
"Lazic","lazic_21856408","10.1016/j.ijdevneu.2011.08.001"
"Lazic","lazic_25765514","10.1016/j.jnutbio.2014.12.017"
"Lazic","lazic_26054440","10.1016/j.nbd.2015.05.014"
"Lazic","lazic_24279743","10.1186/1743-8977-10-59"
"Lazic","lazic_22023958","10.1016/j.ijdevneu.2011.10.002"
"Lazic","lazic_25092052","10.1016/j.ntt.2014.07.002"
"Lazic","lazic_22464150","10.1016/j.jnutbio.2011.11.008"
"Lazic","lazic_22160775","10.1152/ajprenal.00491.2011"
"Lazic","lazic_26602365","10.1186/s12974-015-0437-y"
"Lazic","lazic_23959066","10.4161/epi.25925"
"Lazic","lazic_25720733","10.1159/000368768"
"Lazic","lazic_23280060","10.1016/j.ijdevneu.2012.12.003"
"Lazic","lazic_24621066","10.1179/1476830513y.0000000102"
"Lazic","lazic_23536325","10.1002/j.1532-2149.2013.00306.x"
"Lazic","lazic_24326014","10.1016/j.bbi.2013.12.003"
"Lazic","lazic_25158235","10.3390/ijms150914967"
"Lazic","lazic_22692087","10.1530/rep-12-0105"
"Lazic","lazic_21290249","10.1007/s00394-011-0168-5"
"Lazic","lazic_23744881","10.1177/1933719113492212"
"Lazic","lazic_24102398","10.3109/02656736.2013.843723"
"Lazic","lazic_23793357","10.1007/s00213-013-3175-9"
"Lazic","lazic_24780497","10.1016/j.nbd.2014.02.009"
"Lazic","lazic_22958366","10.1017/s0007114512003728"
"Lazic","lazic_24126190","10.1016/j.reprotox.2013.09.009"
"Lazic","lazic_22000863","10.1016/j.acthis.2011.09.006"
"Lazic","lazic_22645107","10.1007/s00394-012-0381-x"
"Lazic","lazic_21190827","10.1016/j.jnutbio.2010.08.013"
"Lazic","lazic_21513798","10.1016/j.jsbmb.2011.04.001"
"Lazic","lazic_25771125","10.1016/j.taap.2015.03.002"
"Lazic","lazic_24486713","10.1016/j.neuropharm.2014.01.025"
"Lazic","lazic_26393487","10.1038/tp.2015.126"
"Lazic","lazic_23315950","10.1002/hep.26248"
"Lazic","lazic_22914075","10.1097/fbp.0b013e3283586072"
"Lazic","lazic_22702519","10.1902/jop.2012.110372"
"Lazic","lazic_25771129","10.1016/j.taap.2015.03.006"
"Lazic","lazic_22377090","10.1016/j.drugalcdep.2012.01.025"
"Lazic","lazic_26631470","10.1523/jneurosci.2803-15.2015"
"Lazic","lazic_23700465","10.1371/journal.pone.0064258"
"Lazic","lazic_26163151","10.1016/j.yhbeh.2015.07.002"
"Lazic","lazic_23856009","10.1186/1743-8977-10-29"
"Lazic","lazic_25638314","10.1016/j.ultrasmedbio.2014.09.015"
"Lazic","lazic_22050261","10.3109/13880209.2011.592538"
"Lazic","lazic_22467025","10.2131/jts.37.345"
"Lazic","lazic_24819035","10.1016/j.arcmed.2014.05.005"
"Lazic","lazic_23314109","10.1097/aln.0b013e3182834d5d"
"Lazic","lazic_23819696","10.1111/1440-1681.12147"
"Lazic","lazic_22916128","10.1371/journal.pone.0042443"
"Lazic","lazic_25817235","10.1016/j.lfs.2015.02.027"
"Lazic","lazic_24577229","10.1016/j.etap.2014.01.014"
"Lazic","lazic_21930963","10.4049/jimmunol.1101567"
"Lazic","lazic_25817757","10.1016/j.scitotenv.2015.02.088"
"Lazic","lazic_24903743","10.1111/adb.12158"
"Lazic","lazic_26147005","10.1371/journal.pone.0132038"
"Lazic","lazic_24427280","10.1371/journal.pone.0084125"
"Lazic","lazic_25231347","10.1007/s12011-014-0122-5"
"Lazic","lazic_26410608","10.1016/j.toxlet.2015.09.018"
"Lazic","lazic_22290326","10.1007/s00213-012-2646-8"
"Lazic","lazic_24574094","10.1111/j.2047-2927.2013.00168.x"
"Lazic","lazic_24129217","10.1016/j.bbr.2013.10.005"
