"role","year","papers","mean","median","journal_standardized_mean"
"successful",2008,39,2.61538461538462,2,2.68197278911565
"unsuccessful",2008,59,1.93220338983051,2,1.86128157556729
"successful",2009,39,6.51282051282051,5,6.74829931972789
"unsuccessful",2009,59,5.16949152542373,4,5.0614861329147
"successful",2010,39,8.23076923076923,7,8.94234693877551
"unsuccessful",2010,59,7.94915254237288,6,7.52526045383188
"successful",2011,39,8.7948717948718,6,9.27959183673469
"unsuccessful",2011,59,8.59322033898305,6,8.20910042338614
"successful",2012,39,8.48717948717949,6,8.9156462585034
"unsuccessful",2012,59,9.33898305084746,7,9.12794348508634
"successful",2013,39,9.33333333333333,7,9.99404761904762
"unsuccessful",2013,59,9.59322033898305,6,9.22044622044622
"successful",2014,39,10.1025641025641,6,10.7448979591837
"unsuccessful",2014,59,10.3898305084746,7,9.95428381142667
"successful",2015,39,10.4871794871795,6,11.1479591836735
"unsuccessful",2015,59,10.0338983050847,7,9.58719851576994
"successful",2016,39,9.94871794871795,6,10.6748299319728
"unsuccessful",2016,59,9.28813559322034,6,8.85600114171543
"successful",2017,39,10.1538461538462,6,10.7641156462585
"unsuccessful",2017,59,9.49152542372881,5,8.9002664002664
"successful",2018,39,9.1025641025641,8,9.62414965986395
"unsuccessful",2018,59,8.84745762711864,5,8.39515246658104
"successful",2019,39,9.33333333333333,6,10.3707482993197
"unsuccessful",2019,59,8.47457627118644,5,7.9025974025974
"successful",2020,39,8.41025641025641,6,9.24319727891157
"unsuccessful",2020,59,8.27118644067797,5,7.77139527139527
"successful",2021,39,9.07692307692308,6,9.77738095238095
"unsuccessful",2021,59,9.01694915254237,4,8.44560201703059
"successful",2022,39,7.94871794871795,4,8.93724489795918
"unsuccessful",2022,59,8.38983050847458,5,7.85357499643214
"successful",2023,39,7.61538461538461,5,8.37602040816327
"unsuccessful",2023,59,6.77966101694915,4,6.355192426621
"successful",2024,39,6.82051282051282,5,7.50884353741497
"unsuccessful",2024,59,6.93220338983051,4,6.48727463013177
"successful",2025,39,5.35897435897436,3,6.07517006802721
"unsuccessful",2025,59,6.86440677966102,3,6.36953522667808
