paper_id,doi,title,journal,publication_year,volume,issue,pages,exact_title,title_prefix,exact_locator,previous_doi_match,accepted
Row.1,10.1037/0278-7393.34.2.353,Tracing attention and the activation flow in spoken word planning using eye movements.,JEPLMC,2008,34,2,353-368,True,True,True,True,True
Row.2,10.1037/0278-7393.34.1.146,"Now you see it, now you don't: Repetition blindness for nonwords.",JEPLMC,2008,34,1,146-166,True,True,True,True,True
Row.3,10.1037/0278-7393.34.3.478,Working memory costs of task switching.,JEPLMC,2008,34,3,478-494,True,True,True,True,True
Row.4,10.1037/0278-7393.34.1.230,Accelerated relearning after retrieval-induced forgetting: The benefit of being forgotten.,JEPLMC,2008,34,1,230-236,True,True,True,True,True
Row.5,10.1037/0278-7393.34.1.237,The intermixed-blocked effect in human perceptual learning is not the consequence of trial spacing.,JEPLMC,2008,34,1,237-242,True,True,True,True,True
Row.6,10.1037/0278-7393.34.1.97,"A single-system account of the relationship between priming, recognition, and fluency.",JEPLMC,2008,34,1,97-111,True,True,True,True,True
Row.7,10.1037/0278-7393.34.1.219,Modeling distributions of immediate memory effects: No strategies needed?,JEPLMC,2008,34,1,219-229,True,True,True,True,True
Row.8,10.1037/0278-7393.34.3.460,Stereotypes and retrieval-provoked illusory source recollections.,JEPLMC,2008,34,3,460-477,True,True,True,True,True
Row.10,10.1037/0278-7393.34.2.430,Across-notation automatic numerical processing.,JEPLMC,2008,34,2,430-437,True,True,True,True,True
Row.11,10.1037/0278-7393.34.1.65,Attractor dynamics and semantic neighborhood density: Processing is slowed by near neighbors and speeded by distant neighbors.,JEPLMC,2008,34,1,65-79,True,True,True,True,True
Row.12,10.1037/0278-7393.34.1.243,When does between-sequence phonological similarity promote irrelevant sound disruption?,JEPLMC,2008,34,1,243-248,True,True,True,True,True
Row.13,10.1037/0278-7393.34.3.546,Bidirectional associations in multiplication memory: Conditions of negative and positive transfer.,JEPLMC,2008,34,3,546-555,True,True,True,True,True
Row.15,10.1037/0278-7393.34.3.514,The Stroop effect: Why proportion congruent has nothing to do with congruency and everything to do with contingency.,JEPLMC,2008,34,3,514-523,True,True,True,True,True
Row.17,10.1037/0278-7393.34.1.186,The ultimate sampling dilemma in experience-based decision making.,JEPLMC,2008,34,1,186-203,True,True,True,True,True
Row.19,10.1037/0278-7393.34.3.439,How to say no: Single- and dual-process theories of short-term recognition tested on negative probes.,JEPLMC,2008,34,3,439-459,True,True,True,True,True
Row.20,10.1037/0278-7393.34.2.408,"Intentional forgetting is easier after two ""shots"" than one.",JEPLMC,2008,34,2,408-414,True,True,True,True,True
Row.22,10.1037/0278-7393.34.2.302,How does bilingualism improve executive control? A comparison of active and reactive inhibition mechanisms.,JEPLMC,2008,34,2,302-312,True,True,True,True,True
Row.24,10.1037/0278-7393.34.2.343,Priming addition facts with semantic relations.,JEPLMC,2008,34,2,343-352,True,True,True,True,True
Row.25,10.1037/0278-7393.34.3.524,Learning correct responses and errors in the Hebb repetition effect: Two faces of the same coin.,JEPLMC,2008,34,3,524-532,True,True,True,True,True
Row.26,10.1037/0278-7393.34.1.50,Contextual effects on reading aloud: Evidence for pathway control.,JEPLMC,2008,34,1,50-64,True,True,True,True,True
Row.27,10.1037/0278-7393.34.3.495,On the additive effects of stimulus quality and word frequency in lexical decision: Evidence for opposing interactive influences revealed by RT distributional analyses.,JEPLMC,2008,34,3,495-513,True,True,True,True,True
Row.28,10.1037/0278-7393.34.1.249,Semantic interference in a delayed naming task: Evidence for the response exclusion hypothesis.,JEPLMC,2008,34,1,249-256,True,True,True,True,True
Row.29,10.1037/0278-7393.34.2.399,Multidimensional visual statistical learning.,JEPLMC,2008,34,2,399-407,True,True,True,True,True
Row.32,10.1037/0278-7393.34.1.204,Accounting for occurrences: A new view of the use of contingency information in causal judgment.,JEPLMC,2008,34,1,204-218,True,True,True,True,True
Row.33,10.1037/0278-7393.34.1.128,Multiple roles for time in short-term memory: Evidence from serial recall of order and timing.,JEPLMC,2008,34,1,128-145,True,True,True,True,True
Row.36,10.1037/0278-7393.34.1.80,An attention-based associative account of adjacent and nonadjacent dependency learning.,JEPLMC,2008,34,1,80-96,True,True,True,True,True
Row.37,10.1037/0278-7393.34.2.369,Orienting attention in visual working memory reduces interference from memory probes.,JEPLMC,2008,34,2,369-380,True,True,True,True,True
Row.39,10.1037/0278-7393.34.1.167,Decision making and learning while taking sequential risks.,JEPLMC,2008,34,1,167-185,True,True,True,True,True
Row.43,10.1037/0022-3514.95.1.76,The rejection of moral rebels: Resenting those who do the right thing.,JPSP,2008,95,1,76-93,True,True,True,True,True
Row.44,10.1037/0022-3514.94.1.16,Why do implicit and explicit attitude tests diverge? The role of structural fit.,JPSP,2008,94,1,16-31,True,True,True,True,True
Row.46,10.1037/0022-3514.94.4.718,"The developmental psychometrics of big five self-reports: Acquiescence, factor structure, coherence, and differentiation from ages 10 to 20.",JPSP,2008,94,4,718-737,True,True,True,True,True
Row.48,10.1037/0022-3514.94.4.696,Terror management and adults' attachment to their parents: The safe haven remains.,JPSP,2008,94,4,696-717,True,True,True,True,True
Row.49,10.1037/a0012833,Increasing and decreasing motor and cognitive output: A model of general action and inaction goals.,JPSP,2008,95,3,510-523,True,True,True,True,True
Row.52,10.1037/0022-3514.94.4.560,Affective incoherence: When affective concepts and embodied reactions clash.,JPSP,2008,94,4,560-578,True,True,True,True,True
Row.53,10.1037/0022-3514.94.1.60,Individual differences in the regulation of intergroup bias: The role of conflict monitoring and neural signals for control.,JPSP,2008,94,1,60-74,True,True,True,False,True
Row.55,10.1037/0022-3514.94.1.1,Left frontal cortical activation and spreading of alternatives: Tests of the action-based model of dissonance.,JPSP,2008,94,1,1-15,True,True,False,True,True
Row.56,10.1037/0022-3514.94.4.600,A social functional approach to emotions in bargaining: When communicating anger pays and when it backfires.,JPSP,2008,94,4,600-614,True,True,True,True,True
Row.58,10.1037/0022-3514.95.2.420,"""Walking on eggshells"": How expressing relationship insecurities perpetuates them.",JPSP,2008,95,2,420-441,True,True,True,True,True
Row.59,10.1037/0022-3514.94.4.647,How the head liberates the heart: Projection of communal responsiveness guides relationship promotion.,JPSP,2008,94,4,647-671,True,True,True,True,True
Row.61,10.1037/0022-3514.94.1.158,Poignancy: Mixed emotional experience in the face of meaningful endings.,JPSP,2008,94,1,158-167,True,True,True,True,True
Row.63,10.1037/0022-3514.94.1.48,1/f noise and effort on implicit measures of bias.,JPSP,2008,94,1,48-59,True,True,True,True,True
Row.64,10.1037/0022-3514.94.4.579,The effect of global versus local processing styles on assimilation versus contrast in social judgment.,JPSP,2008,94,4,579-599,True,True,True,True,True
Row.65,10.1037/0022-3514.94.3.495,Not so innocent: Does seeing one's own capability for wrongdoing predict forgiveness?,JPSP,2008,94,3,495-515,True,True,True,False,True
Row.68,10.1037/0022-3514.95.2.293,Why people are reluctant to tempt fate.,JPSP,2008,95,2,293-307,True,True,True,True,True
Row.69,10.1037/0022-3514.94.3.516,The nonverbal expression of pride: Evidence for cross-cultural recognition.,JPSP,2008,94,3,516-530,True,True,True,True,True
Row.71,10.1037/0022-3514.94.4.672,On the relative independence of thinking biases and cognitive ability.,JPSP,2008,94,4,672-695,True,True,True,True,True
Row.72,10.1037/0022-3514.94.2.94.2.196,Opening the mind to close it: Considering a message in light of important values increases message processing and later resistance to change.,JPSP,2008,94,2,196-213,True,True,True,True,True
Row.73,10.1037/0022-3514.94.5.871,Distinguishing between silent and vocal minorities: Not all deviants feel marginal.,JPSP,2008,94,5,871-882,True,True,True,True,True
Row.77,10.1037/0022-3514.94.2.183,Dynamics of self-regulation: How (un)accomplished goal actions affect motivation.,JPSP,2008,94,2,183-195,True,True,True,True,True
Row.80,10.1037/0022-3514.94.3.396,The effects of an implemental mind-set on attitude strength.,JPSP,2008,94,3,396-411,True,True,True,True,True
Row.81,10.1037/0022-3514.94.1.116,A needs-based model of reconciliation: Satisfying the differential emotional needs of victim and perpetrator as a key to promoting reconciliation.,JPSP,2008,94,1,116-132,True,True,True,True,True
Row.82,10.1111/j.1467-9280.2008.02054.x,The Face of Success,PS,2008,19,2,109-111,False,True,True,False,True
Row.84,10.1037/0022-3514.94.2.94.2.231,Selective exposure and information quantity: How different information quantities moderate decision makers' preference for consistent and inconsistent information.,JPSP,2008,94,2,231-244,True,True,True,True,True
Row.86,10.1037/0022-3514.94.3.382,Self-regulation and selective exposure: The impact of depleted self-regulation resources on confirmatory information processing.,JPSP,2008,94,3,382-395,True,True,True,True,True
Row.87,10.1037/0022-3514.94.1.91,The space between us: Stereotype threat and distance in interracial contexts.,JPSP,2008,94,1,91-107,True,True,True,True,True
Row.89,10.1037/0022-3514.94.2.245,Sex differences in mate preferences revisited: Do people know what they initially desire in a romantic partner?,JPSP,2008,94,2,245-264,True,True,True,True,True
Row.93,10.1037/0022-3514.94.3.429,Balancing connectedness and self-protection goals in close relationships: A levels-of-processing perspective on risk regulation.,JPSP,2008,94,3,429-459,True,True,True,True,True
Row.94,10.1037/0022-3514.95.2.274,"Self-handicapping, excuse making, and counterfactual thinking: Consequences for self-esteem and future motivation.",JPSP,2008,95,2,274-292,True,True,True,True,True
Row.97,10.1037/0022-3514.94.4.615,Social identity contingencies: How diversity cues signal threat or safety for African Americans in mainstream institutions.,JPSP,2008,94,4,615-630,True,True,True,True,True
Row.104,10.1111/j.1467-9280.2008.02062.x,"Effects of Fluency on Psychological Distance and Mental Construal (or Why New York Is a Large City, but
                    <i>New York</i>
                    Is a Civilized Jungle)",PS,2008,19,2,161-167,True,True,True,True,True
Row.106,10.1111/j.1467-9280.2008.02066.x,More Than Meets the Eye,PS,2008,19,2,189-195,False,True,True,False,True
Row.107,10.1111/j.1467-9280.2008.02078.x,Nonconscious Goal Pursuit in Novel Environments,PS,2008,19,3,261-267,False,True,True,False,True
Row.110,10.1111/j.1467-9280.2008.02092.x,Perceptual Mechanisms That Characterize Gender Differences in Decoding Women's Sexual Intent,PS,2008,19,4,348-354,True,True,True,True,True
Row.111,10.1111/j.1467-9280.2008.02057.x,Precision of the Anchor Influences the Amount of Adjustment,PS,2008,19,2,121-127,True,True,True,True,True
Row.112,10.1111/j.1467-9280.2008.02041.x,Action Dynamics Reveal Parallel Competition in Decision Making,PS,2008,19,1,22-24,True,True,True,True,True
Row.113,10.1111/j.1467-9280.2008.02089.x,Prescribed Optimism: Is It Right to Be Wrong About the Future?,PS,2008,19,4,329-331,True,True,True,True,True
Row.114,10.1111/j.1467-9280.2008.02043.x,Age-Related Changes in the Episodic Simulation of Future Events,PS,2008,19,1,33-41,True,True,True,True,True
Row.115,10.1111/j.1467-9280.2008.02069.x,Preschoolers' Perspective Taking in Word Learning,PS,2008,19,3,211-215,False,True,True,False,True
Row.116,10.1111/j.1467-9280.2008.02136.x,Measuring the Crowd Within,PS,2008,19,7,645-647,False,True,True,False,True
Row.117,10.1111/j.1467-9280.2008.02046.x,"Temporal Selection is Suppressed, Delayed, and Diffused During the Attentional Blink",PS,2008,19,1,55-61,True,True,True,True,True
Row.118,10.1111/j.1467-9280.2008.02077.x,"Toward a Physiology of Dual-Process Reasoning and Judgment: Lemonade, Willpower, and Expensive Rule-Based Analysis",PS,2008,19,3,255-260,True,True,True,True,True
Row.120,10.1111/j.1467-9280.2008.02053.x,Errors Are Aversive,PS,2008,19,2,103-108,False,True,True,False,True
Row.121,10.1111/j.1467-9280.2008.02091.x,The Sunny Side of Fairness,PS,2008,19,4,339-347,False,True,True,False,True
Row.122,10.1111/j.1467-9280.2008.02098.x,The Representation of Simple Ensemble Visual Features Outside the Focus of Attention,PS,2008,19,4,392-398,True,True,True,True,True
Row.124,10.1111/j.1467-9280.2008.02040.x,Loving Those Who Justify Inequality,PS,2008,19,1,20-21,False,True,True,False,True
Row.127,10.1111/j.1467-9280.2008.02080.x,A Motion Aftereffect From Still Photographs Depicting Motion,PS,2008,19,3,276-283,True,True,True,True,True
Row.129,10.1111/j.1467-9280.2008.02052.x,The Threat of Appearing Prejudiced and Race-Based Attentional Biases,PS,2008,19,2,98-102,True,True,True,True,True
Row.132,10.1111/j.1467-9280.2008.02072.x,Where Do We Look During Potentially Offensive Behavior?,PS,2008,19,3,226-228,True,True,True,True,True
Row.133,10.1111/j.1467-9280.2008.02064.x,Adaptive Memory,PS,2008,19,2,176-180,False,True,True,False,True
Row.134,10.1111/j.1467-9280.2008.02095.x,"Is Happiness Having What You Want, Wanting What You Have, or Both?",PS,2008,19,4,371-377,True,True,True,True,True
Row.135,10.1111/j.1467-9280.2008.02076.x,Implicit Attitude Generalization Occurs Immediately; Explicit Attitude Generalization Takes Time,PS,2008,19,3,249-254,True,True,True,True,True
Row.136,10.1111/j.1467-9280.2008.02045.x,The Value of Believing in Free Will,PS,2008,19,1,49-54,False,True,True,False,True
Row.139,10.1111/j.1467-9280.2008.02050.x,Auditory Change Detection: Simple Sounds Are Not Memorized Better Than Complex Sounds,PS,2008,19,1,85-91,True,True,True,True,True
Row.140,10.1111/j.1467-9280.2008.02084.x,Keeping One's Distance,PS,2008,19,3,302-308,False,True,True,False,True
Row.142,10.1111/j.1467-9280.2008.02088.x,Hedonic and Instrumental Motives in Anger Regulation,PS,2008,19,4,324-328,True,True,True,True,True
Row.143,10.1111/j.1467-9280.2008.02056.x,Creating Social Connection Through Inferential Reproduction,PS,2008,19,2,114-120,False,True,True,False,True
Row.145,10.1111/j.1467-9280.2008.02100.x,“In-Group Love” and “Out-Group Hate” as Motives for Individual Participation in Intergroup Conflict,PS,2008,19,4,405-411,False,True,True,False,True
Row.146,10.1111/j.1467-9280.2008.02070.x,A Word-Order Constraint on Phonological Activation,PS,2008,19,3,216-220,True,True,True,True,True
Row.148,10.1111/j.1467-9280.2008.02060.x,The Best Men Are (Not Always) Already Taken,PS,2008,19,2,145-151,False,True,True,False,True
Row.150,10.1111/j.1467-9280.2008.02044.x,Sensitivity to Object Viewpoint and Action Instructions During Search for Targets in the Lower Visual Field,PS,2008,19,1,42-47,True,True,True,True,True
Row.151,10.1111/j.1467-9280.2008.02227.x,With a Clean Conscience,PS,2008,19,12,1219-1222,False,True,True,False,True
Row.153,10.1111/j.1467-9280.2008.02049.x,Extremal Edge,PS,2008,19,1,77-83,False,True,True,False,True
Row.154,10.1111/j.1467-9280.2008.02085.x,What Do Cross-National Comparisons of Personality Traits Tell Us?,PS,2008,19,4,309-313,False,True,True,False,True
Row.155,10.1111/j.1467-9280.2008.02093.x,Personality Dominance and Preferential Use of the Vertical Dimension of Space,PS,2008,19,4,355-361,True,True,True,True,True
Row.158,10.1111/j.1467-9280.2008.02042.x,Conflict-Triggered Goal Shielding,PS,2008,19,1,25-32,False,True,True,False,True
Row.161,10.1111/j.1467-9280.2008.02081.x,Detecting the Snake in the Grass,PS,2008,19,3,284-289,False,True,True,False,True
Row.165,10.1111/j.1467-9280.2008.02039.x,The Value Heuristic in Judgments of Relative Frequency,PS,2008,19,1,18-19,True,True,True,True,True
Row.167,10.1111/j.1467-9280.2008.02051.x,"Head Up, Foot Down",PS,2008,19,2,93-97,False,True,True,False,True
