"sample","year","flag","papers","mean","median"
"primary",2016,0,45,4.95555555555556,4
"primary",2016,1,90,3.45555555555556,3
"primary",2017,0,45,5.46666666666667,5
"primary",2017,1,90,3.55555555555556,2
"primary",2018,0,45,5.06666666666667,3
"primary",2018,1,90,3.27777777777778,3
"primary",2019,0,45,4.82222222222222,4
"primary",2019,1,90,3.24444444444444,2
"primary",2020,0,45,5.31111111111111,4
"primary",2020,1,90,3.62222222222222,2
"primary",2021,0,45,4.93333333333333,3
"primary",2021,1,90,3.12222222222222,2
"primary",2022,0,45,4.97777777777778,3
"primary",2022,1,90,2.75555555555556,2
"primary",2023,0,45,3.88888888888889,2
"primary",2023,1,90,2.48888888888889,2
"primary",2024,0,45,3.68888888888889,2
"primary",2024,1,90,2.21111111111111,1
"primary",2025,0,45,3.28888888888889,2
"primary",2025,1,90,1.82222222222222,1
"older_cohort",2014,0,26,4.15384615384615,3.5
"older_cohort",2014,1,50,2.86,2
"older_cohort",2015,0,26,6.26923076923077,4
"older_cohort",2015,1,50,3.86,3.5
"older_cohort",2016,0,26,5.73076923076923,4.5
"older_cohort",2016,1,50,3.68,3
"older_cohort",2017,0,26,5.73076923076923,5
"older_cohort",2017,1,50,3.36,2
"older_cohort",2018,0,26,5.57692307692308,3
"older_cohort",2018,1,50,2.72,2
"older_cohort",2019,0,26,5.23076923076923,4
"older_cohort",2019,1,50,2.94,2
"older_cohort",2020,0,26,5.96153846153846,4.5
"older_cohort",2020,1,50,3.02,2
"older_cohort",2021,0,26,5.03846153846154,3
"older_cohort",2021,1,50,2.76,2
"older_cohort",2022,0,26,5.57692307692308,4
"older_cohort",2022,1,50,2.22,2
"older_cohort",2023,0,26,4.03846153846154,2.5
"older_cohort",2023,1,50,2.42,2
"older_cohort",2024,0,26,3.38461538461538,1.5
"older_cohort",2024,1,50,1.94,1
"older_cohort",2025,0,26,3,2
"older_cohort",2025,1,50,1.56,1
