"paper_id","flag","before","after","change","specification"
"lazic_21190827",0,2,3,1,"primary"
"lazic_21513798",0,4,1,-3,"primary"
"lazic_21893170",0,12,6,-6,"primary"
"lazic_22023958",0,5,4,-1,"primary"
"lazic_22210394",0,4,3,-1,"primary"
"lazic_22348036",0,22,21,-1,"primary"
"lazic_22464150",0,4,5,1,"primary"
"lazic_22467025",0,1,0,-1,"primary"
"lazic_22645107",0,4,0,-4,"primary"
"lazic_22692087",0,4,4,0,"primary"
"lazic_22764249",0,6,9,3,"primary"
"lazic_22916128",0,1,3,2,"primary"
"lazic_22958366",0,6,4,-2,"primary"
"lazic_23280060",0,2,1,-1,"primary"
"lazic_23295412",0,4,7,3,"primary"
"lazic_23315950",0,15,10,-5,"primary"
"lazic_23428582",0,7,4,-3,"primary"
"lazic_23516451",0,6,7,1,"primary"
"lazic_23592748",0,7,4,-3,"primary"
"lazic_23714075",0,3,0,-3,"primary"
"lazic_23793357",0,1,7,6,"primary"
"lazic_23892646",0,0,3,3,"primary"
"lazic_23949616",0,10,12,2,"primary"
"lazic_23959066",0,5,3,-2,"primary"
"lazic_23966683",0,7,3,-4,"primary"
"lazic_24326014",0,7,12,5,"primary"
"lazic_24451982",0,12,5,-7,"primary"
"lazic_24486713",0,6,12,6,"primary"
"lazic_24583039",0,1,0,-1,"primary"
"lazic_24594617",0,7,1,-6,"primary"
"lazic_24913803",0,2,1,-1,"primary"
"lazic_24925022",0,1,1,0,"primary"
"lazic_24979775",0,6,8,2,"primary"
"lazic_25092052",0,0,0,0,"primary"
"lazic_25231347",0,0,2,2,"primary"
"lazic_25232145",0,6,13,7,"primary"
"lazic_25266448",0,4,3,-1,"primary"
"lazic_25441581",0,8,8,0,"primary"
"lazic_25707689",0,0,4,4,"primary"
"lazic_25715988",0,9,3,-6,"primary"
"lazic_25771125",0,2,2,0,"primary"
"lazic_25771129",0,1,1,0,"primary"
"lazic_25792016",0,1,0,-1,"primary"
"lazic_26188107",0,1,8,7,"primary"
"lazic_26272536",0,7,9,2,"primary"
"lazic_21290249",1,1,0,-1,"primary"
"lazic_21377655",1,6,6,0,"primary"
"lazic_21787449",1,5,2,-3,"primary"
"lazic_21856408",1,0,0,0,"primary"
"lazic_21900122",1,4,6,2,"primary"
"lazic_21930963",1,6,6,0,"primary"
"lazic_21963399",1,1,2,1,"primary"
"lazic_22000863",1,0,0,0,"primary"
"lazic_22050261",1,0,0,0,"primary"
"lazic_22160775",1,5,6,1,"primary"
"lazic_22178135",1,4,2,-2,"primary"
"lazic_22230260",1,6,4,-2,"primary"
"lazic_22290326",1,4,1,-3,"primary"
"lazic_22326588",1,1,1,0,"primary"
"lazic_22377090",1,2,1,-1,"primary"
"lazic_22395468",1,4,3,-1,"primary"
"lazic_22424599",1,2,2,0,"primary"
"lazic_22426025",1,8,2,-6,"primary"
"lazic_22486162",1,0,1,1,"primary"
"lazic_22609825",1,0,0,0,"primary"
"lazic_22648583",1,3,1,-2,"primary"
"lazic_22702519",1,3,2,-1,"primary"
"lazic_22776160",1,2,0,-2,"primary"
"lazic_22914075",1,0,0,0,"primary"
"lazic_23078415",1,3,2,-1,"primary"
"lazic_23095255",1,2,1,-1,"primary"
"lazic_23104247",1,3,3,0,"primary"
"lazic_23245215",1,1,2,1,"primary"
"lazic_23255587",1,3,4,1,"primary"
"lazic_23283698",1,9,6,-3,"primary"
"lazic_23314109",1,20,14,-6,"primary"
"lazic_23328078",1,7,3,-4,"primary"
"lazic_23353758",1,8,3,-5,"primary"
"lazic_23406750",1,2,2,0,"primary"
"lazic_23488802",1,3,4,1,"primary"
"lazic_23536325",1,1,1,0,"primary"
"lazic_23700465",1,9,5,-4,"primary"
"lazic_23744881",1,1,2,1,"primary"
"lazic_23819696",1,2,2,0,"primary"
"lazic_23856009",1,5,4,-1,"primary"
"lazic_23915337",1,1,2,1,"primary"
"lazic_24005185",1,1,2,1,"primary"
"lazic_24060430",1,4,3,-1,"primary"
"lazic_24091367",1,6,3,-3,"primary"
"lazic_24102398",1,2,1,-1,"primary"
"lazic_24126190",1,0,1,1,"primary"
"lazic_24129217",1,8,13,5,"primary"
"lazic_24139910",1,7,9,2,"primary"
"lazic_24224789",1,10,5,-5,"primary"
"lazic_24279743",1,5,6,1,"primary"
"lazic_24358374",1,4,1,-3,"primary"
"lazic_24427280",1,0,1,1,"primary"
"lazic_24445301",1,5,2,-3,"primary"
"lazic_24574094",1,6,0,-6,"primary"
"lazic_24577229",1,11,12,1,"primary"
"lazic_24586432",1,0,0,0,"primary"
"lazic_24621066",1,0,0,0,"primary"
"lazic_24667147",1,2,2,0,"primary"
"lazic_24725099",1,4,4,0,"primary"
"lazic_24780497",1,7,7,0,"primary"
"lazic_24796820",1,4,3,-1,"primary"
"lazic_24819035",1,3,4,1,"primary"
"lazic_24903743",1,2,1,-1,"primary"
"lazic_24950432",1,5,0,-5,"primary"
"lazic_24963152",1,2,4,2,"primary"
"lazic_24998948",1,3,3,0,"primary"
"lazic_25158235",1,5,9,4,"primary"
"lazic_25255222",1,6,2,-4,"primary"
"lazic_25445065",1,4,6,2,"primary"
"lazic_25638314",1,2,1,-1,"primary"
"lazic_25668515",1,2,5,3,"primary"
"lazic_25720733",1,3,5,2,"primary"
"lazic_25765514",1,6,7,1,"primary"
"lazic_25817235",1,5,5,0,"primary"
"lazic_25817757",1,1,1,0,"primary"
"lazic_25882586",1,1,1,0,"primary"
"lazic_25948073",1,0,0,0,"primary"
"lazic_25971747",1,1,5,4,"primary"
"lazic_26023231",1,3,2,-1,"primary"
"lazic_26039681",1,2,1,-1,"primary"
"lazic_26054440",1,2,6,4,"primary"
"lazic_26073126",1,1,3,2,"primary"
"lazic_26143539",1,6,8,2,"primary"
"lazic_26147005",1,0,1,1,"primary"
"lazic_26163151",1,0,0,0,"primary"
"lazic_26260748",1,3,4,1,"primary"
"lazic_26393487",1,4,8,4,"primary"
"lazic_26410608",1,0,2,2,"primary"
"lazic_26602365",1,4,11,7,"primary"
"lazic_26631470",1,2,4,2,"primary"
"lazic_21190827",0,2,3,1,"all_classified"
"lazic_21513798",0,4,1,-3,"all_classified"
"lazic_21893170",0,12,6,-6,"all_classified"
"lazic_22023958",0,5,4,-1,"all_classified"
"lazic_22210394",0,4,3,-1,"all_classified"
"lazic_22348036",0,22,21,-1,"all_classified"
"lazic_22464150",0,4,5,1,"all_classified"
"lazic_22467025",0,1,0,-1,"all_classified"
"lazic_22645107",0,4,0,-4,"all_classified"
"lazic_22692087",0,4,4,0,"all_classified"
"lazic_22764249",0,6,9,3,"all_classified"
"lazic_22916128",0,1,3,2,"all_classified"
"lazic_22958366",0,6,4,-2,"all_classified"
"lazic_23280060",0,2,1,-1,"all_classified"
"lazic_23295412",0,4,7,3,"all_classified"
"lazic_23315950",0,15,10,-5,"all_classified"
"lazic_23428582",0,7,4,-3,"all_classified"
"lazic_23516451",0,6,7,1,"all_classified"
"lazic_23592748",0,7,4,-3,"all_classified"
"lazic_23714075",0,3,0,-3,"all_classified"
"lazic_23793357",0,1,7,6,"all_classified"
"lazic_23892646",0,0,3,3,"all_classified"
"lazic_23949616",0,10,12,2,"all_classified"
"lazic_23959066",0,5,3,-2,"all_classified"
"lazic_23966683",0,7,3,-4,"all_classified"
"lazic_24326014",0,7,12,5,"all_classified"
"lazic_24451982",0,12,5,-7,"all_classified"
"lazic_24486713",0,6,12,6,"all_classified"
"lazic_24583039",0,1,0,-1,"all_classified"
"lazic_24594617",0,7,1,-6,"all_classified"
"lazic_24913803",0,2,1,-1,"all_classified"
"lazic_24925022",0,1,1,0,"all_classified"
"lazic_24979775",0,6,8,2,"all_classified"
"lazic_25092052",0,0,0,0,"all_classified"
"lazic_25231347",0,0,2,2,"all_classified"
"lazic_25232145",0,6,13,7,"all_classified"
"lazic_25266448",0,4,3,-1,"all_classified"
"lazic_25441581",0,8,8,0,"all_classified"
"lazic_25707689",0,0,4,4,"all_classified"
"lazic_25715988",0,9,3,-6,"all_classified"
"lazic_25771125",0,2,2,0,"all_classified"
"lazic_25771129",0,1,1,0,"all_classified"
"lazic_25792016",0,1,0,-1,"all_classified"
"lazic_26188107",0,1,8,7,"all_classified"
"lazic_26272536",0,7,9,2,"all_classified"
"lazic_21290249",1,1,0,-1,"all_classified"
"lazic_21377655",1,6,6,0,"all_classified"
"lazic_21787449",1,5,2,-3,"all_classified"
"lazic_21856408",1,0,0,0,"all_classified"
"lazic_21900122",1,4,6,2,"all_classified"
"lazic_21930963",1,6,6,0,"all_classified"
"lazic_21963399",1,1,2,1,"all_classified"
"lazic_22000863",1,0,0,0,"all_classified"
"lazic_22050261",1,0,0,0,"all_classified"
"lazic_22160775",1,5,6,1,"all_classified"
"lazic_22178135",1,4,2,-2,"all_classified"
"lazic_22230260",1,6,4,-2,"all_classified"
"lazic_22290326",1,4,1,-3,"all_classified"
"lazic_22326588",1,1,1,0,"all_classified"
"lazic_22377090",1,2,1,-1,"all_classified"
"lazic_22395468",1,4,3,-1,"all_classified"
"lazic_22424599",1,2,2,0,"all_classified"
"lazic_22426025",1,8,2,-6,"all_classified"
"lazic_22486162",1,0,1,1,"all_classified"
"lazic_22609825",1,0,0,0,"all_classified"
"lazic_22648583",1,3,1,-2,"all_classified"
"lazic_22702519",1,3,2,-1,"all_classified"
"lazic_22776160",1,2,0,-2,"all_classified"
"lazic_22914075",1,0,0,0,"all_classified"
"lazic_23078415",1,3,2,-1,"all_classified"
"lazic_23095255",1,2,1,-1,"all_classified"
"lazic_23104247",1,3,3,0,"all_classified"
"lazic_23245215",1,1,2,1,"all_classified"
"lazic_23255587",1,3,4,1,"all_classified"
"lazic_23283698",1,9,6,-3,"all_classified"
"lazic_23314109",1,20,14,-6,"all_classified"
"lazic_23328078",1,7,3,-4,"all_classified"
"lazic_23353758",1,8,3,-5,"all_classified"
"lazic_23406750",1,2,2,0,"all_classified"
"lazic_23449593",1,41,31,-10,"all_classified"
"lazic_23488802",1,3,4,1,"all_classified"
"lazic_23536325",1,1,1,0,"all_classified"
"lazic_23700465",1,9,5,-4,"all_classified"
"lazic_23744881",1,1,2,1,"all_classified"
"lazic_23819696",1,2,2,0,"all_classified"
"lazic_23856009",1,5,4,-1,"all_classified"
"lazic_23915337",1,1,2,1,"all_classified"
"lazic_24005185",1,1,2,1,"all_classified"
"lazic_24060430",1,4,3,-1,"all_classified"
"lazic_24091367",1,6,3,-3,"all_classified"
"lazic_24102398",1,2,1,-1,"all_classified"
"lazic_24126190",1,0,1,1,"all_classified"
"lazic_24129217",1,8,13,5,"all_classified"
"lazic_24139910",1,7,9,2,"all_classified"
"lazic_24224789",1,10,5,-5,"all_classified"
"lazic_24279743",1,5,6,1,"all_classified"
"lazic_24358374",1,4,1,-3,"all_classified"
"lazic_24427280",1,0,1,1,"all_classified"
"lazic_24445301",1,5,2,-3,"all_classified"
"lazic_24574094",1,6,0,-6,"all_classified"
"lazic_24577229",1,11,12,1,"all_classified"
"lazic_24586432",1,0,0,0,"all_classified"
"lazic_24621066",1,0,0,0,"all_classified"
"lazic_24667147",1,2,2,0,"all_classified"
"lazic_24725099",1,4,4,0,"all_classified"
"lazic_24780497",1,7,7,0,"all_classified"
"lazic_24796820",1,4,3,-1,"all_classified"
"lazic_24819035",1,3,4,1,"all_classified"
"lazic_24903743",1,2,1,-1,"all_classified"
"lazic_24950432",1,5,0,-5,"all_classified"
"lazic_24963152",1,2,4,2,"all_classified"
"lazic_24998948",1,3,3,0,"all_classified"
"lazic_25158235",1,5,9,4,"all_classified"
"lazic_25255222",1,6,2,-4,"all_classified"
"lazic_25445065",1,4,6,2,"all_classified"
"lazic_25638314",1,2,1,-1,"all_classified"
"lazic_25668515",1,2,5,3,"all_classified"
"lazic_25720733",1,3,5,2,"all_classified"
"lazic_25765514",1,6,7,1,"all_classified"
"lazic_25817235",1,5,5,0,"all_classified"
"lazic_25817757",1,1,1,0,"all_classified"
"lazic_25882586",1,1,1,0,"all_classified"
"lazic_25948073",1,0,0,0,"all_classified"
"lazic_25971747",1,1,5,4,"all_classified"
"lazic_26023231",1,3,2,-1,"all_classified"
"lazic_26039681",1,2,1,-1,"all_classified"
"lazic_26054440",1,2,6,4,"all_classified"
"lazic_26073126",1,1,3,2,"all_classified"
"lazic_26143539",1,6,8,2,"all_classified"
"lazic_26147005",1,0,1,1,"all_classified"
"lazic_26163151",1,0,0,0,"all_classified"
"lazic_26260748",1,3,4,1,"all_classified"
"lazic_26393487",1,4,8,4,"all_classified"
"lazic_26410608",1,0,2,2,"all_classified"
"lazic_26602365",1,4,11,7,"all_classified"
"lazic_26631470",1,2,4,2,"all_classified"
"lazic_21190827",0,2,3,1,"exclude_all_prior_errata"
"lazic_21513798",0,4,1,-3,"exclude_all_prior_errata"
"lazic_21893170",0,12,6,-6,"exclude_all_prior_errata"
"lazic_22023958",0,5,4,-1,"exclude_all_prior_errata"
"lazic_22210394",0,4,3,-1,"exclude_all_prior_errata"
"lazic_22348036",0,22,21,-1,"exclude_all_prior_errata"
"lazic_22464150",0,4,5,1,"exclude_all_prior_errata"
"lazic_22467025",0,1,0,-1,"exclude_all_prior_errata"
"lazic_22645107",0,4,0,-4,"exclude_all_prior_errata"
"lazic_22692087",0,4,4,0,"exclude_all_prior_errata"
"lazic_22764249",0,6,9,3,"exclude_all_prior_errata"
"lazic_22916128",0,1,3,2,"exclude_all_prior_errata"
"lazic_22958366",0,6,4,-2,"exclude_all_prior_errata"
"lazic_23280060",0,2,1,-1,"exclude_all_prior_errata"
"lazic_23295412",0,4,7,3,"exclude_all_prior_errata"
"lazic_23315950",0,15,10,-5,"exclude_all_prior_errata"
"lazic_23428582",0,7,4,-3,"exclude_all_prior_errata"
"lazic_23516451",0,6,7,1,"exclude_all_prior_errata"
"lazic_23592748",0,7,4,-3,"exclude_all_prior_errata"
"lazic_23714075",0,3,0,-3,"exclude_all_prior_errata"
"lazic_23793357",0,1,7,6,"exclude_all_prior_errata"
"lazic_23892646",0,0,3,3,"exclude_all_prior_errata"
"lazic_23949616",0,10,12,2,"exclude_all_prior_errata"
"lazic_23959066",0,5,3,-2,"exclude_all_prior_errata"
"lazic_23966683",0,7,3,-4,"exclude_all_prior_errata"
"lazic_24326014",0,7,12,5,"exclude_all_prior_errata"
"lazic_24451982",0,12,5,-7,"exclude_all_prior_errata"
"lazic_24486713",0,6,12,6,"exclude_all_prior_errata"
"lazic_24583039",0,1,0,-1,"exclude_all_prior_errata"
"lazic_24594617",0,7,1,-6,"exclude_all_prior_errata"
"lazic_24913803",0,2,1,-1,"exclude_all_prior_errata"
"lazic_24925022",0,1,1,0,"exclude_all_prior_errata"
"lazic_24979775",0,6,8,2,"exclude_all_prior_errata"
"lazic_25092052",0,0,0,0,"exclude_all_prior_errata"
"lazic_25231347",0,0,2,2,"exclude_all_prior_errata"
"lazic_25232145",0,6,13,7,"exclude_all_prior_errata"
"lazic_25266448",0,4,3,-1,"exclude_all_prior_errata"
"lazic_25441581",0,8,8,0,"exclude_all_prior_errata"
"lazic_25715988",0,9,3,-6,"exclude_all_prior_errata"
"lazic_25771125",0,2,2,0,"exclude_all_prior_errata"
"lazic_25771129",0,1,1,0,"exclude_all_prior_errata"
"lazic_25792016",0,1,0,-1,"exclude_all_prior_errata"
"lazic_26188107",0,1,8,7,"exclude_all_prior_errata"
"lazic_26272536",0,7,9,2,"exclude_all_prior_errata"
"lazic_21290249",1,1,0,-1,"exclude_all_prior_errata"
"lazic_21377655",1,6,6,0,"exclude_all_prior_errata"
"lazic_21787449",1,5,2,-3,"exclude_all_prior_errata"
"lazic_21856408",1,0,0,0,"exclude_all_prior_errata"
"lazic_21900122",1,4,6,2,"exclude_all_prior_errata"
"lazic_21930963",1,6,6,0,"exclude_all_prior_errata"
"lazic_21963399",1,1,2,1,"exclude_all_prior_errata"
"lazic_22000863",1,0,0,0,"exclude_all_prior_errata"
"lazic_22050261",1,0,0,0,"exclude_all_prior_errata"
"lazic_22160775",1,5,6,1,"exclude_all_prior_errata"
"lazic_22178135",1,4,2,-2,"exclude_all_prior_errata"
"lazic_22230260",1,6,4,-2,"exclude_all_prior_errata"
"lazic_22290326",1,4,1,-3,"exclude_all_prior_errata"
"lazic_22326588",1,1,1,0,"exclude_all_prior_errata"
"lazic_22377090",1,2,1,-1,"exclude_all_prior_errata"
"lazic_22395468",1,4,3,-1,"exclude_all_prior_errata"
"lazic_22424599",1,2,2,0,"exclude_all_prior_errata"
"lazic_22426025",1,8,2,-6,"exclude_all_prior_errata"
"lazic_22486162",1,0,1,1,"exclude_all_prior_errata"
"lazic_22609825",1,0,0,0,"exclude_all_prior_errata"
"lazic_22648583",1,3,1,-2,"exclude_all_prior_errata"
"lazic_22702519",1,3,2,-1,"exclude_all_prior_errata"
"lazic_22776160",1,2,0,-2,"exclude_all_prior_errata"
"lazic_22914075",1,0,0,0,"exclude_all_prior_errata"
"lazic_23078415",1,3,2,-1,"exclude_all_prior_errata"
"lazic_23095255",1,2,1,-1,"exclude_all_prior_errata"
"lazic_23104247",1,3,3,0,"exclude_all_prior_errata"
"lazic_23245215",1,1,2,1,"exclude_all_prior_errata"
"lazic_23255587",1,3,4,1,"exclude_all_prior_errata"
"lazic_23283698",1,9,6,-3,"exclude_all_prior_errata"
"lazic_23314109",1,20,14,-6,"exclude_all_prior_errata"
"lazic_23328078",1,7,3,-4,"exclude_all_prior_errata"
"lazic_23353758",1,8,3,-5,"exclude_all_prior_errata"
"lazic_23406750",1,2,2,0,"exclude_all_prior_errata"
"lazic_23488802",1,3,4,1,"exclude_all_prior_errata"
"lazic_23536325",1,1,1,0,"exclude_all_prior_errata"
"lazic_23700465",1,9,5,-4,"exclude_all_prior_errata"
"lazic_23744881",1,1,2,1,"exclude_all_prior_errata"
"lazic_23819696",1,2,2,0,"exclude_all_prior_errata"
"lazic_23856009",1,5,4,-1,"exclude_all_prior_errata"
"lazic_23915337",1,1,2,1,"exclude_all_prior_errata"
"lazic_24005185",1,1,2,1,"exclude_all_prior_errata"
"lazic_24060430",1,4,3,-1,"exclude_all_prior_errata"
"lazic_24091367",1,6,3,-3,"exclude_all_prior_errata"
"lazic_24102398",1,2,1,-1,"exclude_all_prior_errata"
"lazic_24126190",1,0,1,1,"exclude_all_prior_errata"
"lazic_24129217",1,8,13,5,"exclude_all_prior_errata"
"lazic_24139910",1,7,9,2,"exclude_all_prior_errata"
"lazic_24224789",1,10,5,-5,"exclude_all_prior_errata"
"lazic_24279743",1,5,6,1,"exclude_all_prior_errata"
"lazic_24358374",1,4,1,-3,"exclude_all_prior_errata"
"lazic_24427280",1,0,1,1,"exclude_all_prior_errata"
"lazic_24445301",1,5,2,-3,"exclude_all_prior_errata"
"lazic_24574094",1,6,0,-6,"exclude_all_prior_errata"
"lazic_24577229",1,11,12,1,"exclude_all_prior_errata"
"lazic_24586432",1,0,0,0,"exclude_all_prior_errata"
"lazic_24621066",1,0,0,0,"exclude_all_prior_errata"
"lazic_24667147",1,2,2,0,"exclude_all_prior_errata"
"lazic_24725099",1,4,4,0,"exclude_all_prior_errata"
"lazic_24780497",1,7,7,0,"exclude_all_prior_errata"
"lazic_24796820",1,4,3,-1,"exclude_all_prior_errata"
"lazic_24819035",1,3,4,1,"exclude_all_prior_errata"
"lazic_24903743",1,2,1,-1,"exclude_all_prior_errata"
"lazic_24950432",1,5,0,-5,"exclude_all_prior_errata"
"lazic_24963152",1,2,4,2,"exclude_all_prior_errata"
"lazic_24998948",1,3,3,0,"exclude_all_prior_errata"
"lazic_25158235",1,5,9,4,"exclude_all_prior_errata"
"lazic_25255222",1,6,2,-4,"exclude_all_prior_errata"
"lazic_25445065",1,4,6,2,"exclude_all_prior_errata"
"lazic_25668515",1,2,5,3,"exclude_all_prior_errata"
"lazic_25720733",1,3,5,2,"exclude_all_prior_errata"
"lazic_25765514",1,6,7,1,"exclude_all_prior_errata"
"lazic_25817235",1,5,5,0,"exclude_all_prior_errata"
"lazic_25817757",1,1,1,0,"exclude_all_prior_errata"
"lazic_25882586",1,1,1,0,"exclude_all_prior_errata"
"lazic_25948073",1,0,0,0,"exclude_all_prior_errata"
"lazic_25971747",1,1,5,4,"exclude_all_prior_errata"
"lazic_26023231",1,3,2,-1,"exclude_all_prior_errata"
"lazic_26039681",1,2,1,-1,"exclude_all_prior_errata"
"lazic_26054440",1,2,6,4,"exclude_all_prior_errata"
"lazic_26073126",1,1,3,2,"exclude_all_prior_errata"
"lazic_26143539",1,6,8,2,"exclude_all_prior_errata"
"lazic_26147005",1,0,1,1,"exclude_all_prior_errata"
"lazic_26163151",1,0,0,0,"exclude_all_prior_errata"
"lazic_26260748",1,3,4,1,"exclude_all_prior_errata"
"lazic_26393487",1,4,8,4,"exclude_all_prior_errata"
"lazic_26410608",1,0,2,2,"exclude_all_prior_errata"
"lazic_26602365",1,4,11,7,"exclude_all_prior_errata"
"lazic_26631470",1,2,4,2,"exclude_all_prior_errata"
"lazic_21190827",0,2,3,1,"older_cohort"
"lazic_21513798",0,4,1,-3,"older_cohort"
"lazic_21893170",0,12,6,-6,"older_cohort"
"lazic_22023958",0,5,4,-1,"older_cohort"
"lazic_22210394",0,4,3,-1,"older_cohort"
"lazic_22348036",0,22,21,-1,"older_cohort"
"lazic_22464150",0,4,5,1,"older_cohort"
"lazic_22467025",0,1,0,-1,"older_cohort"
"lazic_22645107",0,4,0,-4,"older_cohort"
"lazic_22692087",0,4,4,0,"older_cohort"
"lazic_22764249",0,6,9,3,"older_cohort"
"lazic_22916128",0,1,3,2,"older_cohort"
"lazic_22958366",0,6,4,-2,"older_cohort"
"lazic_23280060",0,2,1,-1,"older_cohort"
"lazic_23295412",0,4,7,3,"older_cohort"
"lazic_23315950",0,15,10,-5,"older_cohort"
"lazic_23428582",0,7,4,-3,"older_cohort"
"lazic_23516451",0,6,7,1,"older_cohort"
"lazic_23592748",0,7,4,-3,"older_cohort"
"lazic_23714075",0,3,0,-3,"older_cohort"
"lazic_23793357",0,1,7,6,"older_cohort"
"lazic_23892646",0,0,3,3,"older_cohort"
"lazic_23949616",0,10,12,2,"older_cohort"
"lazic_23959066",0,5,3,-2,"older_cohort"
"lazic_23966683",0,7,3,-4,"older_cohort"
"lazic_24326014",0,7,12,5,"older_cohort"
"lazic_21290249",1,1,0,-1,"older_cohort"
"lazic_21377655",1,6,6,0,"older_cohort"
"lazic_21787449",1,5,2,-3,"older_cohort"
"lazic_21856408",1,0,0,0,"older_cohort"
"lazic_21900122",1,4,6,2,"older_cohort"
"lazic_21930963",1,6,6,0,"older_cohort"
"lazic_21963399",1,1,2,1,"older_cohort"
"lazic_22000863",1,0,0,0,"older_cohort"
"lazic_22050261",1,0,0,0,"older_cohort"
"lazic_22160775",1,5,6,1,"older_cohort"
"lazic_22178135",1,4,2,-2,"older_cohort"
"lazic_22230260",1,6,4,-2,"older_cohort"
"lazic_22290326",1,4,1,-3,"older_cohort"
"lazic_22326588",1,1,1,0,"older_cohort"
"lazic_22377090",1,2,1,-1,"older_cohort"
"lazic_22395468",1,4,3,-1,"older_cohort"
"lazic_22424599",1,2,2,0,"older_cohort"
"lazic_22426025",1,8,2,-6,"older_cohort"
"lazic_22486162",1,0,1,1,"older_cohort"
"lazic_22609825",1,0,0,0,"older_cohort"
"lazic_22648583",1,3,1,-2,"older_cohort"
"lazic_22702519",1,3,2,-1,"older_cohort"
"lazic_22776160",1,2,0,-2,"older_cohort"
"lazic_22914075",1,0,0,0,"older_cohort"
"lazic_23078415",1,3,2,-1,"older_cohort"
"lazic_23095255",1,2,1,-1,"older_cohort"
"lazic_23104247",1,3,3,0,"older_cohort"
"lazic_23245215",1,1,2,1,"older_cohort"
"lazic_23255587",1,3,4,1,"older_cohort"
"lazic_23283698",1,9,6,-3,"older_cohort"
"lazic_23314109",1,20,14,-6,"older_cohort"
"lazic_23328078",1,7,3,-4,"older_cohort"
"lazic_23353758",1,8,3,-5,"older_cohort"
"lazic_23406750",1,2,2,0,"older_cohort"
"lazic_23488802",1,3,4,1,"older_cohort"
"lazic_23536325",1,1,1,0,"older_cohort"
"lazic_23700465",1,9,5,-4,"older_cohort"
"lazic_23744881",1,1,2,1,"older_cohort"
"lazic_23819696",1,2,2,0,"older_cohort"
"lazic_23856009",1,5,4,-1,"older_cohort"
"lazic_23915337",1,1,2,1,"older_cohort"
"lazic_24005185",1,1,2,1,"older_cohort"
"lazic_24060430",1,4,3,-1,"older_cohort"
"lazic_24091367",1,6,3,-3,"older_cohort"
"lazic_24102398",1,2,1,-1,"older_cohort"
"lazic_24126190",1,0,1,1,"older_cohort"
"lazic_24129217",1,8,13,5,"older_cohort"
"lazic_24139910",1,7,9,2,"older_cohort"
"lazic_24279743",1,5,6,1,"older_cohort"
"lazic_24358374",1,4,1,-3,"older_cohort"
"lazic_21190827",0,2,1.33333333333333,-0.666666666666667,"longer_window"
"lazic_21513798",0,4,1.66666666666667,-2.33333333333333,"longer_window"
"lazic_21893170",0,12,10.6666666666667,-1.33333333333333,"longer_window"
"lazic_22023958",0,5,5.66666666666667,0.666666666666667,"longer_window"
"lazic_22210394",0,4,1.33333333333333,-2.66666666666667,"longer_window"
"lazic_22348036",0,22,25.6666666666667,3.66666666666667,"longer_window"
"lazic_22464150",0,4,4.66666666666667,0.666666666666667,"longer_window"
"lazic_22467025",0,1,0,-1,"longer_window"
"lazic_22645107",0,4,0.333333333333333,-3.66666666666667,"longer_window"
"lazic_22692087",0,4,4,0,"longer_window"
"lazic_22764249",0,6,9.33333333333333,3.33333333333333,"longer_window"
"lazic_22916128",0,1,2,1,"longer_window"
"lazic_22958366",0,6,2.66666666666667,-3.33333333333333,"longer_window"
"lazic_23280060",0,2,1,-1,"longer_window"
"lazic_23295412",0,4,4.33333333333333,0.333333333333333,"longer_window"
"lazic_23315950",0,15,9,-6,"longer_window"
"lazic_23428582",0,7,4.33333333333333,-2.66666666666667,"longer_window"
"lazic_23516451",0,6,7,1,"longer_window"
"lazic_23592748",0,7,3.33333333333333,-3.66666666666667,"longer_window"
"lazic_23714075",0,3,0.666666666666667,-2.33333333333333,"longer_window"
"lazic_23793357",0,1,7,6,"longer_window"
"lazic_23892646",0,0,1.33333333333333,1.33333333333333,"longer_window"
"lazic_23949616",0,10,13.3333333333333,3.33333333333333,"longer_window"
"lazic_23959066",0,5,4.66666666666667,-0.333333333333333,"longer_window"
"lazic_23966683",0,7,4.66666666666667,-2.33333333333333,"longer_window"
"lazic_24326014",0,7,10.6666666666667,3.66666666666667,"longer_window"
"lazic_24451982",0,12,5.33333333333333,-6.66666666666667,"longer_window"
"lazic_24486713",0,6,10,4,"longer_window"
"lazic_24583039",0,1,0.666666666666667,-0.333333333333333,"longer_window"
"lazic_24594617",0,7,1.66666666666667,-5.33333333333333,"longer_window"
"lazic_24913803",0,2,5.66666666666667,3.66666666666667,"longer_window"
"lazic_24925022",0,1,1.33333333333333,0.333333333333333,"longer_window"
"lazic_24979775",0,6,14.3333333333333,8.33333333333333,"longer_window"
"lazic_25092052",0,0,0,0,"longer_window"
"lazic_25231347",0,0,1.66666666666667,1.66666666666667,"longer_window"
"lazic_25232145",0,6,10,4,"longer_window"
"lazic_25266448",0,4,2,-2,"longer_window"
"lazic_25441581",0,8,6,-2,"longer_window"
"lazic_25707689",0,0,3,3,"longer_window"
"lazic_25715988",0,9,2.33333333333333,-6.66666666666667,"longer_window"
"lazic_25771125",0,2,2.66666666666667,0.666666666666667,"longer_window"
"lazic_25771129",0,1,3,2,"longer_window"
"lazic_25792016",0,1,0.333333333333333,-0.666666666666667,"longer_window"
"lazic_26188107",0,1,7,6,"longer_window"
"lazic_26272536",0,7,8.33333333333333,1.33333333333333,"longer_window"
"lazic_21290249",1,1,0,-1,"longer_window"
"lazic_21377655",1,6,4.66666666666667,-1.33333333333333,"longer_window"
"lazic_21787449",1,5,2,-3,"longer_window"
"lazic_21856408",1,0,0,0,"longer_window"
"lazic_21900122",1,4,3.33333333333333,-0.666666666666667,"longer_window"
"lazic_21930963",1,6,7,1,"longer_window"
"lazic_21963399",1,1,1.66666666666667,0.666666666666667,"longer_window"
"lazic_22000863",1,0,0,0,"longer_window"
"lazic_22050261",1,0,0,0,"longer_window"
"lazic_22160775",1,5,3.33333333333333,-1.66666666666667,"longer_window"
"lazic_22178135",1,4,3,-1,"longer_window"
"lazic_22230260",1,6,3,-3,"longer_window"
"lazic_22290326",1,4,1,-3,"longer_window"
"lazic_22326588",1,1,1,0,"longer_window"
"lazic_22377090",1,2,1.66666666666667,-0.333333333333333,"longer_window"
"lazic_22395468",1,4,2,-2,"longer_window"
"lazic_22424599",1,2,0.666666666666667,-1.33333333333333,"longer_window"
"lazic_22426025",1,8,1.66666666666667,-6.33333333333333,"longer_window"
"lazic_22486162",1,0,0.333333333333333,0.333333333333333,"longer_window"
"lazic_22609825",1,0,0,0,"longer_window"
"lazic_22648583",1,3,2.66666666666667,-0.333333333333333,"longer_window"
"lazic_22702519",1,3,1.33333333333333,-1.66666666666667,"longer_window"
"lazic_22776160",1,2,0.333333333333333,-1.66666666666667,"longer_window"
"lazic_22914075",1,0,0,0,"longer_window"
"lazic_23078415",1,3,2,-1,"longer_window"
"lazic_23095255",1,2,0.666666666666667,-1.33333333333333,"longer_window"
"lazic_23104247",1,3,3.66666666666667,0.666666666666667,"longer_window"
"lazic_23245215",1,1,0.666666666666667,-0.333333333333333,"longer_window"
"lazic_23255587",1,3,2.33333333333333,-0.666666666666667,"longer_window"
"lazic_23283698",1,9,4.33333333333333,-4.66666666666667,"longer_window"
"lazic_23314109",1,20,15.3333333333333,-4.66666666666667,"longer_window"
"lazic_23328078",1,7,2.66666666666667,-4.33333333333333,"longer_window"
"lazic_23353758",1,8,5.66666666666667,-2.33333333333333,"longer_window"
"lazic_23406750",1,2,6.66666666666667,4.66666666666667,"longer_window"
"lazic_23488802",1,3,3,0,"longer_window"
"lazic_23536325",1,1,0.666666666666667,-0.333333333333333,"longer_window"
"lazic_23700465",1,9,4,-5,"longer_window"
"lazic_23744881",1,1,2,1,"longer_window"
"lazic_23819696",1,2,1.33333333333333,-0.666666666666667,"longer_window"
"lazic_23856009",1,5,5.33333333333333,0.333333333333333,"longer_window"
"lazic_23915337",1,1,0.666666666666667,-0.333333333333333,"longer_window"
"lazic_24005185",1,1,3.33333333333333,2.33333333333333,"longer_window"
"lazic_24060430",1,4,3.33333333333333,-0.666666666666667,"longer_window"
"lazic_24091367",1,6,4.33333333333333,-1.66666666666667,"longer_window"
"lazic_24102398",1,2,3.33333333333333,1.33333333333333,"longer_window"
"lazic_24126190",1,0,1.66666666666667,1.66666666666667,"longer_window"
"lazic_24129217",1,8,12.6666666666667,4.66666666666667,"longer_window"
"lazic_24139910",1,7,7,0,"longer_window"
"lazic_24224789",1,10,6.33333333333333,-3.66666666666667,"longer_window"
"lazic_24279743",1,5,6.66666666666667,1.66666666666667,"longer_window"
"lazic_24358374",1,4,1.33333333333333,-2.66666666666667,"longer_window"
"lazic_24427280",1,0,1.33333333333333,1.33333333333333,"longer_window"
"lazic_24445301",1,5,2,-3,"longer_window"
"lazic_24574094",1,6,1,-5,"longer_window"
"lazic_24577229",1,11,10.6666666666667,-0.333333333333334,"longer_window"
"lazic_24586432",1,0,0,0,"longer_window"
"lazic_24621066",1,0,0,0,"longer_window"
"lazic_24667147",1,2,1.66666666666667,-0.333333333333333,"longer_window"
"lazic_24725099",1,4,3.33333333333333,-0.666666666666667,"longer_window"
"lazic_24780497",1,7,10,3,"longer_window"
"lazic_24796820",1,4,4.33333333333333,0.333333333333333,"longer_window"
"lazic_24819035",1,3,3.33333333333333,0.333333333333333,"longer_window"
"lazic_24903743",1,2,4,2,"longer_window"
"lazic_24950432",1,5,2,-3,"longer_window"
"lazic_24963152",1,2,3,1,"longer_window"
"lazic_24998948",1,3,3,0,"longer_window"
"lazic_25158235",1,5,7,2,"longer_window"
"lazic_25255222",1,6,5,-1,"longer_window"
"lazic_25445065",1,4,6.66666666666667,2.66666666666667,"longer_window"
"lazic_25638314",1,2,1.33333333333333,-0.666666666666667,"longer_window"
"lazic_25668515",1,2,5,3,"longer_window"
"lazic_25720733",1,3,2.66666666666667,-0.333333333333333,"longer_window"
"lazic_25765514",1,6,6.66666666666667,0.666666666666667,"longer_window"
"lazic_25817235",1,5,7,2,"longer_window"
"lazic_25817757",1,1,0.666666666666667,-0.333333333333333,"longer_window"
"lazic_25882586",1,1,0.333333333333333,-0.666666666666667,"longer_window"
"lazic_25948073",1,0,0,0,"longer_window"
"lazic_25971747",1,1,4,3,"longer_window"
"lazic_26023231",1,3,3.33333333333333,0.333333333333333,"longer_window"
"lazic_26039681",1,2,3,1,"longer_window"
"lazic_26054440",1,2,3,1,"longer_window"
"lazic_26073126",1,1,2.66666666666667,1.66666666666667,"longer_window"
"lazic_26143539",1,6,7.66666666666667,1.66666666666667,"longer_window"
"lazic_26147005",1,0,0.666666666666667,0.666666666666667,"longer_window"
"lazic_26163151",1,0,0,0,"longer_window"
"lazic_26260748",1,3,3.66666666666667,0.666666666666667,"longer_window"
"lazic_26393487",1,4,8.33333333333333,4.33333333333333,"longer_window"
"lazic_26410608",1,0,2.33333333333333,2.33333333333333,"longer_window"
"lazic_26602365",1,4,13.3333333333333,9.33333333333333,"longer_window"
"lazic_26631470",1,2,4,2,"longer_window"
"lazic_21190827",0,2,2,0,"pretrend"
"lazic_21513798",0,1,4,3,"pretrend"
"lazic_21893170",0,6,12,6,"pretrend"
"lazic_22023958",0,3,5,2,"pretrend"
"lazic_22210394",0,4,4,0,"pretrend"
"lazic_22348036",0,20,22,2,"pretrend"
"lazic_22464150",0,1,4,3,"pretrend"
"lazic_22467025",0,1,1,0,"pretrend"
"lazic_22645107",0,3,4,1,"pretrend"
"lazic_22692087",0,4,4,0,"pretrend"
"lazic_22764249",0,8,6,-2,"pretrend"
"lazic_22916128",0,5,1,-4,"pretrend"
"lazic_22958366",0,3,6,3,"pretrend"
"lazic_23280060",0,1,2,1,"pretrend"
"lazic_23295412",0,3,4,1,"pretrend"
"lazic_23315950",0,8,15,7,"pretrend"
"lazic_23428582",0,4,7,3,"pretrend"
"lazic_23516451",0,0,6,6,"pretrend"
"lazic_23592748",0,6,7,1,"pretrend"
"lazic_23714075",0,1,3,2,"pretrend"
"lazic_23793357",0,0,1,1,"pretrend"
"lazic_23892646",0,1,0,-1,"pretrend"
"lazic_23949616",0,8,10,2,"pretrend"
"lazic_23959066",0,6,5,-1,"pretrend"
"lazic_23966683",0,4,7,3,"pretrend"
"lazic_24326014",0,5,7,2,"pretrend"
"lazic_21290249",1,0,1,1,"pretrend"
"lazic_21377655",1,5,6,1,"pretrend"
"lazic_21787449",1,5,5,0,"pretrend"
"lazic_21856408",1,0,0,0,"pretrend"
"lazic_21900122",1,3,4,1,"pretrend"
"lazic_21930963",1,6,6,0,"pretrend"
"lazic_21963399",1,4,1,-3,"pretrend"
"lazic_22000863",1,1,0,-1,"pretrend"
"lazic_22050261",1,0,0,0,"pretrend"
"lazic_22160775",1,2,5,3,"pretrend"
"lazic_22178135",1,1,4,3,"pretrend"
"lazic_22230260",1,5,6,1,"pretrend"
"lazic_22290326",1,0,4,4,"pretrend"
"lazic_22326588",1,4,1,-3,"pretrend"
"lazic_22377090",1,4,2,-2,"pretrend"
"lazic_22395468",1,4,4,0,"pretrend"
"lazic_22424599",1,3,2,-1,"pretrend"
"lazic_22426025",1,3,8,5,"pretrend"
"lazic_22486162",1,2,0,-2,"pretrend"
"lazic_22609825",1,1,0,-1,"pretrend"
"lazic_22648583",1,0,3,3,"pretrend"
"lazic_22702519",1,0,3,3,"pretrend"
"lazic_22776160",1,1,2,1,"pretrend"
"lazic_22914075",1,0,0,0,"pretrend"
"lazic_23078415",1,2,3,1,"pretrend"
"lazic_23095255",1,2,2,0,"pretrend"
"lazic_23104247",1,3,3,0,"pretrend"
"lazic_23245215",1,1,1,0,"pretrend"
"lazic_23255587",1,1,3,2,"pretrend"
"lazic_23283698",1,7,9,2,"pretrend"
"lazic_23314109",1,16,20,4,"pretrend"
"lazic_23328078",1,4,7,3,"pretrend"
"lazic_23353758",1,3,8,5,"pretrend"
"lazic_23406750",1,5,2,-3,"pretrend"
"lazic_23488802",1,3,3,0,"pretrend"
"lazic_23536325",1,1,1,0,"pretrend"
"lazic_23700465",1,10,9,-1,"pretrend"
"lazic_23744881",1,2,1,-1,"pretrend"
"lazic_23819696",1,0,2,2,"pretrend"
"lazic_23856009",1,2,5,3,"pretrend"
"lazic_23915337",1,2,1,-1,"pretrend"
"lazic_24005185",1,4,1,-3,"pretrend"
"lazic_24060430",1,1,4,3,"pretrend"
"lazic_24091367",1,1,6,5,"pretrend"
"lazic_24102398",1,2,2,0,"pretrend"
"lazic_24126190",1,0,0,0,"pretrend"
"lazic_24129217",1,4,8,4,"pretrend"
"lazic_24139910",1,8,7,-1,"pretrend"
"lazic_24279743",1,2,5,3,"pretrend"
"lazic_24358374",1,3,4,1,"pretrend"
"lazic_21190827",0,2,5,3,"first_followup_year"
"lazic_21513798",0,4,2,-2,"first_followup_year"
"lazic_21893170",0,12,10,-2,"first_followup_year"
"lazic_22023958",0,5,5,0,"first_followup_year"
"lazic_22210394",0,4,3,-1,"first_followup_year"
"lazic_22348036",0,22,23,1,"first_followup_year"
"lazic_22464150",0,4,1,-3,"first_followup_year"
"lazic_22467025",0,1,1,0,"first_followup_year"
"lazic_22645107",0,4,0,-4,"first_followup_year"
"lazic_22692087",0,4,2,-2,"first_followup_year"
"lazic_22764249",0,6,13,7,"first_followup_year"
"lazic_22916128",0,1,1,0,"first_followup_year"
"lazic_22958366",0,6,3,-3,"first_followup_year"
"lazic_23280060",0,2,3,1,"first_followup_year"
"lazic_23295412",0,4,5,1,"first_followup_year"
"lazic_23315950",0,15,14,-1,"first_followup_year"
"lazic_23428582",0,7,5,-2,"first_followup_year"
"lazic_23516451",0,6,3,-3,"first_followup_year"
"lazic_23592748",0,7,1,-6,"first_followup_year"
"lazic_23714075",0,3,0,-3,"first_followup_year"
"lazic_23793357",0,1,6,5,"first_followup_year"
"lazic_23892646",0,0,1,1,"first_followup_year"
"lazic_23949616",0,10,15,5,"first_followup_year"
"lazic_23959066",0,5,9,4,"first_followup_year"
"lazic_23966683",0,7,2,-5,"first_followup_year"
"lazic_24326014",0,7,12,5,"first_followup_year"
"lazic_24451982",0,12,2,-10,"first_followup_year"
"lazic_24486713",0,6,8,2,"first_followup_year"
"lazic_24583039",0,1,1,0,"first_followup_year"
"lazic_24594617",0,7,3,-4,"first_followup_year"
"lazic_24913803",0,2,5,3,"first_followup_year"
"lazic_24925022",0,1,1,0,"first_followup_year"
"lazic_24979775",0,6,14,8,"first_followup_year"
"lazic_25092052",0,0,2,2,"first_followup_year"
"lazic_25231347",0,0,3,3,"first_followup_year"
"lazic_25232145",0,6,10,4,"first_followup_year"
"lazic_25266448",0,4,2,-2,"first_followup_year"
"lazic_25441581",0,8,1,-7,"first_followup_year"
"lazic_25707689",0,0,4,4,"first_followup_year"
"lazic_25715988",0,9,4,-5,"first_followup_year"
"lazic_25771125",0,2,6,4,"first_followup_year"
"lazic_25771129",0,1,2,1,"first_followup_year"
"lazic_25792016",0,1,1,0,"first_followup_year"
"lazic_26188107",0,1,7,6,"first_followup_year"
"lazic_26272536",0,7,7,0,"first_followup_year"
"lazic_21290249",1,1,0,-1,"first_followup_year"
"lazic_21377655",1,6,3,-3,"first_followup_year"
"lazic_21787449",1,5,3,-2,"first_followup_year"
"lazic_21856408",1,0,1,1,"first_followup_year"
"lazic_21900122",1,4,1,-3,"first_followup_year"
"lazic_21930963",1,6,6,0,"first_followup_year"
"lazic_21963399",1,1,3,2,"first_followup_year"
"lazic_22000863",1,0,0,0,"first_followup_year"
"lazic_22050261",1,0,0,0,"first_followup_year"
"lazic_22160775",1,5,4,-1,"first_followup_year"
"lazic_22178135",1,4,5,1,"first_followup_year"
"lazic_22230260",1,6,7,1,"first_followup_year"
"lazic_22290326",1,4,0,-4,"first_followup_year"
"lazic_22326588",1,1,1,0,"first_followup_year"
"lazic_22377090",1,2,1,-1,"first_followup_year"
"lazic_22395468",1,4,0,-4,"first_followup_year"
"lazic_22424599",1,2,0,-2,"first_followup_year"
"lazic_22426025",1,8,2,-6,"first_followup_year"
"lazic_22486162",1,0,1,1,"first_followup_year"
"lazic_22609825",1,0,0,0,"first_followup_year"
"lazic_22648583",1,3,1,-2,"first_followup_year"
"lazic_22702519",1,3,3,0,"first_followup_year"
"lazic_22776160",1,2,0,-2,"first_followup_year"
"lazic_22914075",1,0,0,0,"first_followup_year"
"lazic_23078415",1,3,0,-3,"first_followup_year"
"lazic_23095255",1,2,0,-2,"first_followup_year"
"lazic_23104247",1,3,3,0,"first_followup_year"
"lazic_23245215",1,1,2,1,"first_followup_year"
"lazic_23255587",1,3,1,-2,"first_followup_year"
"lazic_23283698",1,9,5,-4,"first_followup_year"
"lazic_23314109",1,20,15,-5,"first_followup_year"
"lazic_23328078",1,7,5,-2,"first_followup_year"
"lazic_23353758",1,8,3,-5,"first_followup_year"
"lazic_23406750",1,2,3,1,"first_followup_year"
"lazic_23488802",1,3,1,-2,"first_followup_year"
"lazic_23536325",1,1,0,-1,"first_followup_year"
"lazic_23700465",1,9,4,-5,"first_followup_year"
"lazic_23744881",1,1,3,2,"first_followup_year"
"lazic_23819696",1,2,1,-1,"first_followup_year"
"lazic_23856009",1,5,5,0,"first_followup_year"
"lazic_23915337",1,1,0,-1,"first_followup_year"
"lazic_24005185",1,1,7,6,"first_followup_year"
"lazic_24060430",1,4,4,0,"first_followup_year"
"lazic_24091367",1,6,4,-2,"first_followup_year"
"lazic_24102398",1,2,4,2,"first_followup_year"
"lazic_24126190",1,0,1,1,"first_followup_year"
"lazic_24129217",1,8,7,-1,"first_followup_year"
"lazic_24139910",1,7,10,3,"first_followup_year"
"lazic_24224789",1,10,9,-1,"first_followup_year"
"lazic_24279743",1,5,6,1,"first_followup_year"
"lazic_24358374",1,4,0,-4,"first_followup_year"
"lazic_24427280",1,0,1,1,"first_followup_year"
"lazic_24445301",1,5,1,-4,"first_followup_year"
"lazic_24574094",1,6,1,-5,"first_followup_year"
"lazic_24577229",1,11,14,3,"first_followup_year"
"lazic_24586432",1,0,0,0,"first_followup_year"
"lazic_24621066",1,0,0,0,"first_followup_year"
"lazic_24667147",1,2,3,1,"first_followup_year"
"lazic_24725099",1,4,8,4,"first_followup_year"
"lazic_24780497",1,7,9,2,"first_followup_year"
"lazic_24796820",1,4,3,-1,"first_followup_year"
"lazic_24819035",1,3,3,0,"first_followup_year"
"lazic_24903743",1,2,2,0,"first_followup_year"
"lazic_24950432",1,5,3,-2,"first_followup_year"
"lazic_24963152",1,2,0,-2,"first_followup_year"
"lazic_24998948",1,3,4,1,"first_followup_year"
"lazic_25158235",1,5,5,0,"first_followup_year"
"lazic_25255222",1,6,8,2,"first_followup_year"
"lazic_25445065",1,4,8,4,"first_followup_year"
"lazic_25638314",1,2,1,-1,"first_followup_year"
"lazic_25668515",1,2,1,-1,"first_followup_year"
"lazic_25720733",1,3,2,-1,"first_followup_year"
"lazic_25765514",1,6,10,4,"first_followup_year"
"lazic_25817235",1,5,10,5,"first_followup_year"
"lazic_25817757",1,1,2,1,"first_followup_year"
"lazic_25882586",1,1,2,1,"first_followup_year"
"lazic_25948073",1,0,0,0,"first_followup_year"
"lazic_25971747",1,1,1,0,"first_followup_year"
"lazic_26023231",1,3,3,0,"first_followup_year"
"lazic_26039681",1,2,2,0,"first_followup_year"
"lazic_26054440",1,2,0,-2,"first_followup_year"
"lazic_26073126",1,1,3,2,"first_followup_year"
"lazic_26143539",1,6,9,3,"first_followup_year"
"lazic_26147005",1,0,2,2,"first_followup_year"
"lazic_26163151",1,0,0,0,"first_followup_year"
"lazic_26260748",1,3,5,2,"first_followup_year"
"lazic_26393487",1,4,8,4,"first_followup_year"
"lazic_26410608",1,0,3,3,"first_followup_year"
"lazic_26602365",1,4,10,6,"first_followup_year"
"lazic_26631470",1,2,3,1,"first_followup_year"
