paper_id,source_title,work_id,doi,title,publication_date,source_year,journal,authors,title_score,previously_checked,identity_evidence,identity_source
iv_Acharya2016,The political legacy of American slavery,https://openalex.org/W1666707582,10.1086/686631,The Political Legacy of American Slavery,2016-05-20,2016,The Journal of Politics,Avidit Raj Acharya;Matthew Blackwell;Maya Sen,1.0,yes,"Title, authors, journal and online/issue-year correspondence reviewed; journal article selected over preprint or dataset.",https://doi.org/10.1086/686631
iv_Alt2015,Credible Sources and Sophisticated Voters: When Does New Information Induce Economic Voting?,https://openalex.org/W3122224516,10.1086/683832,Credible Sources and Sophisticated Voters: When Does New Information Induce Economic Voting?,2015-12-16,2015,The Journal of Politics,James Ε. Alt;David Dreyer Lassen;John Marshall,1.0,yes,"Title, authors, journal and online/issue-year correspondence reviewed; journal article selected over preprint or dataset.",https://doi.org/10.1086/683832
iv_Arias2019,How Large Are the Political Costs of Fiscal Austerity?,https://openalex.org/W2962569529,10.1086/704781,How Large Are the Political Costs of Fiscal Austerity?,2019-07-16,2019,The Journal of Politics,Eric Arias;David Stasavage,1.0,no,"Title, authors, journal and online/issue-year correspondence reviewed; journal article selected over preprint or dataset.",https://doi.org/10.1086/704781
iv_Baccini2021,"Gone For Good: Deindustrialization, White Voter Backlash, and US Presidential Voting",https://openalex.org/W3138544629,10.1017/s0003055421000022,"Gone For Good: Deindustrialization, White Voter Backlash, and US Presidential Voting",2021-03-16,2021,American Political Science Review,Leonardo Baccini;Stephen J. Weymouth,1.0,no,"Title, authors, journal and online/issue-year correspondence reviewed; journal article selected over preprint or dataset.",https://doi.org/10.1017/s0003055421000022
iv_Barth2015,Political Reinforcement: How Rising Inequality Curbs Manifested Welfare Generosity,https://openalex.org/W2109814934,10.1111/ajps.12129,Political Reinforcement: How Rising Inequality Curbs Manifested Welfare Generosity,2014-09-09,2015,American Journal of Political Science,Erling Barth;Henning Finseraas;Karl Ove Moene,1.0,no,"Title, authors, journal and online/issue-year correspondence reviewed; journal article selected over preprint or dataset.",https://doi.org/10.1111/ajps.12129
iv_Bhavnani2018,Local Embeddedness and Bureaucratic Performance: Evidence from India,https://openalex.org/W2765687719,10.1086/694101,Local Embeddedness and Bureaucratic Performance: Evidence from India,2017-10-18,2018,The Journal of Politics,Rikhil R. Bhavnani;Alexander Lee,1.0,no,"Title, authors, journal and online/issue-year correspondence reviewed; journal article selected over preprint or dataset.",https://doi.org/10.1086/694101
iv_Blair2022,When Do UN Peacekeeping Operations Implement Their Mandates?,https://openalex.org/W3185283209,10.1111/ajps.12650,When Do UN Peacekeeping Operations Implement Their Mandates?,2021-07-28,2021,American Journal of Political Science,Robert Blair;Jessica Di Salvatore;Hannah Smidt,1.0,no,"Title, authors, journal and online/issue-year correspondence reviewed; journal article selected over preprint or dataset.",https://doi.org/10.1111/ajps.12650
iv_Blattman2014,How to Promote Order and Property Rights under Weak Rule of Law? An Experiment in Changing Dispute Resolution Behavior through Community Education,https://openalex.org/W2061578897,10.1017/s0003055413000543,How to Promote Order and Property Rights under Weak Rule of Law? An Experiment in Changing Dispute Resolution Behavior through Community Education,2014-02-01,2014,American Political Science Review,Christopher Blattman;Alexandra Hartman;Robert Blair,1.0,no,"Title, authors, journal and online/issue-year correspondence reviewed; journal article selected over preprint or dataset.",https://doi.org/10.1017/s0003055413000543
iv_Carnegie2017,"Foreign Aid, Human Rights, and Democracy Promotion: Evidence from a Natural Experiment",https://openalex.org/W2770733723,10.1111/ajps.12289,"Foreign Aid, Human Rights, and Democracy Promotion: Evidence from a Natural Experiment",2017-01-18,2017,American Journal of Political Science,Allison Sovey Carnegie;Nikolay Marinov,1.0,yes,"Title, authors, journal and online/issue-year correspondence reviewed; journal article selected over preprint or dataset.",https://doi.org/10.1111/ajps.12289
iv_Charron2013,Why Do Some Regions in Europe Have a Higher Quality of Government?,https://openalex.org/W2146962676,10.1017/s0022381613000510,Why Do Some Regions in Europe Have a Higher Quality of Government?,2013-05-24,2013,The Journal of Politics,Nicholas Charron;Víctor Lapuente,1.0,no,"Title, authors, journal and online/issue-year correspondence reviewed; journal article selected over preprint or dataset.",https://doi.org/10.1017/s0022381613000510
iv_Charron2017,"Careers, Connections, and Corruption Risks: Investigating the Impact of Bureaucratic Meritocracy on Public Procurement Processes",https://openalex.org/W2541781630,10.1086/687209,"Careers, Connections, and Corruption Risks: Investigating the Impact of Bureaucratic Meritocracy on Public Procurement Processes",2016-10-27,2017,The Journal of Politics,Nicholas Charron;Carl Dahlström;Mihály Fazekas;Víctor Lapuente,1.0,no,"Title, authors, journal and online/issue-year correspondence reviewed; journal article selected over preprint or dataset.",https://doi.org/10.1086/687209
iv_Chong2019,"Urbanization Patterns, Information Diffusion, and Female Voting in Rural Paraguay",https://openalex.org/W2783591999,10.1111/ajps.12404,"Urbanization Patterns, Information Diffusion, and Female Voting in Rural Paraguay",2018-10-25,2019,American Journal of Political Science,Alberto E. Chong;Gianmarco León;Vivian Roza;Martín Valdivia;Gabriela Vega,1.0,no,"Title, authors, journal and online/issue-year correspondence reviewed; journal article selected over preprint or dataset.",https://doi.org/10.1111/ajps.12404
iv_Cirone2018,"Cabinets, Committees, and Careers: The Causal Effect of Committee Service",https://openalex.org/W2803796447,10.1086/697252,"Cabinets, Committees, and Careers: The Causal Effect of Committee Service",2018-05-14,2018,The Journal of Politics,Alexandra E. Cirone;Brenda Van Coppenolle,1.0,no,"Title, authors, journal and online/issue-year correspondence reviewed; journal article selected over preprint or dataset.",https://doi.org/10.1086/697252
iv_Colantone2018a,Global Competition and Brexit,https://openalex.org/W2551246769,10.1017/s0003055417000685,Global Competition and Brexit,2018-03-25,2018,American Political Science Review,Italo Colantone;Piero Stanig,1.0,no,"Title, authors, journal and online/issue-year correspondence reviewed; journal article selected over preprint or dataset.",https://doi.org/10.1017/s0003055417000685
iv_Colantone2018b,The Trade Origins of Economic Nationalism: Import Competition and Voting Behavior in Western Europe,https://openalex.org/W2593926131,10.1111/ajps.12358,The Trade Origins of Economic Nationalism: Import Competition and Voting Behavior in Western Europe,2018-04-18,2018,American Journal of Political Science,Italo Colantone;Piero Stanig,1.0,no,"Title, authors, journal and online/issue-year correspondence reviewed; journal article selected over preprint or dataset.",https://doi.org/10.1111/ajps.12358
iv_Coppock2016,Is voting habit forming? New evidence from experiments and regression discontinuities,https://openalex.org/W1876768982,10.1111/ajps.12210,Is Voting Habit Forming? New Evidence from Experiments and Regression Discontinuities,2015-09-08,2016,American Journal of Political Science,Alexander Coppock;DONALD PHILIP GREEN,1.0,no,"Title, authors, journal and online/issue-year correspondence reviewed; journal article selected over preprint or dataset.",https://doi.org/10.1111/ajps.12210
iv_Croke2016,Deliberate Disengagement: How Education Can Decrease Political Participation in Electoral Authoritarian Regimes,https://openalex.org/W2184779475,10.1017/s0003055416000253,Deliberate Disengagement: How Education Can Decrease Political Participation in Electoral Authoritarian Regimes,2016-08-01,2016,American Political Science Review,Kevin G. Croke;Guy Grossman;Horacio Larreguy;John Marshall,1.0,no,"Title, authors, journal and online/issue-year correspondence reviewed; journal article selected over preprint or dataset.",https://doi.org/10.1017/s0003055416000253
iv_Delao2013,Do conditional cash transfers affect electoral behavior? Evidence from a randomized experiment in Mexico,https://openalex.org/W2138077558,10.1111/j.1540-5907.2012.00617.x,Do Conditional Cash Transfers Affect Electoral Behavior? Evidence from a Randomized Experiment in Mexico,2012-08-30,2013,American Journal of Political Science,Ana L. De La O,1.0,no,"Title, authors, journal and online/issue-year correspondence reviewed; journal article selected over preprint or dataset.",https://doi.org/10.1111/j.1540-5907.2012.00617.x
iv_Dietrich2015,Foreign Aid Allocation Tactics and Democratic Change in Africa,https://openalex.org/W2066408070,10.1086/678976,Foreign Aid Allocation Tactics and Democratic Change in Africa,2015-01-01,2015,The Journal of Politics,Simone Dietrich;Joseph Wright,1.0,no,"Title, authors, journal and online/issue-year correspondence reviewed; journal article selected over preprint or dataset.",https://doi.org/10.1086/678976
iv_Digiuseppe2022,"US Patronage, State Capacity, and Civil Conﬂict",https://openalex.org/W3166342463,10.1086/715598,"US Patronage, State Capacity, and Civil Conflict",2021-06-03,2022,The Journal of Politics,Matthew R DiGiuseppe;Patrick E. Shea,1.0,no,"Title, authors, journal and online/issue-year correspondence reviewed; journal article selected over preprint or dataset.",https://doi.org/10.1086/715598
iv_Dower2018a,Collective Action and Representation in Autocracies: Evidence from Russia’s Great Reforms,https://openalex.org/W3122654211,10.1017/s0003055417000454,Collective Action and Representation in Autocracies: Evidence from Russia’s Great Reforms,2017-11-10,2018,American Political Science Review,Paul Castañeda Dower;Evgeny Finkel;Scott G. Gehlbach;Steven Nafziger,1.0,no,"Title, authors, journal and online/issue-year correspondence reviewed; journal article selected over preprint or dataset.",https://doi.org/10.1017/s0003055417000454
iv_Dube2015,"Bases, bullets, and ballots: The effect of US military aid on political conflict in Colombia",https://openalex.org/W3123510442,10.1086/679021,"Bases, Bullets, and Ballots: The Effect of US Military Aid on Political Conflict in Colombia",2015-01-01,2015,The Journal of Politics,Oeindrila Dube;Suresh Naidu,1.0,no,"Title, authors, journal and online/issue-year correspondence reviewed; journal article selected over preprint or dataset.",https://doi.org/10.1086/679021
iv_Feigenbaum2015,How Legislators Respond to Localized Economic Shocks: Evidence from Chinese Import Competition,https://openalex.org/W2298353726,10.1086/682151,How Legislators Respond to Localized Economic Shocks: Evidence from Chinese Import Competition,2015-07-08,2015,The Journal of Politics,James Feigenbaum;Andrew B. Hall,1.0,no,"Title, authors, journal and online/issue-year correspondence reviewed; journal article selected over preprint or dataset.",https://doi.org/10.1086/682151
iv_Flores2013,"The foreign policy consequences of trade: China’s commercial relations with Africa and Latin America, 1992--2006",https://openalex.org/W2070999525,10.1017/s0022381613000066,"The Foreign Policy Consequences of Trade: China’s Commercial Relations with Africa and Latin America, 1992–2006",2013-04-01,2013,The Journal of Politics,Gustavo A. Flores‐Macías;Sarah E Kreps,1.0,no,"Title, authors, journal and online/issue-year correspondence reviewed; journal article selected over preprint or dataset.",https://doi.org/10.1017/s0022381613000066
iv_Gelbach2012,Private Investment and the Institutionalization of Collective Action in Autocracies: Ruling Parties and Legislatures,https://openalex.org/W3124002238,10.1017/s0022381611001952,Private Investment and the Institutionalization of Collective Action in Autocracies: Ruling Parties and Legislatures,2012-04-01,2012,The Journal of Politics,Scott G. Gehlbach;Philip Keefer,1.0,yes,"Title, authors, journal and online/issue-year correspondence reviewed; journal article selected over preprint or dataset.",https://doi.org/10.1017/s0022381611001952
iv_Gerber2010,"Party Affiliation, Partisanship, and Political Beliefs: A Field Experiment",https://openalex.org/W2890403423,10.1017/s0003055410000407,"Party Affiliation, Partisanship, and Political Beliefs: A Field Experiment",2010-11-01,2010,American Political Science Review,Alan S. Gerber;Gregory A. Huber;Ebonya Washington,1.0,no,"Title, authors, journal and online/issue-year correspondence reviewed; journal article selected over preprint or dataset.",https://doi.org/10.1017/s0003055410000407
iv_Goldstein2017,Cities as Lobbyists,https://openalex.org/W2605544530,10.1111/ajps.12306,Cities as Lobbyists,2017-04-11,2017,American Journal of Political Science,Rebecca Goldstein;Hye Young You,1.0,no,"Title, authors, journal and online/issue-year correspondence reviewed; journal article selected over preprint or dataset.",https://doi.org/10.1111/ajps.12306
iv_Grossman2017,Government fragmentation and public goods provision,https://openalex.org/W2610519040,10.1086/690305,Government Fragmentation and Public Goods Provision,2017-05-02,2017,The Journal of Politics,Guy Grossman;Jan Henryk Pierskalla;Emma Boswell Dean,1.0,yes,"Title, authors, journal and online/issue-year correspondence reviewed; journal article selected over preprint or dataset.",https://doi.org/10.1086/690305
iv_Hager2019_apsr,Ethnic riots and prosocial behavior: Evidence from kyrgyzstan,https://openalex.org/W2972778599,10.1017/s000305541900042x,Ethnic Riots and Prosocial Behavior: Evidence from Kyrgyzstan,2019-09-09,2019,American Political Science Review,Anselm Hager;Krzysztof Krakowski;Max Schaub,1.0,no,"Title, authors, journal and online/issue-year correspondence reviewed; journal article selected over preprint or dataset.",https://doi.org/10.1017/s000305541900042x
iv_Hager2019ajps_a,Do Inheritance Customs Affect Political and Social Inequality?,https://openalex.org/W2969400166,10.1111/ajps.12460,Do Inheritance Customs Affect Political and Social Inequality?,2019-08-21,2019,American Journal of Political Science,Anselm Hager;Hanno Hilbig,1.0,no,"Title, authors, journal and online/issue-year correspondence reviewed; journal article selected over preprint or dataset.",https://doi.org/10.1111/ajps.12460
iv_Hager2022,Does State Repression Spark Protests? Evidence from Secret Police Surveillance in Communist Poland,https://openalex.org/W3201602135,10.1017/s0003055421000770,Does State Repression Spark Protests? Evidence from Secret Police Surveillance in Communist Poland,2021-09-14,2022,American Political Science Review,Anselm Hager;Krzysztof Krakowski,1.0,yes,"Title, authors, journal and online/issue-year correspondence reviewed; journal article selected over preprint or dataset.",https://doi.org/10.1017/s0003055421000770
iv_Healy2013,Childhood Socialization and Political Attitudes: Evidence from a Natural Experiment,https://openalex.org/W2161828590,10.1017/s0022381613000996,Childhood Socialization and Political Attitudes: Evidence from a Natural Experiment,2013-08-23,2013,The Journal of Politics,Andrew Healy;Neil A. Malhotra,1.0,no,"Title, authors, journal and online/issue-year correspondence reviewed; journal article selected over preprint or dataset.",https://doi.org/10.1017/s0022381613000996
iv_Henderson2016_a,Mediating the electoral connection: The information effects of voter signals on legislative behavior,https://openalex.org/W2366761712,10.1086/685380,Mediating the Electoral Connection: The Information Effects of Voter Signals on Legislative Behavior,2016-05-05,2016,The Journal of Politics,John A. Henderson;John Brooks,1.0,no,"Title, authors, journal and online/issue-year correspondence reviewed; journal article selected over preprint or dataset.",https://doi.org/10.1086/685380
iv_Hong2022,In Strongman We Trust: The Political Legacy of the New Village Movement in South Korea,https://openalex.org/W4289528194,10.1111/ajps.12716,In Strongman We Trust: The Political Legacy of the New Village Movement in South Korea,2022-08-01,2022,American Journal of Political Science,Ji Yeon Hong;Sunkyoung Park;Hyunjoo Yang,1.0,no,"Title, authors, journal and online/issue-year correspondence reviewed; journal article selected over preprint or dataset.",https://doi.org/10.1111/ajps.12716
iv_Johns2016,Fear of Crowds in World Trade Organization Disputes: Why Don’t More Countries Participate?,https://openalex.org/W2256585983,10.1086/683193,Fear of Crowds in World Trade Organization Disputes: Why Don’t More Countries Participate?,2015-09-18,2016,The Journal of Politics,Leslie Johns;Krzysztof J Pelc,1.0,no,"Title, authors, journal and online/issue-year correspondence reviewed; journal article selected over preprint or dataset.",https://doi.org/10.1086/683193
iv_Kapoor2018,Independent Candidates and Political Representation in India,https://openalex.org/W2804147862,10.1017/s0003055418000199,Independent Candidates and Political Representation in India,2018-05-16,2018,American Political Science Review,Sacha Kapoor;Arvind Magesan,1.0,no,"Title, authors, journal and online/issue-year correspondence reviewed; journal article selected over preprint or dataset.",https://doi.org/10.1017/s0003055418000199
iv_Kim2019,Direct Democracy and Women's Political Engagement,https://openalex.org/W2922060109,10.1111/ajps.12420,Direct Democracy and Women's Political Engagement,2019-03-12,2019,American Journal of Political Science,Jeong Hyun Kim,1.0,no,"Title, authors, journal and online/issue-year correspondence reviewed; journal article selected over preprint or dataset.",https://doi.org/10.1111/ajps.12420
iv_Kocher2011,Aerial bombing and counterinsurgency in the Vietnam War,https://openalex.org/W2102303177,10.1111/j.1540-5907.2010.00498.x,Aerial Bombing and Counterinsurgency in the Vietnam War,2011-02-01,2011,American Journal of Political Science,Matthew Adam Kocher;Thomas B. Pepinsky;Stathis N. Kalyvas,1.0,no,"Title, authors, journal and online/issue-year correspondence reviewed; journal article selected over preprint or dataset.",https://doi.org/10.1111/j.1540-5907.2010.00498.x
iv_Kriner2014,"Investigating the President: Committee Probes and Presidential Approval, 1953–2006",https://openalex.org/W2126156274,10.1017/s0022381613001448,"Investigating the President: Committee Probes and Presidential Approval, 1953–2006",2014-02-20,2014,The Journal of Politics,Douglas L. Kriner;Eric Schickler,1.0,no,"Title, authors, journal and online/issue-year correspondence reviewed; journal article selected over preprint or dataset.",https://doi.org/10.1017/s0022381613001448
iv_Kuipers2022,The Representational Consequences of Municipal Civil Service Reform,https://openalex.org/W4284894940,10.1017/s0003055422000521,The Representational Consequences of Municipal Civil Service Reform,2022-07-07,2022,American Political Science Review,Nicholas Kuipers;Alexander Sahn,1.0,no,"Title, authors, journal and online/issue-year correspondence reviewed; journal article selected over preprint or dataset.",https://doi.org/10.1017/s0003055422000521
iv_Laitin2016,Language Policy and Human Development,https://openalex.org/W2550126648,10.1017/s0003055416000265,Language Policy and Human Development,2016-08-01,2016,American Political Science Review,David D. Laitin;Rajesh Ramachandran,1.0,no,"Title, authors, journal and online/issue-year correspondence reviewed; journal article selected over preprint or dataset.",https://doi.org/10.1017/s0003055416000265
iv_Lei2022,Private Returns to Public Investment: Political Career Incentives and Infrastructure Investment in China,https://openalex.org/W3157708180,10.1086/715170,Private Returns to Public Investment: Political Career Incentives and Infrastructure Investment in China,2021-05-06,2022,The Journal of Politics,Zhenhuan Lei;Junlong Aaron Zhou,1.0,no,"Title, authors, journal and online/issue-year correspondence reviewed; journal article selected over preprint or dataset.",https://doi.org/10.1086/715170
iv_Lelkes2017,The hostile audience: The effect of access to broadband internet on partisan affect,https://openalex.org/W2226773660,10.1111/ajps.12237,The Hostile Audience: The Effect of Access to Broadband Internet on Partisan Affect,2015-12-23,2017,American Journal of Political Science,Yphtach Lelkes;Gaurav Sood;Shanto Iyengar,1.0,no,"Title, authors, journal and online/issue-year correspondence reviewed; journal article selected over preprint or dataset.",https://doi.org/10.1111/ajps.12237
iv_Lerman2017,Personal Experience and Public Opinion: A Theory and Test of Conditional Policy Feedback,https://openalex.org/W2582671771,10.1086/689286,Personal Experience and Public Opinion: A Theory and Test of Conditional Policy Feedback,2017-01-24,2017,The Journal of Politics,Amy E. Lerman;Katherine T McCabe,1.0,no,"Title, authors, journal and online/issue-year correspondence reviewed; journal article selected over preprint or dataset.",https://doi.org/10.1086/689286
iv_Lopez2020,Policy Deliberation and Voter Persuasion: Experimental Evidence from an Election in the Philippines,https://openalex.org/W2741970640,10.1111/ajps.12566,Policy Deliberation and Voter Persuasion: Experimental Evidence from an Election in the Philippines,2020-10-14,2022,American Journal of Political Science,Gabriel López‐Moctezuma;Léonard Wantchekon;Daniel L. Rubenson;Thomas Fujiwara;Cecilia Lero,1.0,no,"Title, authors, journal and online/issue-year correspondence reviewed; journal article selected over preprint or dataset.",https://doi.org/10.1111/ajps.12566
iv_Lorentzen2014,Undermining authoritarian innovation: the power of China's industrial giants,https://openalex.org/W2015833171,10.1017/s0022381613001114,Undermining Authoritarian Innovation: The Power of China’s Industrial Giants,2013-10-16,2014,The Journal of Politics,Peter Lorentzen;Pierre F. Landry;John Kojiro Yasuda,1.0,no,"Title, authors, journal and online/issue-year correspondence reviewed; journal article selected over preprint or dataset.",https://doi.org/10.1017/s0022381613001114
iv_McClendon2014,Social Esteem and Participation in Contentious Politics: A Field Experiment at an LGBT Pride Rally,https://openalex.org/W2097762712,10.1111/ajps.12076,Social Esteem and Participation in Contentious Politics: A Field Experiment at an LGBT Pride Rally,2013-11-11,2014,American Journal of Political Science,Gwyneth McClendon,1.0,no,"Title, authors, journal and online/issue-year correspondence reviewed; journal article selected over preprint or dataset.",https://doi.org/10.1111/ajps.12076
iv_Meredith2013,Exploiting Friends-and-Neighbors to Estimate Coattail Effects,https://openalex.org/W2162309458,10.1017/s0003055413000439,Exploiting Friends-and-Neighbors to Estimate Coattail Effects,2013-10-08,2013,American Political Science Review,Marc N. Meredith,1.0,no,"Title, authors, journal and online/issue-year correspondence reviewed; journal article selected over preprint or dataset.",https://doi.org/10.1017/s0003055413000439
iv_Nellis2018,Secular party rule and religious violence in Pakistan,https://openalex.org/W2770270596,10.1017/s0003055417000491,Secular Party Rule and Religious Violence in Pakistan,2017-11-27,2018,American Political Science Review,Gareth Nellis;Niloufer A. Siddiqui,1.0,no,"Title, authors, journal and online/issue-year correspondence reviewed; journal article selected over preprint or dataset.",https://doi.org/10.1017/s0003055417000491
iv_Pianzola2019,The impact of personalized information on vote intention: Evidence from a randomized field experiment,https://openalex.org/W2941965535,10.1086/702946,The Impact of Personalized Information on Vote Intention: Evidence from a Randomized Field Experiment,2019-04-23,2019,The Journal of Politics,Joëlle Pianzola;Alexander H. Trechsel;Kristjan Vassil;Guido Schwerdt;R. Michael Alvarez,1.0,yes,"Title, authors, journal and online/issue-year correspondence reviewed; journal article selected over preprint or dataset.",https://doi.org/10.1086/702946
iv_Ritter2016,Preventing and responding to dissent: The observational challenges of explaining strategic repression,https://openalex.org/W2322691101,10.1017/s0003055415000623,Preventing and Responding to Dissent: The Observational Challenges of Explaining Strategic Repression,2016-02-01,2016,American Political Science Review,Emily Hencken Ritter;Courtenay Ryals Conrad,1.0,no,"Title, authors, journal and online/issue-year correspondence reviewed; journal article selected over preprint or dataset.",https://doi.org/10.1017/s0003055415000623
iv_Rueda2017,"Small Aggregates, Big Manipulation: Vote Buying Enforcement and Collective Monitoring",https://openalex.org/W2435863413,10.1111/ajps.12260,"Small Aggregates, Big Manipulation: Vote Buying Enforcement and Collective Monitoring",2016-06-14,2017,American Journal of Political Science,Miguel Rueda,1.0,no,"Title, authors, journal and online/issue-year correspondence reviewed; journal article selected over preprint or dataset.",https://doi.org/10.1111/ajps.12260
iv_Schleiter2016,The Electoral Benefits of Opportunistic Election Timing,https://openalex.org/W2365101843,10.1086/685447,The Electoral Benefits of Opportunistic Election Timing,2016-05-12,2016,The Journal of Politics,Petra Schleiter;Margit Tavits,1.0,yes,"Title, authors, journal and online/issue-year correspondence reviewed; journal article selected over preprint or dataset.",https://doi.org/10.1086/685447
iv_Schubiger2021,State Violence and Wartime Civilian Agency: Evidence from Peru,https://openalex.org/W3091257638,10.1086/711720,State Violence and Wartime Civilian Agency: Evidence from Peru,2020-09-29,2021,The Journal of Politics,Livia Isabella Schubiger,1.0,no,"Title, authors, journal and online/issue-year correspondence reviewed; journal article selected over preprint or dataset.",https://doi.org/10.1086/711720
iv_Sexton2019,How government reactions to violence worsen social welfare: evidence from Peru,https://openalex.org/W2913737101,10.1111/ajps.12415,How Government Reactions to Violence Worsen Social Welfare: Evidence from Peru,2019-01-28,2019,American Journal of Political Science,Renard Sexton;Rachel L. Wellhausen;Michael G. Findley,1.0,yes,"Title, authors, journal and online/issue-year correspondence reviewed; journal article selected over preprint or dataset.",https://doi.org/10.1111/ajps.12415
iv_Spenkuch2018,Elite influence? Religion and the electoral success of the Nazis,https://openalex.org/W2744877962,10.1111/ajps.12328,Elite Influence? Religion and the Electoral Success of the Nazis,2017-08-10,2018,American Journal of Political Science,Jörg L. Spenkuch;Philipp Tillmann,1.0,no,"Title, authors, journal and online/issue-year correspondence reviewed; journal article selected over preprint or dataset.",https://doi.org/10.1111/ajps.12328
iv_Stewart2017,Do Good Borders Make Good Rebels? Territorial Control and Civilian Casualties,https://openalex.org/W2560427876,10.1086/688699,Do Good Borders Make Good Rebels? Territorial Control and Civilian Casualties,2016-12-07,2017,The Journal of Politics,Megan A Stewart;Yu-Ming Liou,1.0,no,"Title, authors, journal and online/issue-year correspondence reviewed; journal article selected over preprint or dataset.",https://doi.org/10.1086/688699
iv_Stokes2016,Electoral Backlash against Climate Policy: A Natural Experiment on Retrospective Voting and Local Resistance to Public Policy,https://openalex.org/W1910267356,10.1111/ajps.12220,Electoral Backlash against Climate Policy: A Natural Experiment on Retrospective Voting and Local Resistance to Public Policy,2015-09-21,2016,American Journal of Political Science,Leah Cardamore Stokes,1.0,no,"Title, authors, journal and online/issue-year correspondence reviewed; journal article selected over preprint or dataset.",https://doi.org/10.1111/ajps.12220
iv_Tajima2013,The institutional basis of intercommunal order: Evidence from Indonesia's democratic transition,https://openalex.org/W1900836149,10.1111/j.1540-5907.2012.00631.x,The Institutional Basis of Intercommunal Order: Evidence from Indonesia's Democratic Transition,2012-10-25,2013,American Journal of Political Science,Yuhki Tajima,1.0,no,"Title, authors, journal and online/issue-year correspondence reviewed; journal article selected over preprint or dataset.",https://doi.org/10.1111/j.1540-5907.2012.00631.x
iv_Trounstine2016,Segregation and Inequality in Public Goods,https://openalex.org/W2122677845,10.1111/ajps.12227,Segregation and Inequality in Public Goods,2015-10-01,2016,American Journal of Political Science,Jessica L. Trounstine,1.0,no,"Title, authors, journal and online/issue-year correspondence reviewed; journal article selected over preprint or dataset.",https://doi.org/10.1111/ajps.12227
iv_Urpelainen2022,Electoral Backlash or Positive Reinforcement? Wind Power and Congressional Elections in the United States,https://openalex.org/W4205936804,10.1086/718977,Electoral Backlash or Positive Reinforcement? Wind Power and Congressional Elections in the United States,2022-01-18,2022,The Journal of Politics,Johannes Urpelainen;Alice Tianbo Zhang,1.0,yes,"Title, authors, journal and online/issue-year correspondence reviewed; journal article selected over preprint or dataset.",https://doi.org/10.1086/718977
iv_Vernby2013,Inclusion and public policy: Evidence from Sweden’s introduction of noncitizen suffrage,https://openalex.org/W1722905744,10.1111/j.1540-5907.2012.00612.x,Inclusion and Public Policy: Evidence from Sweden’s Introduction of Noncitizen Suffrage,2012-08-16,2013,American Journal of Political Science,Kåre Vernby,1.0,no,"Title, authors, journal and online/issue-year correspondence reviewed; journal article selected over preprint or dataset.",https://doi.org/10.1111/j.1540-5907.2012.00612.x
iv_Webster2022,The Social Consequences of Political Anger,https://openalex.org/W4205831313,10.1086/718979,The Social Consequences of Political Anger,2022-01-18,2022,The Journal of Politics,Steven W. Webster;Elizabeth C. Connors;Betsy Sinclair,1.0,no,"Title, authors, journal and online/issue-year correspondence reviewed; journal article selected over preprint or dataset.",https://doi.org/10.1086/718979
iv_West2017,Descriptive Representation and Political Efficacy: Evidence from Obama and Clinton,https://openalex.org/W2548887170,10.1086/688888,Descriptive Representation and Political Efficacy: Evidence from Obama and Clinton,2016-11-02,2017,The Journal of Politics,Emily Anne West,1.0,no,"Title, authors, journal and online/issue-year correspondence reviewed; journal article selected over preprint or dataset.",https://doi.org/10.1086/688888
iv_Wood2022,Campaign Finance Transparency Affects Legislators’ Election Outcomes and Behavior,https://openalex.org/W2888494498,10.1111/ajps.12676,Campaign Finance Transparency Affects Legislators’ Election Outcomes and Behavior,2021-11-18,2022,American Journal of Political Science,Abby K. Wood;Christian R. Grose,1.0,no,"Title, authors, journal and online/issue-year correspondence reviewed; journal article selected over preprint or dataset.",https://doi.org/10.1111/ajps.12676
iv_Zhu2017,"MNCs, rents, and corruption: Evidence from China",https://openalex.org/W2398743465,10.1111/ajps.12259,"MNCs, Rents, and Corruption: Evidence from China",2016-06-08,2017,American Journal of Political Science,Boliang Zhu,1.0,no,"Title, authors, journal and online/issue-year correspondence reviewed; journal article selected over preprint or dataset.",https://doi.org/10.1111/ajps.12259
iv_Ziaja2020,"More donors, more democracy",https://openalex.org/W3122669481,10.1086/706111,"More Donors, More Democracy",2019-09-10,2020,The Journal of Politics,Sebastian Ziaja,1.0,no,"Title, authors, journal and online/issue-year correspondence reviewed; journal article selected over preprint or dataset.",https://doi.org/10.1086/706111
