"variable","flagged_mean","comparison_mean","difference","reference_sd","standardized_difference","source","design"
"species_human",0.25,0.571428571428571,-0.321428571428571,0.46803862060298,-0.686756513841681,"wos","unweighted"
"species_mouse",0.355263157894737,0.0909090909090909,0.264354066985646,0.397389808987449,0.665226085337269,"wos","unweighted"
"species_rat",0.25,0.220779220779221,0.0292207792207792,0.426789986308079,0.0684664124234775,"wos","unweighted"
"species_primate",0.0657894736842105,0.0909090909090909,-0.0251196172248804,0.270196927416518,-0.0929678122732967,"wos","unweighted"
"species_other",0.0789473684210526,0.012987012987013,0.0659603554340396,0.208172072470503,0.316854968350214,"wos","unweighted"
"species_unknown",0,0.012987012987013,-0.012987012987013,0.080582296402538,-0.161164592805076,"wos","unweighted"
"between",0.605263157894737,0.623376623376623,-0.0181134654818865,0.489883995921497,-0.0369750096608364,"wos","unweighted"
"country_us",0.592105263157895,0.441558441558442,0.150546821599453,0.497275557591279,0.302743256331916,"wos","unweighted"
"country_unknown",0.0131578947368421,0,0.0131578947368421,0.0811107105653813,0.162221421130762,"wos","unweighted"
"publication_2009",0.578947368421053,0.61038961038961,-0.0314422419685577,0.493943727118133,-0.0636555142667859,"wos","unweighted"
"citations",9.43421052631579,6.50649350649351,2.92771701982228,10.3427765559058,0.283068768236178,"wos","unweighted"
"log_baseline",1.79864339866265,1.51929394905492,0.279349449607728,1.06404212922864,0.262536080042468,"wos","unweighted"
"species_human",0.25,0.54984335839599,-0.29984335839599,0.46803862060298,-0.64063806958857,"wos","journal_year"
"species_mouse",0.355263157894737,0.0899122807017544,0.265350877192982,0.397389808987449,0.667734479324212,"wos","journal_year"
"species_rat",0.25,0.253258145363408,-0.0032581453634084,0.426789986308079,-0.00763407171661358,"wos","journal_year"
"species_primate",0.0657894736842105,0.0916353383458646,-0.0258458646616541,0.270196927416518,-0.0956556571859599,"wos","journal_year"
"species_other",0.0789473684210526,0.00767543859649123,0.0712719298245614,0.208172072470503,0.342370275602941,"wos","journal_year"
"species_unknown",0,0.00767543859649123,-0.00767543859649123,0.080582296402538,-0.0952496880722982,"wos","journal_year"
"between",0.605263157894737,0.635401002506266,-0.0301378446115287,0.489883995921497,-0.0615203698476367,"wos","journal_year"
"country_us",0.592105263157895,0.511591478696742,0.0805137844611529,0.497275557591279,0.161909796755643,"wos","journal_year"
"country_unknown",0.0131578947368421,0,0.0131578947368421,0.0811107105653813,0.162221421130762,"wos","journal_year"
"publication_2009",0.578947368421053,0.578947368421053,1.11022302462516e-16,0.493943727118133,2.24767106792234e-16,"wos","journal_year"
"citations",9.43421052631579,6.65535714285714,2.77885338345865,10.3427765559058,0.268675763073688,"wos","journal_year"
"log_baseline",1.79864339866265,1.5541269385229,0.244516460139746,1.06404212922864,0.229799604191428,"wos","journal_year"
"species_human",0.235294117647059,0.286064425770308,-0.0507703081232491,0.46803862060298,-0.10847461275277,"wos","same_sample_journal_year"
"species_mouse",0.382352941176471,0.157142857142857,0.225210084033613,0.397389808987449,0.566723350574716,"wos","same_sample_journal_year"
"species_rat",0.264705882352941,0.392471988795518,-0.127766106442577,0.426789986308079,-0.299365286303481,"wos","same_sample_journal_year"
"species_primate",0.0588235294117647,0.143732492997199,-0.0849089635854341,0.270196927416518,-0.314248442413056,"wos","same_sample_journal_year"
"species_other",0.0588235294117647,0.0205882352941176,0.0382352941176471,0.208172072470503,0.183671583146989,"wos","same_sample_journal_year"
"species_unknown",0,0,0,0.080582296402538,0,"wos","same_sample_journal_year"
"between",0.602941176470588,0.517682072829131,0.0852591036414568,0.489883995921497,0.174039373303225,"wos","same_sample_journal_year"
"country_us",0.573529411764706,0.505637254901961,0.0678921568627453,0.497275557591279,0.136528240381658,"wos","same_sample_journal_year"
"country_unknown",0.0147058823529412,0,0.0147058823529412,0.0811107105653813,0.18130629420497,"wos","same_sample_journal_year"
"publication_2009",0.61764705882353,0.617647058823529,3.33066907387547e-16,0.493943727118133,6.74301320376703e-16,"wos","same_sample_journal_year"
"citations",9.69117647058824,5.94737394957983,3.7438025210084,10.3427765559058,0.361972677333985,"wos","same_sample_journal_year"
"log_baseline",1.80926578501166,1.53727913904244,0.271986645969223,1.06404212922864,0.255616425795467,"wos","same_sample_journal_year"
"species_human",0.235294117647059,0.235294117647059,5.55111512312578e-17,0.46803862060298,1.18603783507742e-16,"wos","study_type"
"species_mouse",0.382352941176471,0.141666666666667,0.240686274509804,0.397389808987449,0.605667958931995,"wos","study_type"
"species_rat",0.264705882352941,0.369117647058824,-0.104411764705882,0.426789986308079,-0.244644363868726,"wos","study_type"
"species_primate",0.0588235294117647,0.244117647058824,-0.185294117647059,0.270196927416518,-0.685774332886553,"wos","study_type"
"species_other",0.0588235294117647,0.00980392156862745,0.0490196078431373,0.208172072470503,0.235476388649986,"wos","study_type"
"species_unknown",0,0,0,0.080582296402538,0,"wos","study_type"
"between",0.602941176470588,0.602941176470588,-2.22044604925031e-16,0.489883995921497,-4.53259560985155e-16,"wos","study_type"
"country_us",0.573529411764706,0.501916221033868,0.0716131907308376,0.497275557591279,0.144011081255874,"wos","study_type"
"country_unknown",0.0147058823529412,0,0.0147058823529412,0.0811107105653813,0.18130629420497,"wos","study_type"
"publication_2009",0.61764705882353,0.61764705882353,-2.22044604925031e-16,0.493943727118133,-4.49534213584468e-16,"wos","study_type"
"citations",9.69117647058824,7.03787878787879,2.65329768270945,10.3427765559058,0.256536305156316,"wos","study_type"
"log_baseline",1.80926578501166,1.72857878343203,0.0806870015796337,1.06404212922864,0.0758306455761544,"wos","study_type"
"species_human",0.326530612244898,0.387560738581147,-0.0610301263362491,0.46803862060298,-0.130395492272888,"wos","species_sample_journal_year"
"species_mouse",0.26530612244898,0.210398445092323,0.0549076773566568,0.397389808987449,0.13817082399914,"wos","species_sample_journal_year"
"species_rat",0.326530612244898,0.321137026239067,0.00539358600583056,0.426789986308079,0.0126375645607046,"wos","species_sample_journal_year"
"species_primate",0.0816326530612245,0.0809037900874636,0.000728862973760847,0.270196927416518,0.0026975250263941,"wos","species_sample_journal_year"
"species_other",0,0,0,0.208172072470503,0,"wos","species_sample_journal_year"
"species_unknown",0,0,0,0.080582296402538,0,"wos","species_sample_journal_year"
"between",0.591836734693878,0.542905733722061,0.0489310009718168,0.489883995921497,0.0998828322198504,"wos","species_sample_journal_year"
"country_us",0.653061224489796,0.444266277939748,0.208794946550048,0.497275557591279,0.419877758644355,"wos","species_sample_journal_year"
"country_unknown",0.0204081632653061,0,0.0204081632653061,0.0811107105653813,0.25160873481506,"wos","species_sample_journal_year"
"publication_2009",0.755102040816326,0.755102040816327,-5.55111512312578e-16,0.493943727118133,-1.12383553396117e-15,"wos","species_sample_journal_year"
"citations",10.4897959183673,6.01734693877551,4.47244897959183,10.3427765559058,0.432422469480694,"wos","species_sample_journal_year"
"log_baseline",1.87014405271024,1.56987042127721,0.300273631433035,1.06404212922864,0.282200885834016,"wos","species_sample_journal_year"
"species_human",0.326530612244898,0.326530612244898,1.11022302462516e-16,0.46803862060298,2.37207567015483e-16,"wos","species"
"species_mouse",0.26530612244898,0.26530612244898,0,0.397389808987449,0,"wos","species"
"species_rat",0.326530612244898,0.326530612244898,0,0.426789986308079,0,"wos","species"
"species_primate",0.0816326530612245,0.0816326530612245,0,0.270196927416518,0,"wos","species"
"species_other",0,0,0,0.208172072470503,0,"wos","species"
"species_unknown",0,0,0,0.080582296402538,0,"wos","species"
"between",0.591836734693878,0.591836734693877,1.11022302462516e-16,0.489883995921497,2.26629780492577e-16,"wos","species"
"country_us",0.653061224489796,0.534632034632035,0.118429189857761,0.497275557591279,0.238156064680542,"wos","species"
"country_unknown",0.0204081632653061,0,0.0204081632653061,0.0811107105653813,0.25160873481506,"wos","species"
"publication_2009",0.755102040816326,0.755102040816326,1.11022302462516e-16,0.493943727118133,2.24767106792234e-16,"wos","species"
"citations",10.4897959183673,6.85188620902907,3.63790970933828,10.3427765559058,0.35173434228945,"wos","species"
"log_baseline",1.87014405271024,1.61943615852557,0.250707894184667,1.06404212922864,0.235618390755273,"wos","species"
"species_human",0.25,0.571428571428571,-0.321428571428571,0.46803862060298,-0.686756513841681,"openalex","unweighted"
"species_mouse",0.355263157894737,0.0909090909090909,0.264354066985646,0.397389808987449,0.665226085337269,"openalex","unweighted"
"species_rat",0.25,0.220779220779221,0.0292207792207792,0.426789986308079,0.0684664124234775,"openalex","unweighted"
"species_primate",0.0657894736842105,0.0909090909090909,-0.0251196172248804,0.270196927416518,-0.0929678122732967,"openalex","unweighted"
"species_other",0.0789473684210526,0.012987012987013,0.0659603554340396,0.208172072470503,0.316854968350214,"openalex","unweighted"
"species_unknown",0,0.012987012987013,-0.012987012987013,0.080582296402538,-0.161164592805076,"openalex","unweighted"
"between",0.605263157894737,0.623376623376623,-0.0181134654818865,0.489883995921497,-0.0369750096608364,"openalex","unweighted"
"country_us",0.592105263157895,0.441558441558442,0.150546821599453,0.497275557591279,0.302743256331916,"openalex","unweighted"
"country_unknown",0.0131578947368421,0,0.0131578947368421,0.0811107105653813,0.162221421130762,"openalex","unweighted"
"publication_2009",0.578947368421053,0.61038961038961,-0.0314422419685577,0.493943727118133,-0.0636555142667859,"openalex","unweighted"
"citations",12.5263157894737,9.05194805194805,3.47436773752563,13.3668758424737,0.259923693349924,"openalex","unweighted"
"log_baseline",2.02091800537047,1.86200636767305,0.158911637697421,1.07923918991977,0.147244131960437,"openalex","unweighted"
"species_human",0.25,0.54984335839599,-0.29984335839599,0.46803862060298,-0.64063806958857,"openalex","journal_year"
"species_mouse",0.355263157894737,0.0899122807017544,0.265350877192982,0.397389808987449,0.667734479324212,"openalex","journal_year"
"species_rat",0.25,0.253258145363408,-0.0032581453634084,0.426789986308079,-0.00763407171661358,"openalex","journal_year"
"species_primate",0.0657894736842105,0.0916353383458646,-0.0258458646616541,0.270196927416518,-0.0956556571859599,"openalex","journal_year"
"species_other",0.0789473684210526,0.00767543859649123,0.0712719298245614,0.208172072470503,0.342370275602941,"openalex","journal_year"
"species_unknown",0,0.00767543859649123,-0.00767543859649123,0.080582296402538,-0.0952496880722982,"openalex","journal_year"
"between",0.605263157894737,0.635401002506266,-0.0301378446115287,0.489883995921497,-0.0615203698476367,"openalex","journal_year"
"country_us",0.592105263157895,0.511591478696742,0.0805137844611529,0.497275557591279,0.161909796755643,"openalex","journal_year"
"country_unknown",0.0131578947368421,0,0.0131578947368421,0.0811107105653813,0.162221421130762,"openalex","journal_year"
"publication_2009",0.578947368421053,0.578947368421053,1.11022302462516e-16,0.493943727118133,2.24767106792234e-16,"openalex","journal_year"
"citations",12.5263157894737,9.68186090225564,2.84445488721805,13.3668758424737,0.212798781161691,"openalex","journal_year"
"log_baseline",2.02091800537047,1.92183536129804,0.099082644072426,1.07923918991977,0.0918078633521379,"openalex","journal_year"
"species_human",0.235294117647059,0.286064425770308,-0.0507703081232491,0.46803862060298,-0.10847461275277,"openalex","same_sample_journal_year"
"species_mouse",0.382352941176471,0.157142857142857,0.225210084033613,0.397389808987449,0.566723350574716,"openalex","same_sample_journal_year"
"species_rat",0.264705882352941,0.392471988795518,-0.127766106442577,0.426789986308079,-0.299365286303481,"openalex","same_sample_journal_year"
"species_primate",0.0588235294117647,0.143732492997199,-0.0849089635854341,0.270196927416518,-0.314248442413056,"openalex","same_sample_journal_year"
"species_other",0.0588235294117647,0.0205882352941176,0.0382352941176471,0.208172072470503,0.183671583146989,"openalex","same_sample_journal_year"
"species_unknown",0,0,0,0.080582296402538,0,"openalex","same_sample_journal_year"
"between",0.602941176470588,0.517682072829131,0.0852591036414568,0.489883995921497,0.174039373303225,"openalex","same_sample_journal_year"
"country_us",0.573529411764706,0.505637254901961,0.0678921568627453,0.497275557591279,0.136528240381658,"openalex","same_sample_journal_year"
"country_unknown",0.0147058823529412,0,0.0147058823529412,0.0811107105653813,0.18130629420497,"openalex","same_sample_journal_year"
"publication_2009",0.61764705882353,0.617647058823529,3.33066907387547e-16,0.493943727118133,6.74301320376703e-16,"openalex","same_sample_journal_year"
"citations",12.7941176470588,8.16607142857142,4.6280462184874,13.3668758424737,0.346232453493855,"openalex","same_sample_journal_year"
"log_baseline",2.01940444423476,1.83686689348313,0.182537550751632,1.07923918991977,0.169135398766609,"openalex","same_sample_journal_year"
"species_human",0.235294117647059,0.235294117647059,5.55111512312578e-17,0.46803862060298,1.18603783507742e-16,"openalex","study_type"
"species_mouse",0.382352941176471,0.141666666666667,0.240686274509804,0.397389808987449,0.605667958931995,"openalex","study_type"
"species_rat",0.264705882352941,0.369117647058824,-0.104411764705882,0.426789986308079,-0.244644363868726,"openalex","study_type"
"species_primate",0.0588235294117647,0.244117647058824,-0.185294117647059,0.270196927416518,-0.685774332886553,"openalex","study_type"
"species_other",0.0588235294117647,0.00980392156862745,0.0490196078431373,0.208172072470503,0.235476388649986,"openalex","study_type"
"species_unknown",0,0,0,0.080582296402538,0,"openalex","study_type"
"between",0.602941176470588,0.602941176470588,-2.22044604925031e-16,0.489883995921497,-4.53259560985155e-16,"openalex","study_type"
"country_us",0.573529411764706,0.501916221033868,0.0716131907308376,0.497275557591279,0.144011081255874,"openalex","study_type"
"country_unknown",0.0147058823529412,0,0.0147058823529412,0.0811107105653813,0.18130629420497,"openalex","study_type"
"publication_2009",0.61764705882353,0.61764705882353,-2.22044604925031e-16,0.493943727118133,-4.49534213584468e-16,"openalex","study_type"
"citations",12.7941176470588,9.3225935828877,3.47152406417112,13.3668758424737,0.259710953036628,"openalex","study_type"
"log_baseline",2.01940444423476,2.01831285053325,0.0010915937015139,1.07923918991977,0.0010114474267702,"openalex","study_type"
"species_human",0.326530612244898,0.387560738581147,-0.0610301263362491,0.46803862060298,-0.130395492272888,"openalex","species_sample_journal_year"
"species_mouse",0.26530612244898,0.210398445092323,0.0549076773566568,0.397389808987449,0.13817082399914,"openalex","species_sample_journal_year"
"species_rat",0.326530612244898,0.321137026239067,0.00539358600583056,0.426789986308079,0.0126375645607046,"openalex","species_sample_journal_year"
"species_primate",0.0816326530612245,0.0809037900874636,0.000728862973760847,0.270196927416518,0.0026975250263941,"openalex","species_sample_journal_year"
"species_other",0,0,0,0.208172072470503,0,"openalex","species_sample_journal_year"
"species_unknown",0,0,0,0.080582296402538,0,"openalex","species_sample_journal_year"
"between",0.591836734693878,0.542905733722061,0.0489310009718168,0.489883995921497,0.0998828322198504,"openalex","species_sample_journal_year"
"country_us",0.653061224489796,0.444266277939748,0.208794946550048,0.497275557591279,0.419877758644355,"openalex","species_sample_journal_year"
"country_unknown",0.0204081632653061,0,0.0204081632653061,0.0811107105653813,0.25160873481506,"openalex","species_sample_journal_year"
"publication_2009",0.755102040816326,0.755102040816327,-5.55111512312578e-16,0.493943727118133,-1.12383553396117e-15,"openalex","species_sample_journal_year"
"citations",13.8979591836735,8.37351797862003,5.52444120505344,13.3668758424737,0.413293373123086,"openalex","species_sample_journal_year"
"log_baseline",2.06213784905688,1.86853262297163,0.193605226085243,1.07923918991977,0.179390470521772,"openalex","species_sample_journal_year"
"species_human",0.326530612244898,0.326530612244898,1.11022302462516e-16,0.46803862060298,2.37207567015483e-16,"openalex","species"
"species_mouse",0.26530612244898,0.26530612244898,0,0.397389808987449,0,"openalex","species"
"species_rat",0.326530612244898,0.326530612244898,0,0.426789986308079,0,"openalex","species"
"species_primate",0.0816326530612245,0.0816326530612245,0,0.270196927416518,0,"openalex","species"
"species_other",0,0,0,0.208172072470503,0,"openalex","species"
"species_unknown",0,0,0,0.080582296402538,0,"openalex","species"
"between",0.591836734693878,0.591836734693877,1.11022302462516e-16,0.489883995921497,2.26629780492577e-16,"openalex","species"
"country_us",0.653061224489796,0.534632034632035,0.118429189857761,0.497275557591279,0.238156064680542,"openalex","species"
"country_unknown",0.0204081632653061,0,0.0204081632653061,0.0811107105653813,0.25160873481506,"openalex","species"
"publication_2009",0.755102040816326,0.755102040816326,1.11022302462516e-16,0.493943727118133,2.24767106792234e-16,"openalex","species"
"citations",13.8979591836735,9.48577612863327,4.4121830550402,13.3668758424737,0.330083342363392,"openalex","species"
"log_baseline",2.06213784905688,2.01706048424624,0.0450773648106386,1.07923918991977,0.0417677241816893,"openalex","species"
