"article_id","paper_id","year","flag","cohort","journal","wos","openalex","openalex_broad","status","animal","species","subject_type","within_between_ss","country_authors","species_human","species_mouse","species_rat","species_primate","species_other","species_unknown","between","country_us","country_unknown","publication_2009","species_supported","study_type_supported","reason"
1,"nw_1",2010,1,2010,"Nature Neuroscience",1,1,1,"complete","mice","mouse","nonhuman","between","US",0,1,0,0,0,0,1,1,0,0,FALSE,TRUE,"both groups in exact cell"
2,"nw_2",2010,1,2010,"Nature Neuroscience",1,1,1,"complete","zebrafish","other","nonhuman","between","Japan",0,0,0,0,1,0,1,0,0,0,FALSE,TRUE,"both groups in exact cell"
3,"nw_3",2010,1,2010,"Nature Neuroscience",2,3,3,"complete","mice","mouse","nonhuman","between","US",0,1,0,0,0,0,1,1,0,0,FALSE,TRUE,"both groups in exact cell"
4,"nw_4",2010,0,2010,"Nature Neuroscience",0,2,2,"complete","rats","rat","nonhuman","within","US",0,0,1,0,0,0,0,1,0,0,FALSE,TRUE,"both groups in exact cell"
5,"nw_5",2010,0,2010,"Nature Neuroscience",0,2,2,"complete","human","human","human","between","US",1,0,0,0,0,0,1,1,0,0,FALSE,FALSE,"no opposite-classification paper in exact cell"
6,"nw_6",2010,1,2010,"Nature Neuroscience",2,2,2,"complete","rats","rat","nonhuman","between","UK",0,0,1,0,0,0,1,0,0,0,TRUE,TRUE,"both groups in exact cell"
7,"nw_7",2010,1,2010,"Nature Neuroscience",5,8,8,"complete","mice","mouse","nonhuman","between","Canada",0,1,0,0,0,0,1,0,0,0,FALSE,TRUE,"both groups in exact cell"
8,"nw_8",2010,0,2010,"Nature Neuroscience",0,4,4,"complete","human","human","human","between","US",1,0,0,0,0,0,1,1,0,0,FALSE,FALSE,"no opposite-classification paper in exact cell"
9,"nw_9",2010,0,2010,"Nature Neuroscience",18,22,22,"complete","rats","rat","nonhuman","between","US",0,0,1,0,0,0,1,1,0,0,TRUE,TRUE,"both groups in exact cell"
10,"nw_10",2010,0,2010,"Nature Neuroscience",0,0,0,"complete","rats","rat","nonhuman","between","US",0,0,1,0,0,0,1,1,0,0,TRUE,TRUE,"both groups in exact cell"
11,"nw_11",2010,1,2010,"Nature Neuroscience",12,17,19,"complete","ferrets","other","nonhuman","within","UK",0,0,0,0,1,0,0,0,0,0,FALSE,TRUE,"both groups in exact cell"
12,"nw_12",2010,1,2010,"Nature Neuroscience",3,4,4,"complete","rats","rat","nonhuman","between","US",0,0,1,0,0,0,1,1,0,0,TRUE,TRUE,"both groups in exact cell"
13,"nw_13",2010,1,2009,"Nature Neuroscience",42,65,70,"complete","mice","mouse","nonhuman","between","GER",0,1,0,0,0,0,1,0,0,1,TRUE,TRUE,"both groups in exact cell"
14,"nw_14",2010,0,2009,"Nature Neuroscience",14,20,21,"complete","monkey","primate","nonhuman","within","US",0,0,0,1,0,0,0,1,0,1,FALSE,TRUE,"both groups in exact cell"
15,"nw_15",2010,1,2009,"Nature Neuroscience",6,8,8,"complete","rats","rat","nonhuman","between","US",0,0,1,0,0,0,1,1,0,1,FALSE,TRUE,"both groups in exact cell"
16,"nw_16",2010,0,2009,"Nature Neuroscience",5,11,11,"complete","pups","other","nonhuman","between","US",0,0,0,0,1,0,1,1,0,1,FALSE,TRUE,"both groups in exact cell"
17,"nw_17",2010,0,2009,"Nature Neuroscience",32,43,45,"complete","human","human","human","between","UK",1,0,0,0,0,0,1,0,0,1,FALSE,FALSE,"no opposite-classification paper in exact cell"
18,"nw_18",2010,1,2009,"Nature Neuroscience",2,6,6,"complete","human","human","human","within","US",1,0,0,0,0,0,0,1,0,1,TRUE,TRUE,"both groups in exact cell"
19,"nw_19",2010,0,2009,"Nature Neuroscience",5,12,13,"complete","human","human","human","between","US",1,0,0,0,0,0,1,1,0,1,FALSE,FALSE,"no opposite-classification paper in exact cell"
20,"nw_20",2010,0,2009,"Nature Neuroscience",10,15,17,"complete","mice","mouse","nonhuman","between","Spain",0,1,0,0,0,0,1,0,0,1,TRUE,TRUE,"both groups in exact cell"
21,"nw_21",2010,0,2009,"Nature Neuroscience",3,6,7,"complete","human","human","human","between","US",1,0,0,0,0,0,1,1,0,1,FALSE,FALSE,"no opposite-classification paper in exact cell"
22,"nw_22",2010,1,2009,"Nature Neuroscience",10,14,16,"complete","human","human","human","within","US",1,0,0,0,0,0,0,1,0,1,TRUE,TRUE,"both groups in exact cell"
24,"nw_24",2010,1,2009,"Nature Neuroscience",12,20,21,"complete","cats","other","nonhuman","within","US",0,0,0,0,1,0,0,1,0,1,FALSE,TRUE,"both groups in exact cell"
26,"nw_26",2010,0,2009,"Nature Neuroscience",13,20,21,"complete","human","human","human","between","US",1,0,0,0,0,0,1,1,0,1,FALSE,FALSE,"no opposite-classification paper in exact cell"
27,"nw_27",2010,0,2009,"Nature Neuroscience",5,13,14,"complete","human","human","human","within","GER",1,0,0,0,0,0,0,0,0,1,TRUE,TRUE,"both groups in exact cell"
28,"nw_28",2010,1,2009,"Nature Neuroscience",20,27,30,"complete","mice","mouse","nonhuman","within","US",0,1,0,0,0,0,0,1,0,1,FALSE,TRUE,"both groups in exact cell"
29,"nw_29",2010,0,2009,"Nature Neuroscience",33,34,39,"complete","human","human","human","between","NL",1,0,0,0,0,0,1,0,0,1,FALSE,FALSE,"no opposite-classification paper in exact cell"
30,"nw_30",2010,0,2009,"Nature Neuroscience",6,8,8,"complete","mice","mouse","nonhuman","between","CAN",0,1,0,0,0,0,1,0,0,1,TRUE,TRUE,"both groups in exact cell"
31,"nw_31",2010,1,2009,"Nature Neuroscience",8,9,9,"complete","human","human","human","within","Japan",1,0,0,0,0,0,0,0,0,1,TRUE,TRUE,"both groups in exact cell"
32,"nw_32",2010,0,2009,"Nature Neuroscience",5,7,7,"complete","","unknown","unknown","between","US",0,0,0,0,0,1,1,1,0,1,FALSE,FALSE,"no opposite-classification paper in exact cell"
33,"nw_33",2010,0,2009,"Nature Neuroscience",20,20,21,"complete","human","human","human","between","GER",1,0,0,0,0,0,1,0,0,1,FALSE,FALSE,"no opposite-classification paper in exact cell"
34,"nw_34",2010,0,2010,"Nature",18,37,39,"complete","human","human","human","between","US",1,0,0,0,0,0,1,1,0,0,FALSE,FALSE,"no opposite-classification paper in exact cell"
35,"nw_35",2010,1,2010,"Nature",5,8,8,"complete","birds","other","nonhuman","between","US",0,0,0,0,1,0,1,1,0,0,FALSE,FALSE,"no opposite-classification paper in exact cell"
36,"nw_36",2010,1,2010,"Nature",6,10,10,"complete","rats","rat","nonhuman","between","UK",0,0,1,0,0,0,1,0,0,0,FALSE,FALSE,"no opposite-classification paper in exact cell"
37,"nw_37",2010,1,2010,"Nature",2,5,5,"complete","mice","mouse","nonhuman","between","US",0,1,0,0,0,0,1,1,0,0,FALSE,FALSE,"no opposite-classification paper in exact cell"
38,"nw_38",2010,0,2010,"Science",0,4,4,"complete","human","human","human","between","GER",1,0,0,0,0,0,1,0,0,0,FALSE,FALSE,"no opposite-classification paper in exact cell"
39,"nw_39",2010,0,2010,"Science",6,12,12,"complete","human","human","human","between","NL",1,0,0,0,0,0,1,0,0,0,FALSE,FALSE,"no opposite-classification paper in exact cell"
40,"nw_40",2010,1,2010,"Science",0,0,0,"complete","zebrafish","other","nonhuman","within","US",0,0,0,0,1,0,0,1,0,0,FALSE,FALSE,"no opposite-classification paper in exact cell"
41,"nw_41",2010,0,2010,"Science",1,0,0,"complete","rats ","rat","nonhuman","between","UK",0,0,1,0,0,0,1,0,0,0,FALSE,FALSE,"no opposite-classification paper in exact cell"
42,"nw_42",2010,1,2010,"Science",17,21,21,"complete","human ","human","human","within","US",1,0,0,0,0,0,0,1,0,0,FALSE,FALSE,"no opposite-classification paper in exact cell"
43,"nw_43",2010,1,2010,"Neuron",6,5,5,"complete","mice","mouse","nonhuman","between","GER",0,1,0,0,0,0,1,0,0,0,FALSE,TRUE,"both groups in exact cell"
44,"nw_44",2010,1,2010,"Neuron",12,18,18,"complete","mice","mouse","nonhuman","within","JAP",0,1,0,0,0,0,0,0,0,0,FALSE,TRUE,"both groups in exact cell"
45,"nw_45",2010,0,2010,"Neuron",5,7,7,"complete","rats","rat","nonhuman","within","US",0,0,1,0,0,0,0,1,0,0,TRUE,TRUE,"both groups in exact cell"
46,"nw_46",2010,0,2010,"Neuron",1,4,4,"complete","human","human","human","between","US",1,0,0,0,0,0,1,1,0,0,FALSE,FALSE,"no opposite-classification paper in exact cell"
47,"nw_47",2010,0,2010,"Neuron",8,7,7,"complete","monkeys","primate","nonhuman","between","UK",0,0,0,1,0,0,1,0,0,0,FALSE,TRUE,"both groups in exact cell"
48,"nw_48",2010,1,2010,"Neuron",3,4,4,"complete","mice","mouse","nonhuman","between","JAP",0,1,0,0,0,0,1,0,0,0,FALSE,TRUE,"both groups in exact cell"
49,"nw_49",2010,1,2010,"Neuron",0,1,1,"complete","mice","mouse","nonhuman","between","FRA",0,1,0,0,0,0,1,0,0,0,FALSE,TRUE,"both groups in exact cell"
50,"nw_50",2010,0,2010,"Neuron",4,6,6,"complete","rats","rat","nonhuman","within","FRA",0,0,1,0,0,0,0,0,0,0,TRUE,TRUE,"both groups in exact cell"
51,"nw_51",2010,1,2010,"Neuron",3,2,2,"complete","mice","mouse","nonhuman","between","NL",0,1,0,0,0,0,1,0,0,0,FALSE,TRUE,"both groups in exact cell"
52,"nw_52",2010,1,2010,"Neuron",5,5,5,"complete","mice","mouse","nonhuman","between","ITA",0,1,0,0,0,0,1,0,0,0,FALSE,TRUE,"both groups in exact cell"
53,"nw_53",2010,1,2010,"Neuron",1,2,2,"complete","rats","rat","nonhuman","within","",0,0,1,0,0,0,0,0,1,0,TRUE,TRUE,"both groups in exact cell"
54,"nw_54",2010,0,2010,"Neuron",0,0,0,"complete","human","human","human","between","US",1,0,0,0,0,0,1,1,0,0,FALSE,FALSE,"no opposite-classification paper in exact cell"
55,"nw_55",2010,1,2010,"Neuron",2,5,5,"complete","mice","mouse","nonhuman","between","SWE",0,1,0,0,0,0,1,0,0,0,FALSE,TRUE,"both groups in exact cell"
56,"nw_56",2010,1,2010,"Neuron",2,4,4,"complete","mice","mouse","nonhuman","within","US",0,1,0,0,0,0,0,1,0,0,FALSE,TRUE,"both groups in exact cell"
57,"nw_57",2010,1,2010,"Neuron",2,1,1,"complete","rats","rat","nonhuman","within","US",0,0,1,0,0,0,0,1,0,0,TRUE,TRUE,"both groups in exact cell"
58,"nw_58",2010,0,2010,"Neuron",0,0,0,"complete","rats","rat","nonhuman","within","US",0,0,1,0,0,0,0,1,0,0,TRUE,TRUE,"both groups in exact cell"
59,"nw_59",2010,1,2010,"Journal of Neuroscience",1,2,2,"complete","human","human","human","between","GER",1,0,0,0,0,0,1,0,0,0,FALSE,FALSE,"no opposite-classification paper in exact cell"
60,"nw_60",2010,0,2010,"Journal of Neuroscience",11,14,14,"complete","rats","rat","nonhuman","between","US",0,0,1,0,0,0,1,1,0,0,TRUE,TRUE,"both groups in exact cell"
61,"nw_61",2010,0,2010,"Journal of Neuroscience",3,3,4,"complete","rats","rat","nonhuman","between","UK",0,0,1,0,0,0,1,0,0,0,TRUE,TRUE,"both groups in exact cell"
62,"nw_62",2010,0,2010,"Journal of Neuroscience",0,2,2,"complete","mice","mouse","nonhuman","between","US",0,1,0,0,0,0,1,1,0,0,TRUE,TRUE,"both groups in exact cell"
63,"nw_63",2010,0,2010,"Journal of Neuroscience",3,3,3,"complete","human","human","human","within","UK",1,0,0,0,0,0,0,0,0,0,TRUE,TRUE,"both groups in exact cell"
64,"nw_64",2010,1,2010,"Journal of Neuroscience",3,4,4,"complete","mice","mouse","nonhuman","between","US",0,1,0,0,0,0,1,1,0,0,TRUE,TRUE,"both groups in exact cell"
65,"nw_65",2010,0,2010,"Journal of Neuroscience",0,0,0,"complete","human","human","human","within","KOR",1,0,0,0,0,0,0,0,0,0,TRUE,TRUE,"both groups in exact cell"
66,"nw_66",2010,0,2010,"Journal of Neuroscience",1,4,4,"complete","human","human","human","within","UK",1,0,0,0,0,0,0,0,0,0,TRUE,TRUE,"both groups in exact cell"
67,"nw_67",2010,1,2010,"Journal of Neuroscience",1,0,0,"complete","mice","mouse","nonhuman","between","US",0,1,0,0,0,0,1,1,0,0,TRUE,TRUE,"both groups in exact cell"
68,"nw_68",2010,0,2010,"Journal of Neuroscience",0,0,0,"complete","human","human","human","within","FRA",1,0,0,0,0,0,0,0,0,0,TRUE,TRUE,"both groups in exact cell"
69,"nw_69",2010,1,2010,"Journal of Neuroscience",3,4,4,"complete","mice","mouse","nonhuman","between","UK",0,1,0,0,0,0,1,0,0,0,TRUE,TRUE,"both groups in exact cell"
70,"nw_70",2010,0,2010,"Journal of Neuroscience",0,1,1,"complete","human","human","human","within","UK",1,0,0,0,0,0,0,0,0,0,TRUE,TRUE,"both groups in exact cell"
71,"nw_71",2010,0,2010,"Journal of Neuroscience",2,3,3,"complete","monkey","primate","nonhuman","within","US",0,0,0,1,0,0,0,1,0,0,FALSE,TRUE,"both groups in exact cell"
72,"nw_72",2010,1,2010,"Journal of Neuroscience",1,2,2,"complete","rats","rat","nonhuman","within","GER",0,0,1,0,0,0,0,0,0,0,FALSE,TRUE,"both groups in exact cell"
73,"nw_73",2010,1,2010,"Journal of Neuroscience",0,0,0,"complete","rats","rat","nonhuman","between","POR",0,0,1,0,0,0,1,0,0,0,TRUE,TRUE,"both groups in exact cell"
74,"nw_74",2010,1,2010,"Journal of Neuroscience",0,0,0,"complete","human","human","human","within","UK",1,0,0,0,0,0,0,0,0,0,TRUE,TRUE,"both groups in exact cell"
75,"nw_75",2010,0,2010,"Journal of Neuroscience",0,0,0,"complete","human","human","human","within","CHI",1,0,0,0,0,0,0,0,0,0,TRUE,TRUE,"both groups in exact cell"
76,"nw_76",2010,1,2010,"Journal of Neuroscience",1,2,2,"complete","mice","mouse","nonhuman","between","US",0,1,0,0,0,0,1,1,0,0,TRUE,TRUE,"both groups in exact cell"
77,"nw_77",2010,1,2010,"Journal of Neuroscience",0,0,0,"complete","human","human","human","within","CHI",1,0,0,0,0,0,0,0,0,0,TRUE,TRUE,"both groups in exact cell"
78,"nw_78",2010,0,2010,"Journal of Neuroscience",0,0,0,"complete","human","human","human","within","GER",1,0,0,0,0,0,0,0,0,0,TRUE,TRUE,"both groups in exact cell"
79,"nw_79",2010,0,2010,"Journal of Neuroscience",1,1,1,"complete","human","human","human","within","UK",1,0,0,0,0,0,0,0,0,0,TRUE,TRUE,"both groups in exact cell"
80,"nw_80",2010,0,2010,"Journal of Neuroscience",0,0,0,"complete","human","human","human","within","SWI",1,0,0,0,0,0,0,0,0,0,TRUE,TRUE,"both groups in exact cell"
81,"nw_81",2010,0,2010,"Journal of Neuroscience",0,0,0,"complete","human","human","human","within","US",1,0,0,0,0,0,0,1,0,0,TRUE,TRUE,"both groups in exact cell"
82,"nw_82",2010,1,2010,"Journal of Neuroscience",0,0,0,"complete","mice","mouse","nonhuman","between","US",0,1,0,0,0,0,1,1,0,0,TRUE,TRUE,"both groups in exact cell"
83,"nw_83",2010,0,2010,"Journal of Neuroscience",0,0,0,"complete","human","human","human","within","US",1,0,0,0,0,0,0,1,0,0,TRUE,TRUE,"both groups in exact cell"
84,"nw_84",2010,1,2009,"Nature",21,31,33,"complete","mice","mouse","nonhuman","between","US",0,1,0,0,0,0,1,1,0,1,TRUE,TRUE,"both groups in exact cell"
85,"nw_85",2010,1,2009,"Nature",23,37,37,"complete","mice","mouse","nonhuman","between","US",0,1,0,0,0,0,1,1,0,1,TRUE,TRUE,"both groups in exact cell"
86,"nw_86",2010,1,2009,"Nature",11,18,18,"complete","mice","mouse","nonhuman","between","Japan",0,1,0,0,0,0,1,0,0,1,TRUE,TRUE,"both groups in exact cell"
87,"nw_87",2010,0,2009,"Nature",4,19,21,"complete","mice","mouse","nonhuman","between","US",0,1,0,0,0,0,1,1,0,1,TRUE,TRUE,"both groups in exact cell"
88,"nw_88",2010,0,2009,"Nature",9,16,18,"complete","human","human","human","within","US",1,0,0,0,0,0,0,1,0,1,FALSE,FALSE,"no opposite-classification paper in exact cell"
89,"nw_89",2010,1,2009,"Nature",18,26,29,"complete","human","human","human","between","US",1,0,0,0,0,0,1,1,0,1,FALSE,FALSE,"no opposite-classification paper in exact cell"
90,"nw_90",2010,0,2009,"Science",5,5,5,"complete","human","human","human","within","US ",1,0,0,0,0,0,0,1,0,1,TRUE,TRUE,"both groups in exact cell"
91,"nw_91",2010,1,2009,"Science",19,20,21,"complete","rats","rat","nonhuman","between","Brazil",0,0,1,0,0,0,1,0,0,1,TRUE,TRUE,"both groups in exact cell"
92,"nw_92",2010,0,2009,"Science",3,4,4,"complete","human","human","human","between","Italy",1,0,0,0,0,0,1,0,0,1,TRUE,TRUE,"both groups in exact cell"
93,"nw_93",2010,1,2009,"Science",26,35,37,"complete","rats","rat","nonhuman","between","Portugal",0,0,1,0,0,0,1,0,0,1,TRUE,TRUE,"both groups in exact cell"
94,"nw_94",2010,0,2009,"Science",13,14,14,"complete","monkeys","primate","nonhuman","between","UK",0,0,0,1,0,0,1,0,0,1,FALSE,TRUE,"both groups in exact cell"
96,"nw_96",2010,1,2009,"Science",8,20,20,"complete","human","human","human","within","France",1,0,0,0,0,0,0,0,0,1,TRUE,TRUE,"both groups in exact cell"
97,"nw_97",2010,1,2009,"Science",50,55,56,"complete","mice","mouse","nonhuman","between","US ",0,1,0,0,0,0,1,1,0,1,FALSE,TRUE,"both groups in exact cell"
98,"nw_98",2010,0,2009,"Science",24,24,25,"complete","rats","rat","nonhuman","between","US",0,0,1,0,0,0,1,1,0,1,TRUE,TRUE,"both groups in exact cell"
99,"nw_99",2010,1,2009,"Science",9,10,11,"complete","monkeys","primate","nonhuman","within","US ",0,0,0,1,0,0,0,1,0,1,FALSE,FALSE,"no opposite-classification paper in exact cell"
100,"nw_100",2010,1,2009,"Science",44,68,72,"complete","human","human","human","between","US",1,0,0,0,0,0,1,1,0,1,TRUE,TRUE,"both groups in exact cell"
101,"nw_101",2010,1,2009,"Science",75,92,96,"complete","rats","rat","nonhuman","between","US",0,0,1,0,0,0,1,1,0,1,TRUE,TRUE,"both groups in exact cell"
102,"nw_102",2010,1,2009,"Science",12,13,13,"complete","rat","rat","nonhuman","between","US",0,0,1,0,0,0,1,1,0,1,TRUE,TRUE,"both groups in exact cell"
103,"nw_103",2010,0,2009,"Science",14,18,22,"complete","human","human","human","within","Japan",1,0,0,0,0,0,0,0,0,1,TRUE,TRUE,"both groups in exact cell"
104,"nw_104",2010,0,2009,"Science",7,7,7,"complete","human","human","human","within","Canada",1,0,0,0,0,0,0,0,0,1,TRUE,TRUE,"both groups in exact cell"
105,"nw_105",2010,1,2009,"Neuron",3,5,5,"complete","human","human","human","within","US",1,0,0,0,0,0,0,1,0,1,TRUE,TRUE,"both groups in exact cell"
106,"nw_106",2010,0,2009,"Neuron",2,4,4,"complete","human","human","human","between","Switzerland",1,0,0,0,0,0,1,0,0,1,FALSE,FALSE,"no opposite-classification paper in exact cell"
107,"nw_107",2010,0,2009,"Neuron",2,4,4,"complete","human","human","human","within","Netherlands",1,0,0,0,0,0,0,0,0,1,TRUE,TRUE,"both groups in exact cell"
108,"nw_108",2010,1,2009,"Neuron",12,19,20,"complete","monkey","primate","nonhuman","within","US",0,0,0,1,0,0,0,1,0,1,TRUE,TRUE,"both groups in exact cell"
109,"nw_109",2010,1,2009,"Neuron",12,11,11,"complete","human","human","human","within","US",1,0,0,0,0,0,0,1,0,1,TRUE,TRUE,"both groups in exact cell"
110,"nw_110",2010,1,2009,"Neuron",2,11,11,"complete","human","human","human","within","US",1,0,0,0,0,0,0,1,0,1,TRUE,TRUE,"both groups in exact cell"
111,"nw_111",2010,0,2009,"Neuron",3,10,11,"complete","human","human","human","between","Switzerland",1,0,0,0,0,0,1,0,0,1,FALSE,FALSE,"no opposite-classification paper in exact cell"
112,"nw_112",2010,0,2009,"Neuron",17,23,23,"complete","human","human","human","within","UK",1,0,0,0,0,0,0,0,0,1,TRUE,TRUE,"both groups in exact cell"
113,"nw_113",2010,0,2009,"Neuron",15,18,18,"complete","rats","rat","nonhuman","between","US",0,0,1,0,0,0,1,1,0,1,TRUE,TRUE,"both groups in exact cell"
114,"nw_114",2010,0,2009,"Neuron",1,2,2,"complete","monkeys","primate","nonhuman","within","Japan",0,0,0,1,0,0,0,0,0,1,TRUE,TRUE,"both groups in exact cell"
115,"nw_115",2010,1,2009,"Neuron",22,22,23,"complete","rats","rat","nonhuman","between","US",0,0,1,0,0,0,1,1,0,1,TRUE,TRUE,"both groups in exact cell"
116,"nw_116",2010,0,2009,"Neuron",6,7,7,"complete","human","human","human","between","Netherlands",1,0,0,0,0,0,1,0,0,1,FALSE,FALSE,"no opposite-classification paper in exact cell"
117,"nw_117",2010,0,2009,"Journal of Neuroscience",4,7,7,"complete","humans","human","human","between","SWI",1,0,0,0,0,0,1,0,0,1,FALSE,FALSE,"no opposite-classification paper in exact cell"
118,"nw_118",2010,0,2009,"Journal of Neuroscience",0,2,2,"complete","rats","rat","nonhuman","between","US",0,0,1,0,0,0,1,1,0,1,TRUE,TRUE,"both groups in exact cell"
119,"nw_119",2010,0,2009,"Journal of Neuroscience",15,21,21,"complete","humans","human","human","between","US",1,0,0,0,0,0,1,1,0,1,FALSE,FALSE,"no opposite-classification paper in exact cell"
120,"nw_120",2010,0,2009,"Journal of Neuroscience",4,5,5,"complete","monkey","primate","nonhuman","within","US",0,0,0,1,0,0,0,1,0,1,TRUE,TRUE,"both groups in exact cell"
121,"nw_121",2010,0,2009,"Journal of Neuroscience",4,3,3,"complete","rats","rat","nonhuman","between","Netherlands",0,0,1,0,0,0,1,0,0,1,TRUE,TRUE,"both groups in exact cell"
122,"nw_122",2010,1,2009,"Journal of Neuroscience",0,0,0,"complete","humans","human","human","within","Germany",1,0,0,0,0,0,0,0,0,1,TRUE,TRUE,"both groups in exact cell"
123,"nw_123",2010,1,2009,"Journal of Neuroscience",3,2,2,"complete","mice","mouse","nonhuman","between","US",0,1,0,0,0,0,1,1,0,1,TRUE,TRUE,"both groups in exact cell"
125,"nw_125",2010,1,2009,"Journal of Neuroscience",17,17,21,"complete","mice","mouse","nonhuman","between","Switserland",0,1,0,0,0,0,1,0,0,1,TRUE,TRUE,"both groups in exact cell"
126,"nw_126",2010,1,2009,"Journal of Neuroscience",9,15,18,"complete","humans","human","human","within","US",1,0,0,0,0,0,0,1,0,1,TRUE,TRUE,"both groups in exact cell"
127,"nw_127",2010,1,2009,"Journal of Neuroscience",0,2,3,"complete","monkeys","primate","nonhuman","within","US",0,0,0,1,0,0,0,1,0,1,TRUE,TRUE,"both groups in exact cell"
128,"nw_128",2010,1,2009,"Journal of Neuroscience",1,2,3,"complete","rats","rat","nonhuman","between","Finland",0,0,1,0,0,0,1,0,0,1,TRUE,TRUE,"both groups in exact cell"
129,"nw_129",2010,0,2009,"Journal of Neuroscience",1,1,1,"complete","rats","rat","nonhuman","between","France",0,0,1,0,0,0,1,0,0,1,TRUE,TRUE,"both groups in exact cell"
130,"nw_130",2010,0,2009,"Journal of Neuroscience",7,7,8,"complete","monkeys","primate","nonhuman","between","US",0,0,0,1,0,0,1,1,0,1,TRUE,TRUE,"both groups in exact cell"
131,"nw_131",2010,0,2009,"Journal of Neuroscience",11,11,12,"complete","rats","rat","nonhuman","between","US",0,0,1,0,0,0,1,1,0,1,TRUE,TRUE,"both groups in exact cell"
132,"nw_132",2010,0,2009,"Journal of Neuroscience",4,5,5,"complete","humans","human","human","within","Finland",1,0,0,0,0,0,0,0,0,1,TRUE,TRUE,"both groups in exact cell"
133,"nw_133",2010,1,2009,"Journal of Neuroscience",5,7,8,"complete","rats","rat","nonhuman","between","US",0,0,1,0,0,0,1,1,0,1,TRUE,TRUE,"both groups in exact cell"
134,"nw_134",2010,1,2009,"Journal of Neuroscience",2,3,3,"complete","cats","other","nonhuman","within","Canada",0,0,0,0,1,0,0,0,0,1,FALSE,TRUE,"both groups in exact cell"
135,"nw_135",2010,0,2009,"Journal of Neuroscience",4,9,9,"complete","humans","human","human","within","UK",1,0,0,0,0,0,0,0,0,1,TRUE,TRUE,"both groups in exact cell"
136,"nw_136",2010,0,2009,"Journal of Neuroscience",1,3,4,"complete","rats","rat","nonhuman","between","France",0,0,1,0,0,0,1,0,0,1,TRUE,TRUE,"both groups in exact cell"
137,"nw_137",2010,0,2009,"Journal of Neuroscience",14,18,18,"complete","mice","mouse","nonhuman","between","US",0,1,0,0,0,0,1,1,0,1,TRUE,TRUE,"both groups in exact cell"
138,"nw_138",2010,0,2009,"Journal of Neuroscience",6,9,9,"complete","humans","human","human","between","Germany",1,0,0,0,0,0,1,0,0,1,FALSE,FALSE,"no opposite-classification paper in exact cell"
139,"nw_139",2010,1,2009,"Journal of Neuroscience",3,2,4,"complete","mice","mouse","nonhuman","between","US",0,1,0,0,0,0,1,1,0,1,TRUE,TRUE,"both groups in exact cell"
140,"nw_140",2010,0,2009,"Journal of Neuroscience",6,7,9,"complete","mice","mouse","nonhuman","between","Italy",0,1,0,0,0,0,1,0,0,1,TRUE,TRUE,"both groups in exact cell"
141,"nw_141",2010,0,2009,"Journal of Neuroscience",4,5,5,"complete","rats","rat","nonhuman","between","US",0,0,1,0,0,0,1,1,0,1,TRUE,TRUE,"both groups in exact cell"
142,"nw_142",2010,0,2009,"Journal of Neuroscience",15,20,20,"complete","humans","human","human","between","UK",1,0,0,0,0,0,1,0,0,1,FALSE,FALSE,"no opposite-classification paper in exact cell"
143,"nw_143",2010,1,2009,"Journal of Neuroscience",6,6,8,"complete","rats","rat","nonhuman","between","US",0,0,1,0,0,0,1,1,0,1,TRUE,TRUE,"both groups in exact cell"
144,"nw_144",2010,1,2009,"Journal of Neuroscience",3,3,3,"complete","monkeys","primate","nonhuman","within","US",0,0,0,1,0,0,0,1,0,1,TRUE,TRUE,"both groups in exact cell"
145,"nw_145",2010,1,2009,"Journal of Neuroscience",4,3,3,"complete","monkeys","primate","nonhuman","between","Canada",0,0,0,1,0,0,1,0,0,1,TRUE,TRUE,"both groups in exact cell"
146,"nw_146",2010,1,2009,"Journal of Neuroscience",8,8,9,"complete","humans","human","human","within","US",1,0,0,0,0,0,0,1,0,1,TRUE,TRUE,"both groups in exact cell"
147,"nw_147",2010,1,2009,"Journal of Neuroscience",11,12,13,"complete","rats","rat","nonhuman","between","US",0,0,1,0,0,0,1,1,0,1,TRUE,TRUE,"both groups in exact cell"
148,"nw_148",2010,0,2009,"Journal of Neuroscience",12,11,11,"complete","mice","mouse","nonhuman","between","US",0,1,0,0,0,0,1,1,0,1,TRUE,TRUE,"both groups in exact cell"
149,"nw_149",2010,0,2009,"Journal of Neuroscience",11,9,9,"complete","humans","human","human","within","Germany",1,0,0,0,0,0,0,0,0,1,TRUE,TRUE,"both groups in exact cell"
150,"nw_150",2010,1,2009,"Journal of Neuroscience",11,10,11,"complete","mice","mouse","nonhuman","between","US",0,1,0,0,0,0,1,1,0,1,TRUE,TRUE,"both groups in exact cell"
151,"nw_151",2010,1,2009,"Journal of Neuroscience",9,7,7,"complete","humans","human","human","within","Germany",1,0,0,0,0,0,0,0,0,1,TRUE,TRUE,"both groups in exact cell"
152,"nw_152",2010,1,2009,"Journal of Neuroscience",21,27,27,"complete","humans","human","human","within","US",1,0,0,0,0,0,0,1,0,1,TRUE,TRUE,"both groups in exact cell"
153,"nw_153",2010,0,2009,"Journal of Neuroscience",1,4,4,"complete","humans","human","human","between","Belgium",1,0,0,0,0,0,1,0,0,1,FALSE,FALSE,"no opposite-classification paper in exact cell"
154,"nw_154",2010,0,2009,"Journal of Neuroscience",19,18,20,"complete","humans","human","human","between","Switserland",1,0,0,0,0,0,1,0,0,1,FALSE,FALSE,"no opposite-classification paper in exact cell"
155,"nw_155",2010,1,2009,"Journal of Neuroscience",21,22,23,"complete","humans","human","human","within","US",1,0,0,0,0,0,0,1,0,1,TRUE,TRUE,"both groups in exact cell"
156,"nw_156",2010,1,2009,"Journal of Neuroscience",10,17,17,"complete","rats","rat","nonhuman","between","US",0,0,1,0,0,0,1,1,0,1,TRUE,TRUE,"both groups in exact cell"
157,"nw_157",2010,1,2009,"Journal of Neuroscience",4,4,4,"complete","rats","rat","nonhuman","between","US",0,0,1,0,0,0,1,1,0,1,TRUE,TRUE,"both groups in exact cell"
