"stratum","journal","cohort","flagged","comparison","supported","linear_weight","equal_flagged_weight","information_share","source","design"
"Journal of Neuroscience / 2009","Journal of Neuroscience",2009,20,20,TRUE,0.272358667012519,0.263157894736842,0.257193720877159,"wos","journal_year"
"Journal of Neuroscience / 2010","Journal of Neuroscience",2010,10,15,TRUE,0.163415200207511,0.131578947368421,0.0310240210600759,"wos","journal_year"
"Nature / 2009","Nature",2009,4,2,TRUE,0.0363144889350025,0.0526315789473684,0.0386428768341568,"wos","journal_year"
"Nature / 2010","Nature",2010,3,1,TRUE,0.0204269000259389,0.0394736842105263,0.0301445976856288,"wos","journal_year"
"Nature Neuroscience / 2009","Nature Neuroscience",2009,7,12,TRUE,0.120411200152903,0.0921052631578947,0.223530407971873,"wos","journal_year"
"Nature Neuroscience / 2010","Nature Neuroscience",2010,7,5,TRUE,0.079437944545318,0.0921052631578947,0.0431730380615521,"wos","journal_year"
"Neuron / 2009","Neuron",2009,5,7,TRUE,0.079437944545318,0.0657894736842105,0.0908922236171902,"wos","journal_year"
"Neuron / 2010","Neuron",2010,10,6,TRUE,0.102134500129695,0.131578947368421,0.0482665495320511,"wos","journal_year"
"Science / 2009","Science",2009,8,6,TRUE,0.0933801144042922,0.105263157894737,0.213333018030058,"wos","journal_year"
"Science / 2010","Science",2010,2,3,TRUE,0.0326830400415023,0.0263157894736842,0.0237995463302545,"wos","journal_year"
"Journal of Neuroscience / 2009","Journal of Neuroscience",2009,20,14,TRUE,0.29477990069496,0.294117647058824,0.258997943875915,"wos","same_sample_journal_year"
"Journal of Neuroscience / 2010","Journal of Neuroscience",2010,9,15,TRUE,0.201345200028254,0.132352941176471,0.0420638809243376,"wos","same_sample_journal_year"
"Nature / 2009","Nature",2009,3,1,TRUE,0.0268460266704339,0.0441176470588235,0.0187437086144927,"wos","same_sample_journal_year"
"Nature Neuroscience / 2009","Nature Neuroscience",2009,7,5,TRUE,0.104401214829465,0.102941176470588,0.15925822698939,"wos","same_sample_journal_year"
"Nature Neuroscience / 2010","Nature Neuroscience",2010,7,3,TRUE,0.0751688746772149,0.102941176470588,0.0578360013151228,"wos","same_sample_journal_year"
"Neuron / 2009","Neuron",2009,5,4,TRUE,0.0795437827272115,0.0735294117647059,0.103047905805079,"wos","same_sample_journal_year"
"Neuron / 2010","Neuron",2010,10,4,TRUE,0.102270577792129,0.147058823529412,0.0611311753703186,"wos","same_sample_journal_year"
"Science / 2009","Science",2009,7,6,TRUE,0.115644422580331,0.102941176470588,0.298921157105344,"wos","same_sample_journal_year"
"Journal of Neuroscience / 2009 / human / within","Journal of Neuroscience",2009,6,3,TRUE,0.0800093783886756,0.0882352941176471,0.0654699095270862,"wos","study_type"
"Journal of Neuroscience / 2009 / nonhuman / between","Journal of Neuroscience",2009,11,10,TRUE,0.209548371970341,0.161764705882353,0.185183895380182,"wos","study_type"
"Journal of Neuroscience / 2009 / nonhuman / within","Journal of Neuroscience",2009,3,1,TRUE,0.0300035168957534,0.0441176470588235,0.0103840775060051,"wos","study_type"
"Journal of Neuroscience / 2010 / human / within","Journal of Neuroscience",2010,2,11,TRUE,0.0677002432519563,0.0294117647058824,0.00629281604682165,"wos","study_type"
"Journal of Neuroscience / 2010 / nonhuman / between","Journal of Neuroscience",2010,6,3,TRUE,0.0800093783886756,0.0882352941176471,0.0320087073389099,"wos","study_type"
"Journal of Neuroscience / 2010 / nonhuman / within","Journal of Neuroscience",2010,1,1,TRUE,0.0200023445971689,0.0147058823529412,0.00348911999961248,"wos","study_type"
"Nature / 2009 / nonhuman / between","Nature",2009,3,1,TRUE,0.0300035168957534,0.0441176470588235,0.021134083428555,"wos","study_type"
"Nature Neuroscience / 2009 / human / within","Nature Neuroscience",2009,3,1,TRUE,0.0300035168957534,0.0441176470588235,0.0285514847602705,"wos","study_type"
"Nature Neuroscience / 2009 / nonhuman / between","Nature Neuroscience",2009,2,3,TRUE,0.0480056270332054,0.0294117647058824,0.0714783835641537,"wos","study_type"
"Nature Neuroscience / 2009 / nonhuman / within","Nature Neuroscience",2009,2,1,TRUE,0.0266697927962252,0.0294117647058824,0.0670504311786368,"wos","study_type"
"Nature Neuroscience / 2010 / nonhuman / between","Nature Neuroscience",2010,6,2,TRUE,0.0600070337915067,0.0882352941176471,0.0474409351605902,"wos","study_type"
"Nature Neuroscience / 2010 / nonhuman / within","Nature Neuroscience",2010,1,1,TRUE,0.0200023445971689,0.0147058823529412,0.0164794922881171,"wos","study_type"
"Neuron / 2009 / human / within","Neuron",2009,3,2,TRUE,0.0480056270332054,0.0441176470588235,0.0532493147360765,"wos","study_type"
"Neuron / 2009 / nonhuman / between","Neuron",2009,1,1,TRUE,0.0200023445971689,0.0147058823529412,0.0444676054425939,"wos","study_type"
"Neuron / 2009 / nonhuman / within","Neuron",2009,1,1,TRUE,0.0200023445971689,0.0147058823529412,0.00678164326808179,"wos","study_type"
"Neuron / 2010 / nonhuman / between","Neuron",2010,6,1,TRUE,0.0342897335951467,0.0882352941176471,0.0244514446197597,"wos","study_type"
"Neuron / 2010 / nonhuman / within","Neuron",2010,4,3,TRUE,0.0685794671902934,0.0588235294117647,0.0391379929047973,"wos","study_type"
"Science / 2009 / human / between","Science",2009,1,1,TRUE,0.0200023445971689,0.0147058823529412,0.0235806387800512,"wos","study_type"
"Science / 2009 / human / within","Science",2009,1,3,TRUE,0.0300035168957534,0.0147058823529412,0.0421347573974412,"wos","study_type"
"Science / 2009 / nonhuman / between","Science",2009,5,2,TRUE,0.0571495559919111,0.0735294117647059,0.211233266672258,"wos","study_type"
"Journal of Neuroscience / 2009","Journal of Neuroscience",2009,19,14,TRUE,0.354074294751321,0.387755102040816,0.327765616296887,"wos","species_sample_journal_year"
"Journal of Neuroscience / 2010","Journal of Neuroscience",2010,8,14,TRUE,0.223625870369255,0.163265306122449,0.0481438268999931,"wos","species_sample_journal_year"
"Nature / 2009","Nature",2009,3,1,TRUE,0.0329448826883278,0.0612244897959184,0.0240831208624165,"wos","species_sample_journal_year"
"Nature Neuroscience / 2009","Nature Neuroscience",2009,4,3,TRUE,0.0753025890018921,0.0816326530612245,0.105623941416567,"wos","species_sample_journal_year"
"Nature Neuroscience / 2010","Nature Neuroscience",2010,2,2,TRUE,0.0439265102511037,0.0408163265306122,0.0296930175104172,"wos","species_sample_journal_year"
"Neuron / 2009","Neuron",2009,5,4,TRUE,0.0976144672246749,0.102040816326531,0.131003882874918,"wos","species_sample_journal_year"
"Neuron / 2010","Neuron",2010,2,3,TRUE,0.0527118123013245,0.0408163265306122,0.0199182790258473,"wos","species_sample_journal_year"
"Science / 2009","Science",2009,6,5,TRUE,0.119799573412101,0.122448979591837,0.313768315112953,"wos","species_sample_journal_year"
"Journal of Neuroscience / 2009 / human / within","Journal of Neuroscience",2009,6,3,TRUE,0.10157478117704,0.122448979591837,0.0853977204212364,"wos","species"
"Journal of Neuroscience / 2009 / mouse / between","Journal of Neuroscience",2009,4,3,TRUE,0.0870640981517483,0.0816326530612245,0.119292986435371,"wos","species"
"Journal of Neuroscience / 2009 / primate / between","Journal of Neuroscience",2009,1,1,TRUE,0.0253936952942599,0.0204081632653061,0.0162083549086793,"wos","species"
"Journal of Neuroscience / 2009 / primate / within","Journal of Neuroscience",2009,2,1,TRUE,0.0338582603923465,0.0408163265306122,0.0118666018715622,"wos","species"
"Journal of Neuroscience / 2009 / rat / between","Journal of Neuroscience",2009,6,6,TRUE,0.152362171765559,0.122448979591837,0.105076685017304,"wos","species"
"Journal of Neuroscience / 2010 / human / within","Journal of Neuroscience",2010,2,11,TRUE,0.0859478917651874,0.0408163265306122,0.0083475904983855,"wos","species"
"Journal of Neuroscience / 2010 / mouse / between","Journal of Neuroscience",2010,5,1,TRUE,0.0423228254904332,0.102040816326531,0.00861725847814667,"wos","species"
"Journal of Neuroscience / 2010 / rat / between","Journal of Neuroscience",2010,1,2,TRUE,0.0338582603923465,0.0204081632653061,0.0113961746986797,"wos","species"
"Nature / 2009 / mouse / between","Nature",2009,3,1,TRUE,0.0380905429413899,0.0612244897959184,0.0274697037825896,"wos","species"
"Nature Neuroscience / 2009 / human / within","Nature Neuroscience",2009,3,1,TRUE,0.0380905429413899,0.0612244897959184,0.0373661025677602,"wos","species"
"Nature Neuroscience / 2009 / mouse / between","Nature Neuroscience",2009,1,2,TRUE,0.0338582603923465,0.0204081632653061,0.0839564141096384,"wos","species"
"Nature Neuroscience / 2010 / rat / between","Nature Neuroscience",2010,2,2,TRUE,0.0507873905885198,0.0408163265306122,0.034629832996427,"wos","species"
"Neuron / 2009 / human / within","Neuron",2009,3,2,TRUE,0.0609448687062238,0.0612244897959184,0.0700224985355743,"wos","species"
"Neuron / 2009 / primate / within","Neuron",2009,1,1,TRUE,0.0253936952942599,0.0204081632653061,0.00882634501748655,"wos","species"
"Neuron / 2009 / rat / between","Neuron",2009,1,1,TRUE,0.0253936952942599,0.0204081632653061,0.058263868168537,"wos","species"
"Neuron / 2010 / rat / within","Neuron",2010,2,3,TRUE,0.0609448687062238,0.0408163265306122,0.02313584732935,"wos","species"
"Science / 2009 / human / between","Science",2009,1,1,TRUE,0.0253936952942599,0.0204081632653061,0.0306843669788071,"wos","species"
"Science / 2009 / human / within","Science",2009,1,3,TRUE,0.0380905429413899,0.0204081632653061,0.0557606225683671,"wos","species"
"Science / 2009 / rat / between","Science",2009,4,1,TRUE,0.0406299124708159,0.0816326530612245,0.203681025616098,"wos","species"
"Journal of Neuroscience / 2009","Journal of Neuroscience",2009,20,20,TRUE,0.272358667012519,0.263157894736842,0.223599692730062,"openalex","journal_year"
"Journal of Neuroscience / 2010","Journal of Neuroscience",2010,10,15,TRUE,0.163415200207511,0.131578947368421,0.0333707709529205,"openalex","journal_year"
"Nature / 2009","Nature",2009,4,2,TRUE,0.0363144889350025,0.0526315789473684,0.059803815917717,"openalex","journal_year"
"Nature / 2010","Nature",2010,3,1,TRUE,0.0204269000259389,0.0394736842105263,0.0421619257479233,"openalex","journal_year"
"Nature Neuroscience / 2009","Nature Neuroscience",2009,7,12,TRUE,0.120411200152903,0.0921052631578947,0.229688683341926,"openalex","journal_year"
"Nature Neuroscience / 2010","Nature Neuroscience",2010,7,5,TRUE,0.079437944545318,0.0921052631578947,0.0482031919191786,"openalex","journal_year"
"Neuron / 2009","Neuron",2009,5,7,TRUE,0.079437944545318,0.0657894736842105,0.0929077916048273,"openalex","journal_year"
"Neuron / 2010","Neuron",2010,10,6,TRUE,0.102134500129695,0.131578947368421,0.0484104187736982,"openalex","journal_year"
"Science / 2009","Science",2009,8,6,TRUE,0.0933801144042922,0.105263157894737,0.194774622003286,"openalex","journal_year"
"Science / 2010","Science",2010,2,3,TRUE,0.0326830400415023,0.0263157894736842,0.0270790870084614,"openalex","journal_year"
"Journal of Neuroscience / 2009","Journal of Neuroscience",2009,20,14,TRUE,0.29477990069496,0.294117647058824,0.223131951627355,"openalex","same_sample_journal_year"
"Journal of Neuroscience / 2010","Journal of Neuroscience",2010,9,15,TRUE,0.201345200028254,0.132352941176471,0.0458344233685867,"openalex","same_sample_journal_year"
"Nature / 2009","Nature",2009,3,1,TRUE,0.0268460266704339,0.0441176470588235,0.04741922007995,"openalex","same_sample_journal_year"
"Nature Neuroscience / 2009","Nature Neuroscience",2009,7,5,TRUE,0.104401214829465,0.102941176470588,0.181465983282491,"openalex","same_sample_journal_year"
"Nature Neuroscience / 2010","Nature Neuroscience",2010,7,3,TRUE,0.0751688746772149,0.102941176470588,0.060401894683194,"openalex","same_sample_journal_year"
"Neuron / 2009","Neuron",2009,5,4,TRUE,0.0795437827272115,0.0735294117647059,0.10348045972422,"openalex","same_sample_journal_year"
"Neuron / 2010","Neuron",2010,10,4,TRUE,0.102270577792129,0.147058823529412,0.0596899905548542,"openalex","same_sample_journal_year"
"Science / 2009","Science",2009,7,6,TRUE,0.115644422580331,0.102941176470588,0.278576076679349,"openalex","same_sample_journal_year"
"Journal of Neuroscience / 2009 / human / within","Journal of Neuroscience",2009,6,3,TRUE,0.0800093783886756,0.0882352941176471,0.0568996862756831,"openalex","study_type"
"Journal of Neuroscience / 2009 / nonhuman / between","Journal of Neuroscience",2009,11,10,TRUE,0.209548371970341,0.161764705882353,0.15461312558234,"openalex","study_type"
"Journal of Neuroscience / 2009 / nonhuman / within","Journal of Neuroscience",2009,3,1,TRUE,0.0300035168957534,0.0441176470588235,0.010370929266947,"openalex","study_type"
"Journal of Neuroscience / 2010 / human / within","Journal of Neuroscience",2010,2,11,TRUE,0.0677002432519563,0.0294117647058824,0.00853433747882068,"openalex","study_type"
"Journal of Neuroscience / 2010 / nonhuman / between","Journal of Neuroscience",2010,6,3,TRUE,0.0800093783886756,0.0882352941176471,0.0318628117611484,"openalex","study_type"
"Journal of Neuroscience / 2010 / nonhuman / within","Journal of Neuroscience",2010,1,1,TRUE,0.0200023445971689,0.0147058823529412,0.00495628683069681,"openalex","study_type"
"Nature / 2009 / nonhuman / between","Nature",2009,3,1,TRUE,0.0300035168957534,0.0441176470588235,0.0527872928015515,"openalex","study_type"
"Nature Neuroscience / 2009 / human / within","Nature Neuroscience",2009,3,1,TRUE,0.0300035168957534,0.0441176470588235,0.0369205613870114,"openalex","study_type"
"Nature Neuroscience / 2009 / nonhuman / between","Nature Neuroscience",2009,2,3,TRUE,0.0480056270332054,0.0294117647058824,0.0825265071928741,"openalex","study_type"
"Nature Neuroscience / 2009 / nonhuman / within","Nature Neuroscience",2009,2,1,TRUE,0.0266697927962252,0.0294117647058824,0.0714257528125476,"openalex","study_type"
"Nature Neuroscience / 2010 / nonhuman / between","Nature Neuroscience",2010,6,2,TRUE,0.0600070337915067,0.0882352941176471,0.0465269328928079,"openalex","study_type"
"Nature Neuroscience / 2010 / nonhuman / within","Nature Neuroscience",2010,1,1,TRUE,0.0200023445971689,0.0147058823529412,0.0185825231183996,"openalex","study_type"
"Neuron / 2009 / human / within","Neuron",2009,3,2,TRUE,0.0480056270332054,0.0441176470588235,0.0588865440187548,"openalex","study_type"
"Neuron / 2009 / nonhuman / between","Neuron",2009,1,1,TRUE,0.0200023445971689,0.0147058823529412,0.0373634980467853,"openalex","study_type"
"Neuron / 2009 / nonhuman / within","Neuron",2009,1,1,TRUE,0.0200023445971689,0.0147058823529412,0.00680415585131544,"openalex","study_type"
"Neuron / 2010 / nonhuman / between","Neuron",2010,6,1,TRUE,0.0342897335951467,0.0882352941176471,0.0201244623681308,"openalex","study_type"
"Neuron / 2010 / nonhuman / within","Neuron",2010,4,3,TRUE,0.0685794671902934,0.0588235294117647,0.043045412866729,"openalex","study_type"
"Science / 2009 / human / between","Science",2009,1,1,TRUE,0.0200023445971689,0.0147058823529412,0.0301549785362953,"openalex","study_type"
"Science / 2009 / human / within","Science",2009,1,3,TRUE,0.0300035168957534,0.0147058823529412,0.0491072523702518,"openalex","study_type"
"Science / 2009 / nonhuman / between","Science",2009,5,2,TRUE,0.0571495559919111,0.0735294117647059,0.17850694854091,"openalex","study_type"
"Journal of Neuroscience / 2009","Journal of Neuroscience",2009,19,14,TRUE,0.354074294751321,0.387755102040816,0.283171682532525,"openalex","species_sample_journal_year"
"Journal of Neuroscience / 2010","Journal of Neuroscience",2010,8,14,TRUE,0.223625870369255,0.163265306122449,0.0514788169177582,"openalex","species_sample_journal_year"
"Nature / 2009","Nature",2009,3,1,TRUE,0.0329448826883278,0.0612244897959184,0.0612385988754396,"openalex","species_sample_journal_year"
"Nature Neuroscience / 2009","Nature Neuroscience",2009,4,3,TRUE,0.0753025890018921,0.0816326530612245,0.122040240805982,"openalex","species_sample_journal_year"
"Nature Neuroscience / 2010","Nature Neuroscience",2010,2,2,TRUE,0.0439265102511037,0.0408163265306122,0.027573698780644,"openalex","species_sample_journal_year"
"Neuron / 2009","Neuron",2009,5,4,TRUE,0.0976144672246749,0.102040816326531,0.13204401967973,"openalex","species_sample_journal_year"
"Neuron / 2010","Neuron",2010,2,3,TRUE,0.0527118123013245,0.0408163265306122,0.019991796253958,"openalex","species_sample_journal_year"
"Science / 2009","Science",2009,6,5,TRUE,0.119799573412101,0.122448979591837,0.302461146153963,"openalex","species_sample_journal_year"
"Journal of Neuroscience / 2009 / human / within","Journal of Neuroscience",2009,6,3,TRUE,0.10157478117704,0.122448979591837,0.0752195592164003,"openalex","species"
"Journal of Neuroscience / 2009 / mouse / between","Journal of Neuroscience",2009,4,3,TRUE,0.0870640981517483,0.0816326530612245,0.0912906844171178,"openalex","species"
"Journal of Neuroscience / 2009 / primate / between","Journal of Neuroscience",2009,1,1,TRUE,0.0253936952942599,0.0204081632653061,0.0125075279522532,"openalex","species"
"Journal of Neuroscience / 2009 / primate / within","Journal of Neuroscience",2009,2,1,TRUE,0.0338582603923465,0.0408163265306122,0.0121158808923125,"openalex","species"
"Journal of Neuroscience / 2009 / rat / between","Journal of Neuroscience",2009,6,6,TRUE,0.152362171765559,0.122448979591837,0.0992712183204815,"openalex","species"
"Journal of Neuroscience / 2010 / human / within","Journal of Neuroscience",2010,2,11,TRUE,0.0859478917651874,0.0408163265306122,0.0112301070577929,"openalex","species"
"Journal of Neuroscience / 2010 / mouse / between","Journal of Neuroscience",2010,5,1,TRUE,0.0423228254904332,0.102040816326531,0.00932661792323876,"openalex","species"
"Journal of Neuroscience / 2010 / rat / between","Journal of Neuroscience",2010,1,2,TRUE,0.0338582603923465,0.0204081632653061,0.00815118904151859,"openalex","species"
"Nature / 2009 / mouse / between","Nature",2009,3,1,TRUE,0.0380905429413899,0.0612244897959184,0.0697925399743479,"openalex","species"
"Nature Neuroscience / 2009 / human / within","Nature Neuroscience",2009,3,1,TRUE,0.0380905429413899,0.0612244897959184,0.04874307705034,"openalex","species"
"Nature Neuroscience / 2009 / mouse / between","Nature Neuroscience",2009,1,2,TRUE,0.0338582603923465,0.0204081632653061,0.0905006311170404,"openalex","species"
"Nature Neuroscience / 2010 / rat / between","Nature Neuroscience",2010,2,2,TRUE,0.0507873905885198,0.0408163265306122,0.0318792304342798,"openalex","species"
"Neuron / 2009 / human / within","Neuron",2009,3,2,TRUE,0.0609448687062238,0.0612244897959184,0.0776743663417008,"openalex","species"
"Neuron / 2009 / primate / within","Neuron",2009,1,1,TRUE,0.0253936952942599,0.0204081632653061,0.00899866453108436,"openalex","species"
"Neuron / 2009 / rat / between","Neuron",2009,1,1,TRUE,0.0253936952942599,0.0204081632653061,0.0493301559492742,"openalex","species"
"Neuron / 2010 / rat / within","Neuron",2010,2,3,TRUE,0.0609448687062238,0.0408163265306122,0.02304667648929,"openalex","species"
"Science / 2009 / human / between","Science",2009,1,1,TRUE,0.0253936952942599,0.0204081632653061,0.0398791619736982,"openalex","species"
"Science / 2009 / human / within","Science",2009,1,3,TRUE,0.0380905429413899,0.0204081632653061,0.0646857858726723,"openalex","species"
"Science / 2009 / rat / between","Science",2009,4,1,TRUE,0.0406299124708159,0.0816326530612245,0.176356925445157,"openalex","species"
