"paper_id","title","doi","source_link","identity_status","source_reference","cohort","assessments"
"hmx_01","","","https://doi.org/10.1017/pan.2018.46","bibliographic_reference","Adams et al. (2006) AJPS","hmx",3
"hmx_02","","","https://doi.org/10.1017/pan.2018.46","bibliographic_reference","Aklin and Urpelainen (2013) AJPS","hmx",6
"hmx_03","","","https://doi.org/10.1017/pan.2018.46","bibliographic_reference","Banks and Valentino (2012) AJPS","hmx",9
"hmx_04","","","https://doi.org/10.1017/pan.2018.46","bibliographic_reference","Bodea and Hicks (2015a) JOP","hmx",6
"hmx_05","","","https://doi.org/10.1017/pan.2018.46","bibliographic_reference","Bodea and Hicks (2015b) IO","hmx",12
"hmx_06","","","https://doi.org/10.1017/pan.2018.46","bibliographic_reference","Carpenter and Moore (2014) APSR","hmx",3
"hmx_07","","","https://doi.org/10.1017/pan.2018.46","bibliographic_reference","Chapman (2009) IO","hmx",3
"hmx_08","","","https://doi.org/10.1017/pan.2018.46","bibliographic_reference","Clark and Golder (2006) CPS","hmx",12
"hmx_09","","","https://doi.org/10.1017/pan.2018.46","bibliographic_reference","Clark and Leiter (2014) CPS","hmx",3
"hmx_10","","","https://doi.org/10.1017/pan.2018.46","bibliographic_reference","Hellwig and Samuels (2007) CPS","hmx",6
"hmx_11","","","https://doi.org/10.1017/pan.2018.46","bibliographic_reference","Hicken and Simmons (2008) AJPS","hmx",3
"hmx_12","","","https://doi.org/10.1017/pan.2018.46","bibliographic_reference","Huddy, Mason, and Aarøe (2015) APSR","hmx",6
"hmx_13","","","https://doi.org/10.1017/pan.2018.46","bibliographic_reference","Kim and LeVeck (2013) APSR","hmx",9
"hmx_14","","","https://doi.org/10.1017/pan.2018.46","bibliographic_reference","Malesky, Schuler, and Tran (2012) APSR","hmx",12
"hmx_15","","","https://doi.org/10.1017/pan.2018.46","bibliographic_reference","Neblo et al. (2010) APSR","hmx",3
"hmx_16","","","https://doi.org/10.1017/pan.2018.46","bibliographic_reference","Pelc (2011) IO","hmx",6
"hmx_17","","","https://doi.org/10.1017/pan.2018.46","bibliographic_reference","Petersen and Aarøe (2013) APSR","hmx",6
"hmx_18","","","https://doi.org/10.1017/pan.2018.46","bibliographic_reference","Somer-Topcu (2009) JOP","hmx",3
"hmx_19","","","https://doi.org/10.1017/pan.2018.46","bibliographic_reference","Tavits (2008) CPS","hmx",3
"hmx_20","","","https://doi.org/10.1017/pan.2018.46","bibliographic_reference","Truex (2014) APSR","hmx",12
"hmx_21","","","https://doi.org/10.1017/pan.2018.46","bibliographic_reference","Vernby (2013) AJPS","hmx",6
"hmx_22","","","https://doi.org/10.1017/pan.2018.46","bibliographic_reference","Williams (2011) CPS","hmx",6
