"source_study_id","paper_id"
"Row.1","Row.1"
"Row.2","Row.2"
"Row.3","Row.3"
"Row.4","Row.4"
"Row.5","Row.5"
"Row.6","Row.6"
"Row.7","Row.7"
"Row.8","Row.8"
"Row.10","Row.10"
"Row.11","Row.11"
"Row.12","Row.12"
"Row.13","Row.13"
"Row.15","Row.15"
"Row.17","Row.17"
"Row.19","Row.19"
"Row.20","Row.20"
"Row.22","Row.22"
"Row.24","Row.24"
"Row.25","Row.25"
"Row.26","Row.26"
"Row.27","Row.27"
"Row.28","Row.28"
"Row.29","Row.29"
"Row.32","Row.32"
"Row.33","Row.33"
"Row.36","Row.36"
"Row.37","Row.37"
"Row.39","Row.39"
"Row.43","Row.43"
"Row.44","Row.44"
"Row.46","Row.46"
"Row.48","Row.48"
"Row.49","Row.49"
"Row.50","Row.49"
"Row.52","Row.52"
"Row.53","Row.53"
"Row.55","Row.55"
"Row.56","Row.56"
"Row.58","Row.58"
"Row.59","Row.59"
"Row.61","Row.61"
"Row.63","Row.63"
"Row.64","Row.64"
"Row.65","Row.65"
"Row.68","Row.68"
"Row.69","Row.69"
"Row.71","Row.71"
"Row.72","Row.72"
"Row.73","Row.73"
"Row.77","Row.77"
"Row.80","Row.80"
"Row.81","Row.81"
"Row.82","Row.82"
"Row.84","Row.84"
"Row.86","Row.86"
"Row.87","Row.87"
"Row.89","Row.89"
"Row.93","Row.93"
"Row.94","Row.94"
"Row.97","Row.97"
"Row.104","Row.104"
"Row.106","Row.106"
"Row.107","Row.107"
"Row.110","Row.110"
"Row.111","Row.111"
"Row.112","Row.112"
"Row.113","Row.113"
"Row.114","Row.114"
"Row.115","Row.115"
"Row.116","Row.116"
"Row.117","Row.117"
"Row.118","Row.118"
"Row.120","Row.120"
"Row.121","Row.121"
"Row.122","Row.122"
"Row.124","Row.124"
"Row.127","Row.127"
"Row.129","Row.129"
"Row.132","Row.132"
"Row.133","Row.133"
"Row.134","Row.134"
"Row.135","Row.135"
"Row.136","Row.136"
"Row.139","Row.139"
"Row.140","Row.140"
"Row.142","Row.142"
"Row.143","Row.143"
"Row.145","Row.145"
"Row.146","Row.146"
"Row.148","Row.148"
"Row.149","Row.148"
"Row.150","Row.150"
"Row.151","Row.151"
"Row.153","Row.153"
"Row.154","Row.154"
"Row.155","Row.155"
"Row.158","Row.158"
"Row.161","Row.161"
"Row.165","Row.165"
"Row.167","Row.167"
