key,doi
gelman2006,10.1198/000313006X152649
nieuwenhuis2011,10.1038/nn.2886
santos2006,10.1162/rest.88.4.641
lal2024,10.1017/pan.2024.2
lazic2018,10.1371/journal.pbio.2005282
osc2015,10.1126/science.aac4716
hainmueller2019,10.1017/pan.2018.46
hsiao2021,10.1162/qss_a_00155
woo2024,10.1162/qss_a_00303
bordignon2020,10.1007/s11192-020-03536-z
serragarcia2021,10.1126/sciadv.abd1705
schafmeister2021,10.1177/09567976211005767
vonhippel2022,10.1177/17456916211072525
clark2023,10.1073/pnas.2304862120
arkhangelsky2021,10.1257/aer.20190159
