assessment_id,article_id,source_id,category,material,error_verified,affected_claim,evidence_summary,evidence_locator,dispute_status,verification_scope,public_year
flora_01584_error,external_39424cf7c6286e,flora_01584,demonstrated_material_error,yes,yes,Uncertainty around the estimated output response to personal-income-tax cuts.,"2016 WP p.22: personal-tax cut output response becomes non-significant even with 68% intervals, where original wild-bootstrap95% intervals excluded zero. Peak (third-step) corrected68% output interval is [−.3%,2.8%] with corporate tax ordered first, versus [−2.9%,4.0%] for the opposite ordering. These two corrected intervals are different identification orderings, not an old/new pair. Reply pp.6–7 confirms wild-bootstrap intervals narrower and MBB includes zero at every displayed output horizon, but other valid inference methods retain significance. Monte Carlo original nominal95% coverage16–18% versus MBB91–92% is a simulation finding, not an empirical effect estimate.",data/inventories/disclosure_adjudications.json: flora_01584,Full author reply recovered. Printed p.2 explicitly acknowledges wild bootstrap not generally asymptotically valid. Authors defend significant effects under delta method/parametric bootstrap and explain that some critique intervals reflect combined tax changes.,Original code not independently rerun. Full author reply recovered. Printed p.2 explicitly acknowledges wild bootstrap not generally asymptotically valid. Authors defend significant effects under delta method/parametric bootstrap and explain that some critique intervals reflect combined tax changes.,2016
flora_01593_error,external_43403d2fad97c2,flora_01593,demonstrated_material_error,yes,yes,Caste-level rejection of standard efficient risk sharing at 10%.,"Comment Table 2 p.4: caste rejections at 10% fall from 13/13 to 7/13 after correcting coefficient labels, then 5/13 correcting aggregation. Bonferroni subsequently gives 1/13. Example Table 1: Aurepalle caste rank 30 reported .190 (SE .030), correctly labeled income .074 (.027), corrected caste averaging .025 (.021).",data/inventories/disclosure_adjudications.json: flora_01593,"Recovered author reply acknowledges misreporting and explicitly confirms corrected caste rejection counts 2/6,2/3,1/4. Authors argue the benchmark was not novel and does not invalidate their method.","2017 is supported by explicit retrospective testimony that the erratum was published, but direct dated public evidence is absent. Parent may adjudicate that testimony sufficient under a prespecified rule; this reviewer conservatively keeps first-public-year pending rather than claiming 2018 or proof of no 2017 publication. Failure to obtain archive evidence does not establish nonpublication. Original analysis not independently rerun; retraction screen, citation completeness and matching remain separate.",
flora_01616_error,external_ac2951c31f5a73,flora_01616,demonstrated_material_error,yes,yes,The calibrated model reproduces a low correlation between hours and productivity.,"Correlation of aggregate hours with labor productivity: 0.23 -> 0.8 (correction_only; takahashi_thesis.pdf, Chapter 2 pp. 38–40 and Table 2.3 p. 54); Labor wedge volatility relative to output volatility: 0.76 -> 0.24 (correction_only; flora_01616_report.html, Publisher abstract); Share of empirical labor wedge volatility explained: 0.43 -> 0.18 (correction_only; heterogeneity_reply.html, Publisher abstract)",data/inventories/disclosure_adjudications.json: flora_01616,"{""status"": ""located_acknowledges_errors"", ""doi"": ""10.1257/aer.104.4.1461"", ""source"": ""heterogeneity_reply.html"", ""scope"": ""Primary publisher abstract only; full reply not obtained.""}","No exact imprint or public issue date found in annual report. PDF created June2013; metadata alone does not establish public release. OhioLINK metadata has degree/citation year2012 but no public release field. Thesis PDF creation May2012 does not establish public availability. Detailed recheck in heterogeneity_date_recheck.json; material-error determination unchanged. Original analysis not independently rerun; retraction screen, citation completeness and matching remain separate.",
flora_01617_error,external_ff1b756fd17694,flora_01617,demonstrated_material_error,yes,yes,Volatility of output generated by the original calibrated model.,"Output standard deviation with fixed original parameters: 5.3 -> 1.77 (correction_only; risk_comment.pdf, Table 1 PDF p. 4); Correlation of net exports with output, aggregation correction only versus both corrections: 0.05 -> 0.43 (correction_only; risk_comment.pdf, Table 4 PDF p. 8); Relative net export volatility, aggregation correction only versus both corrections: 1.43 -> 1.63 (correction_only; risk_comment.pdf, Table 4 PDF p. 8)",data/inventories/disclosure_adjudications.json: flora_01617,"{""status"": ""not_located"", ""caveat"": ""Search did not identify a formal reply; absence is not established.""}","The earliest precise posting day need not equal May 6; this is a latest-public-by witness within the supported month/year. No earlier public year located. Formal response by original authors not found and acknowledgment is not claimed. Original analysis not independently rerun; retraction screen, citation completeness and matching remain separate.",2014
flora_01620_error,external_57a39bedf85763,flora_01620,demonstrated_material_error,yes,yes,Average growth at debt/GDP of at least 90%.,"Table 3 printed p.21/PDF22: original high-debt mean -.1%; removing transcription alone yields .0%; removing spreadsheet plus transcription, retaining excluded years and equal-country weights, gives .3%. Full revised country-year/all-data mean is 2.2%. Therefore -.1→2.2 is not solely the spreadsheet error.",data/inventories/disclosure_adjudications.json: flora_01620,"Author April 18 2013 response explicitly acknowledges the range error in Figure 2, disputes claims of selective omission and maintains broader findings, especially medians and longer-history results.","Earliest exact day and any earlier informal public circulation not established. Neither affects the substantiated year-level recommendation absent contrary evidence. Citation coverage, matching and panel eligibility not assessed. Original analysis not independently rerun; retraction screen, citation completeness and matching remain separate.",2013
flora_01631_error,external_1fee09b8715e82,flora_01631,demonstrated_material_error,yes,yes,Fit of quantal response equilibrium to the original experimental games.,"Optimal QRE precision parameter lambda: 8.84 -> 1.05 (correction_only; games_comment.pdf, p. 1032 item iv; original games_original.pdf p. 945); Game 3 observed frequency U: 0.198 -> 0.163 (correction_only; games_comment.pdf, Table 1 p. 1031 vs original Table 1 p. 954); Game 3 QRE probability U: 0.25 -> 0.168 (correction_only; games_comment.pdf, Table 1 p. 1031 vs original Table 1 p. 954)",data/inventories/disclosure_adjudications.json: flora_01631,"{""status"": ""located_acknowledges_computational_errors_disputes_ranking"", ""source"": ""games_reply.pdf"", ""doi"": ""10.1257/aer.101.2.1041"", ""details"": ""Reply favors Fisher-Pitman test and retains better performance of sampling equilibria than QRE; broad equivalence claim should not be encoded as an uncontested consequence.""}","November 2008 conference thanks does not identify which correction was public then; no conference paper or presentation containing the particular error was located. September issue is the earliest substantiated public version, not a claim that private circulation was impossible. Original analysis not independently rerun; retraction screen, citation completeness and matching remain separate.",2009
flora_01639_error,external_ee784a9714e70f,flora_01639,demonstrated_material_error,yes,yes,Pass-through of antidumping duties exceeds 100% in the studied episode.,"Theoretical pass-through needed to avoid duty: 200 percent -> 100 percent (theoretical_correction; flora_01639_report.html, Publisher abstract); Empirical AD-duty pass-through coefficient shift: original coefficients -> original minus approximately 1.0 (correction_only; antidumping_reply.pdf, p. 1283 re-estimation paragraph); Post-final-determination border-price pass-through: original value not verified -> approximately 60 percent (correction_with_endpoint_definition_change; antidumping_reply.pdf, p. 1283)",data/inventories/disclosure_adjudications.json: flora_01639,"{""status"": ""located_acknowledges_error_reestimates"", ""doi"": ""10.1257/aer.100.3.1283"", ""source"": ""antidumping_reply.pdf"", ""details"": ""Authors reject over-complete pass-through for this empirical case while retaining broader statement that AD differs from ordinary tariffs.""}","Earlier private drafts may exist. Searches of title, author CV, publisher and working-paper leads found no substantiated earlier public version. Full original coefficients not independently re-estimated; reply gives coefficient reduction and approximate corrected level rather than a new regression table. Original analysis not independently rerun; retraction screen, citation completeness and matching remain separate.",2010
flora_01652_error,external_28e6451c61ae50,flora_01652,demonstrated_material_error,yes,yes,Magnitude of the abortion coefficient in violent-arrest regressions.,"Foote–Goetz Table I printed p.22/PDF23: property coefficient -.025 (SE .003 cohort-state clustered)→-.010 (.002) and violent -.028 (.004)→-.013 (.004) after adding state-year FE, same data and outcomes. Both remain significant with reported clustering. Further switching to per-capita outcomes gives -.001 and -.004, a separate estimand/specification change.",data/inventories/disclosure_adjudications.json: flora_01652,"Donohue/Levitt reply explicitly acknowledges omitted interactions, including same omission in a 2004 paper; attributes subsequent per-capita null to measurement error and provides revised exposure measures. Footnote says Gruber/Levine/Staiger first privately discovered the code error; discovery is not public disclosure.","First exact public day could precede November 28 within 2005. Earlier private awareness is documented but not public exposure. Citation coverage, matching and panel eligibility not assessed. Original analysis not independently rerun; retraction screen, citation completeness and matching remain separate.",2005
flora_01657_error,external_657537d8ea8fb8,flora_01657,demonstrated_material_error,yes,yes,Estimated effect of nonpartisan telephone contact on voter turnout.,"Authors July 10, 2002 correction Table 1: no-covariate2SLS phone coefficient -.047(SE.023)→-.018(.022) or -.020(.022), under two hybrid-code assignments. Covariate2SLS -.035(.020)→-.018(.018) or -.022(.019). N29380 unchanged.",data/inventories/disclosure_adjudications.json: flora_01657,Full2002 author correction acquired;2005 formal reply abstract acquired. Authors acknowledge processing errors but defend substantive null and dispute Imai methodology.,Original code not independently rerun. Full2002 author correction acquired;2005 formal reply abstract acquired. Authors acknowledge processing errors but defend substantive null and dispute Imai methodology.,2002
