article_id,status
control_00259acb491fb2,retrieved
control_005c4a6749de6b,retrieved
control_006bbb9378ee19,retrieved
control_009476583d0084,retrieved
control_00a64a51d73ccc,retrieved
control_00c0043950d889,retrieved
control_00d3bd3e1f17e4,retrieved
control_01035a6e1e6061,retrieved
control_01347e7b66baad,retrieved
control_01452d058589e0,retrieved
control_01fe71544cbf18,retrieved
control_026112fcc97eef,retrieved
control_02694763cdd419,HTTP Error 404: Not Found
control_028d211a7c99e7,retrieved
control_0368d048cb3743,retrieved
control_036ff77f09c171,retrieved
control_03c527c6193ade,retrieved
control_03c78549c51812,retrieved
control_03d259d8d365a7,retrieved
control_03fc4df8a61958,retrieved
control_041d8cfa848ca3,retrieved
control_0436cd1342bc42,retrieved
control_046311309f78cc,retrieved
control_04cdf568036066,retrieved
control_0523b77c849d2f,retrieved
control_05729f0f25f43f,retrieved
control_057ebf0dee3047,retrieved
control_0582b910900f44,retrieved
control_063004d85656e5,retrieved
control_0694bc2c26b688,retrieved
control_06f0b711137db0,retrieved
control_070b00594c8c6b,retrieved
control_07aa92147730dc,retrieved
control_080cdf83f6f93c,retrieved
control_082bdd4bac2644,retrieved
control_084c96e5bc25da,retrieved
control_08751260307f55,retrieved
control_093b5fbc483c22,retrieved
control_09535fa602a605,retrieved
control_097293b25ad151,retrieved
control_09820167eef52d,retrieved
control_09a28ea2aa806f,retrieved
control_09abb91724d953,retrieved
control_09ff1e92e210fe,retrieved
control_0a271e7051eb29,retrieved
control_0aa3abfa25f2b0,retrieved
control_0ad0c4fabd60a6,retrieved
control_0af0a84740cc66,retrieved
control_0afbd785bc8a21,retrieved
control_0b0a83874bba9a,retrieved
control_0b9196a7ffc23f,retrieved
control_0bf75b011a02d5,retrieved
control_0c77131a05ee5e,retrieved
control_0c99b81ca4ef46,retrieved
control_0cf1cf73e7ec5d,retrieved
control_0d63e7f40d8691,retrieved
control_0d87981d539ab4,retrieved
control_0db118efc377e8,retrieved
control_0dd2c98fab61a5,retrieved
control_0dff7bac63903b,retrieved
control_0ecf5b030d9e6c,retrieved
control_0ed256733e8a63,retrieved
control_0eddc7266a9b01,retrieved
control_0eea55b5691d72,retrieved
control_0eee91265067b9,retrieved
control_0f5efe1427f0c7,retrieved
control_0f75856414fbd7,retrieved
control_0fd76ba983cbdc,retrieved
control_10cdeb08ec8199,retrieved
control_114db2f03d81e6,retrieved
control_11540c15bdf741,retrieved
control_11ada61a6e6de0,retrieved
control_11cf0757c2c2ea,retrieved
control_11e6f278340d63,retrieved
control_12649a1c209fae,retrieved
control_128fb8a6143a4c,retrieved
control_12c81bbf1e22d5,retrieved
control_13d49c760b4d67,retrieved
control_13e1712908b9bf,retrieved
control_13f565073713ba,retrieved
control_13f955a006ca08,retrieved
control_1431b7ebb8a315,retrieved
control_146618886f71c7,no_doi
control_1496d45f1aad6b,retrieved
control_1506e4b9ca99e3,retrieved
control_15209eed6713cf,retrieved
control_1548f1d3272306,retrieved
control_15700cebe5ceda,retrieved
control_15a20aa744c4ce,publisher_identity_mismatch
control_15c90711079397,retrieved
control_15d40335788eff,retrieved
control_15f47fb3eb8360,retrieved
control_167bb7c958bf2d,retrieved
control_16806b04b59199,retrieved
control_16c2287aa1478c,retrieved
control_1728d41df2dc90,retrieved
control_17663bc73cbc21,retrieved
control_17714869d754ca,retrieved
control_17746bd6ef8503,retrieved
control_1783c2843fad43,retrieved
control_17a7dfcce19819,retrieved
control_1820db733f7137,retrieved
control_182bcd019ba0d7,retrieved
control_1831052c68ce3f,retrieved
control_183a03fb4eaf8f,retrieved
control_1859d12ce7f444,retrieved
control_186ca3530426bc,retrieved
control_18fc68aa07de3b,retrieved
control_197a72c60f934c,retrieved
control_199d3cb30c9d9f,retrieved
control_1a225f4d28ef9c,retrieved
control_1a2693f37eb29d,retrieved
control_1a507a0377e0c8,retrieved
control_1a67c6de9824b0,retrieved
control_1ad15ee4f75bb7,retrieved
control_1b178c9dd1948a,retrieved
control_1b284d63b9aa0a,retrieved
control_1b62a41b083c7a,retrieved
control_1b70951011e006,retrieved
control_1b94225d974a6b,retrieved
control_1bd40a130ecb60,retrieved
control_1be53cbe39de48,retrieved
control_1c6f835de852e1,retrieved
control_1c72e8c2189c23,retrieved
control_1ce99598291f10,retrieved
control_1d5aa4748447f3,retrieved
control_1d5c942b817d75,retrieved
control_1dc8c75afec3c1,retrieved
control_1dcc75fb6fd79e,retrieved
control_1e686028b7c37c,retrieved
control_1ee550cda7c1d2,retrieved
control_1f02433d216f2f,retrieved
control_1f8ac271552596,retrieved
control_1ff1fd62df7892,retrieved
control_20ef8495387442,retrieved
control_210817ac4d5efa,retrieved
control_21470a70e2f339,retrieved
control_21a0ce8ecf69f4,retrieved
control_2207684513f2be,retrieved
control_220cb229a49d06,retrieved
control_221278fd92a2b7,retrieved
control_224c9653260507,retrieved
control_2294cb518d3673,retrieved
control_2308b46ef7b996,retrieved
control_230b743084a420,retrieved
control_241b1b2acc9585,retrieved
control_24da7c498202bf,retrieved
control_25193743ea1032,retrieved
control_2530aa8b434a19,retrieved
control_2536c116e35f30,retrieved
control_25580b1b44b7f4,retrieved
control_25fb763c531347,retrieved
control_261f700c55a16b,retrieved
control_2638c55ce87751,retrieved
control_26628a858b2711,retrieved
control_2666a7a5b985f0,retrieved
control_266b067bb88fc7,retrieved
control_26b7f7f59e173e,retrieved
control_26d888335499a0,retrieved
control_270b2da474b448,retrieved
control_27520295f65aae,retrieved
control_27565903e80bae,HTTP Error 404: Not Found
control_2777362303a18d,retrieved
control_2799a79f236c84,retrieved
control_27fabe81bf5c0a,retrieved
control_2835e30b8fd4d9,retrieved
control_28716b5060945b,retrieved
control_2895c9d37d56bd,retrieved
control_289a90b21e1b68,retrieved
control_28d348539b03b3,retrieved
control_295277154503e7,retrieved
control_296421bc4929ff,retrieved
control_2a3eff994c7ea5,retrieved
control_2a56aae663bfda,retrieved
control_2a7e6dd985227c,retrieved
control_2a8d64f2cd87e0,retrieved
control_2aa2ae1c7e7d31,retrieved
control_2ad95ba52fe1dd,retrieved
control_2b011a3080cb88,retrieved
control_2b11a4970e7e3b,retrieved
control_2b8e39bbbf356c,retrieved
control_2ba16102a2c038,retrieved
control_2bb7c170f8bb5a,retrieved
control_2c35191515b78b,retrieved
control_2c746eaf8a2d02,retrieved
control_2c7e191fea1589,retrieved
control_2c7fe1deb2c391,retrieved
control_2d780858c56946,retrieved
control_2e4901925314c0,retrieved
control_2eba3a9c505e7f,retrieved
control_2f2476764b314b,retrieved
control_2f74ca2b375f9f,retrieved
control_2f88b27addb1d5,retrieved
control_3030aa84f8df73,retrieved
control_3089cd1aaa5bff,retrieved
control_308f8fb6e9ec15,retrieved
control_30c7ed5d0a2cdb,retrieved
control_30d91825852301,retrieved
control_31359ebb99160e,retrieved
control_317d376d84f80e,retrieved
control_317e2132297184,retrieved
control_31e8db4e606517,retrieved
control_320abe11e3eed3,retrieved
control_3234d3179b2ed8,retrieved
control_324975a367578e,retrieved
control_3262332744b680,retrieved
control_32846f2821ad03,retrieved
control_329c81894620d2,retrieved
control_32ad6521e2bf5b,retrieved
control_32ce38ee570c2c,retrieved
control_332dc403eb3097,retrieved
control_33489299cc23a4,retrieved
control_33a30ae7dbf4ab,retrieved
control_33b104dd6a7140,retrieved
control_33c87eb97fe423,retrieved
control_33e506bdc65a85,retrieved
control_3477233f6529c2,retrieved
control_34a742086262b8,retrieved
control_34c70332805fee,retrieved
control_356f10923575d0,retrieved
control_3586800bab168d,retrieved
control_367d1bd5838845,retrieved
control_372eeeaa613e5c,retrieved
control_3739bbb6215e78,retrieved
control_373c97b3d2c660,retrieved
control_37b7c6d0423cb7,retrieved
control_37ca078c7658b1,retrieved
control_37f507efc5a617,retrieved
control_38c9a55652135c,retrieved
control_3907bbb9334fd7,retrieved
control_39925236ca3815,retrieved
control_39fef64c4ace2a,retrieved
control_3a2aec9fa61221,retrieved
control_3a7db499c4357b,retrieved
control_3ab3c6a9b77394,retrieved
control_3b1c2cba13f8e2,retrieved
control_3b260c5b7d2fc9,retrieved
control_3ba6cabbf75f29,retrieved
control_3bc770b3d46d4a,retrieved
control_3bc81b046300fe,retrieved
control_3bf6c6a71a97e9,retrieved
control_3c57b2e9f04c56,retrieved
control_3caf4f05c175de,retrieved
control_3ce91e0aec0bd9,retrieved
control_3d2967caeac719,retrieved
control_3d7fa75cfad491,retrieved
control_3d80d23b6a0b8d,retrieved
control_3da24aa65545c5,retrieved
control_3daef387eb5688,retrieved
control_3e5dd35a94f76e,retrieved
control_3e924389110b3c,retrieved
control_3e9e96a08430d9,retrieved
control_3ed716339b5593,retrieved
control_3eda996abe40d5,no_doi
control_3eecdd97b1035c,retrieved
control_3f5ecbb073a110,retrieved
control_3fff3c590b9e17,retrieved
control_4091164a22b963,retrieved
control_40b3dea4061fb1,retrieved
control_40db1dfb9978ca,retrieved
control_412a829a44b219,retrieved
control_4137f9e8da59a4,retrieved
control_414a68513e9b2f,retrieved
control_41764c3288f51e,retrieved
control_41b0cc8dee6b3c,retrieved
control_421355a5023258,retrieved
control_422df16582bda9,retrieved
control_4280aa06ed6c31,retrieved
control_42b207fa15bcf0,retrieved
control_42b9ad11c18948,retrieved
control_437902c0770fec,publisher_identity_mismatch
control_43dc7b37da91f5,retrieved
control_4421e3b7bdc8f7,retrieved
control_442291d2b43fa8,retrieved
control_44358a632e7bf0,retrieved
control_445a207ad56a6d,retrieved
control_44ddbdd2e0df68,retrieved
control_44e132de91a527,retrieved
control_45001bdf96081b,retrieved
control_454e2faa287b6f,retrieved
control_4578159bda77aa,retrieved
control_457b1cc0729410,retrieved
control_45a8dc281dda17,retrieved
control_461eb1beede8fd,retrieved
control_463677dae5ec16,retrieved
control_464e506c9f52e8,retrieved
control_465804fd7862ef,retrieved
control_46783f2c263445,retrieved
control_4685026a5f49a6,retrieved
control_46bd2193686633,retrieved
control_46de83660c3167,retrieved
control_46f1536b9ab229,retrieved
control_4737a9e7c4a771,retrieved
control_47aecdbca415ff,retrieved
control_4801e49dd6ac18,retrieved
control_480f8049f8284e,retrieved
control_48e5e15552eccf,retrieved
control_48f583f210e414,retrieved
control_498d866fdd4705,retrieved
control_49bf3286f08348,retrieved
control_49d4cf395c88d7,no_doi
control_49d9079e375d70,retrieved
control_49ed74952504c5,retrieved
control_4a002a8ca46f2f,retrieved
control_4a278341c9ed22,retrieved
control_4a626e1bd09ef8,retrieved
control_4a66ef52206d72,retrieved
control_4abf102d5fc7e8,retrieved
control_4b42471c3ab304,retrieved
control_4bb13aa9eba893,retrieved
control_4bfff7f5b47ec2,retrieved
control_4c4a4614533042,retrieved
control_4c87a15d49fe6d,retrieved
control_4c8e35fedfd7eb,retrieved
control_4ca81c0f77cab9,retrieved
control_4cb1706278e05e,retrieved
control_4d0e600beb4ec5,retrieved
control_4d6a77e277b8ea,retrieved
control_4d728d28064fcb,retrieved
control_4d94a319d237ca,retrieved
control_4db0ddf0add608,retrieved
control_4dc84e4a597dd6,retrieved
control_4e1060466f2892,retrieved
control_4e7e900117e104,retrieved
control_4e9ad50a8784cc,retrieved
control_4ea8ec6fa9f948,retrieved
control_4f1873d999ea05,retrieved
control_4f416ae7b3e0ce,retrieved
control_4fb2ab71666b79,retrieved
control_4fe862e5184b87,retrieved
control_503c79f0c2e7aa,retrieved
control_508e9d994df40a,retrieved
control_511ff7b0e39e37,retrieved
control_51295e67b7106b,retrieved
control_51546acc4fbf1d,retrieved
control_51568807f9aaab,retrieved
control_518dda0be57994,publisher_identity_mismatch
control_51b1e7965dd806,retrieved
control_51dd7f2d43c85c,retrieved
control_52ef945da9d899,retrieved
control_52f366d4141bb3,retrieved
control_539d5176c09e20,retrieved
control_53d46cb203a2d1,retrieved
control_53e2a6bc51b9f7,retrieved
control_549ee4c8c55204,retrieved
control_5501a99b8e4a78,retrieved
control_5548bb55b123d5,retrieved
control_554ffdeb4a85c0,retrieved
control_564aebaa60b818,retrieved
control_5660852a9f985e,retrieved
control_5671f0e0a943ed,retrieved
control_56f9da0334bc05,retrieved
control_574825753e9e96,retrieved
control_580dea64feb7e7,retrieved
control_5873d7e8bfc581,retrieved
control_58d1b4b6d98486,retrieved
control_58d8ca0e26e43a,retrieved
control_58e0de81df4c8d,retrieved
control_597c64e59f14bf,retrieved
control_597da78282d61d,retrieved
control_5a31adc0547906,retrieved
control_5a3a4eb97f4d02,retrieved
control_5a68831682a28b,retrieved
control_5ace538683bff0,retrieved
control_5b56a1acaee954,retrieved
control_5bbd748866ea98,retrieved
control_5be112dde61ef6,retrieved
control_5bf56f14f5b9ee,retrieved
control_5c3901fa764a69,retrieved
control_5c59d4ff650a78,retrieved
control_5c7f144ee2348c,retrieved
control_5cae205072ead6,retrieved
control_5cbb97f4910798,retrieved
control_5cc31a4fd837cb,retrieved
control_5cda46d4262c37,retrieved
control_5cfc2a84a15add,retrieved
control_5d32a9edd01644,retrieved
control_5db11331d863c2,retrieved
control_5dde9aa01446f0,retrieved
control_5de57bb3fab761,retrieved
control_5dfd038a7f741d,retrieved
control_5dfe8b709658a1,retrieved
control_5e55ce730aa845,retrieved
control_5e8c86f20c4f35,retrieved
control_5ead0ca1d825cf,retrieved
control_5eb66a8b6fa314,retrieved
control_5eccf96c09dc36,retrieved
control_5f0aaadb6fa858,retrieved
control_5f2b7c4426469b,retrieved
control_5fbdafd71c9562,retrieved
control_6009da4cf22f00,retrieved
control_607dc3a2171c0f,retrieved
control_608e4d87ba2cb8,retrieved
control_60d88cf3217b2d,retrieved
control_6105142bfe6942,retrieved
control_612bf12a671890,retrieved
control_628d33fba19b27,retrieved
control_6290cbc96124b4,retrieved
control_629249b09d465c,retrieved
control_62bc62c6272e0d,retrieved
control_631db3fc5e4c98,retrieved
control_633c4368c0b252,retrieved
control_637017d89d8808,retrieved
control_63797b95627cb5,retrieved
control_639ae447d5f99c,retrieved
control_639d48bda30407,retrieved
control_63a5f5b4e6acea,retrieved
control_63f77dd6a7de20,retrieved
control_646bc2e34fc0b7,retrieved
control_6525342215f6ff,retrieved
control_65595a2ff70366,retrieved
control_6565d214f6a0d8,retrieved
control_6581cd4bd3c299,retrieved
control_65830a4a5e806d,retrieved
control_667bc4716098d8,retrieved
control_66959e563f48c5,retrieved
control_66e542962a1dc6,retrieved
control_66ef6c7e6e863d,retrieved
control_671098be124051,retrieved
control_673499735a57f8,retrieved
control_67aec1fede4410,retrieved
control_67dbb9268ce739,retrieved
control_68580f1a292e85,retrieved
control_691cf233358c4c,retrieved
control_69677cc633749d,retrieved
control_699653dd4fecd4,retrieved
control_6a0904ee75b6b7,retrieved
control_6a11f9a0a2b256,retrieved
control_6a65accb819edb,retrieved
control_6a673e1a70b6be,retrieved
control_6a73687a8d2b95,retrieved
control_6aa5877e98398e,retrieved
control_6b04686a59b6ed,retrieved
control_6b07def4928d97,retrieved
control_6b4dfee4e618d4,retrieved
control_6befa48dd9e0f1,retrieved
control_6c2a5830b7a2a2,retrieved
control_6c67f94bcc58ce,retrieved
control_6c6d3a981b2365,retrieved
control_6cacf1390c376b,retrieved
control_6cdc6f66c7dd3f,retrieved
control_6da047dffa9686,retrieved
control_6e059a541e618c,retrieved
control_6e9f5fcd14f789,retrieved
control_6f1c859a9f3574,retrieved
control_6f6d2bcc308c4f,publisher_identity_mismatch
control_6fe97f465f0bfe,retrieved
control_6ffc1895e8126f,retrieved
control_704da3168039f9,retrieved
control_70777c4f695039,retrieved
control_708fb8d740513f,retrieved
control_70f4c0e73539bf,retrieved
control_718e6258ebbf57,retrieved
control_71a5877f8f17e2,retrieved
control_725ed0d5367f5b,retrieved
control_726cecc8e87a89,retrieved
control_729704e54c6029,retrieved
control_7299ee89e67d05,retrieved
control_72d39f47d3b230,retrieved
control_72dc5caad9fdb3,retrieved
control_72dc99c22372f1,retrieved
control_72ef80ee482b5a,retrieved
control_7320abbe24b0d1,retrieved
control_73b379eeb0ebab,retrieved
control_745d98204548f4,retrieved
control_74830d9977e9ee,retrieved
control_74d27c06462fac,retrieved
control_7539f5759ebadc,retrieved
control_7545bb5f3508ad,retrieved
control_755ad3dae71102,retrieved
control_7569bb7b1dc8ea,retrieved
control_756b6db7e57bd7,retrieved
control_7596f97e9bbe2d,retrieved
control_763e5a2e5c24fb,retrieved
control_76712aa324bc17,retrieved
control_7676c8e0283dfc,retrieved
control_767c1c62e87a8b,retrieved
control_76d159d7ad4ea2,retrieved
control_76fdbd1473c089,retrieved
control_7720cc4d574956,retrieved
control_7721cac291da60,retrieved
control_77412ae1f7eb32,retrieved
control_778e30c6204e1c,retrieved
control_77d320edac36c0,retrieved
control_77f7046a2e3f29,retrieved
control_786d8b113e1fac,retrieved
control_788390747f2f7a,retrieved
control_788e4212dfe793,retrieved
control_78c9bd2cec45a5,retrieved
control_78db8500a0d19a,publisher_identity_mismatch
control_78ec52bb39e92b,retrieved
control_79623804e4f5c5,retrieved
control_797063487dcecb,retrieved
control_7a24a02fbd2965,retrieved
control_7a4855cca0fc0f,retrieved
control_7a81a477c0b4e0,retrieved
control_7b05e2a2fa2a4d,retrieved
control_7b0f822970ad9a,retrieved
control_7b2f983c5506b3,retrieved
control_7be59b8463fc68,retrieved
control_7c0604c2f1b4b6,retrieved
control_7cbd16adb9545d,retrieved
control_7d0179d47f62dd,retrieved
control_7d2bcf531e2b4a,publisher_identity_mismatch
control_7d8a1c65e46070,retrieved
control_7df39063b9bade,retrieved
control_7e065546c9645c,retrieved
control_7e15f08b9de5c9,retrieved
control_7e23606b31e144,retrieved
control_7e588c2e797c25,retrieved
control_7e76ab977f5a70,retrieved
control_7e84055da711a4,retrieved
control_7f238b1f526230,retrieved
control_7f8254350d1420,retrieved
control_7f8b94b62e131d,retrieved
control_7f9e5445ca35cc,retrieved
control_7fa00b2523e2da,retrieved
control_7fbbdebbcbafe0,retrieved
control_802ac7cf2e93be,retrieved
control_803fbd8468e4ef,retrieved
control_81551046a74193,retrieved
control_817f5e77f644c9,retrieved
control_81b59008cd9466,retrieved
control_81d0e131c8b434,retrieved
control_81e1e4940c3903,retrieved
control_81ed027ef62e01,retrieved
control_824390917820b4,retrieved
control_825a86cefee96f,retrieved
control_82a9f7e580cc2f,retrieved
control_83850146375bb5,retrieved
control_8419fb652d4237,retrieved
control_848b81045f2a5b,retrieved
control_84922a913bd1d8,retrieved
control_84c96b57f8121f,retrieved
control_85258160015015,retrieved
control_854a97f55b5696,retrieved
control_855652fbfc762f,retrieved
control_859928931c778b,retrieved
control_8645b0a05b86fc,retrieved
control_864bb33b1db8ce,retrieved
control_8660727f00a179,retrieved
control_875d7a5ca98889,retrieved
control_876191c546b3c8,retrieved
control_87a0de9b6c14bd,retrieved
control_885b11d0565518,retrieved
control_886d1b5e592a20,retrieved
control_8870e55251059f,retrieved
control_887457f057220c,retrieved
control_889944c6f68427,retrieved
control_88c8208c5c74a2,retrieved
control_88f97d6cfb2f93,retrieved
control_8941c9e2401723,retrieved
control_894767037ade3d,retrieved
control_8970e6e9323d68,retrieved
control_89fd54dc9e0b13,retrieved
control_8a3dae8616974f,retrieved
control_8a53b85af66ef5,retrieved
control_8a71b24ef45d86,retrieved
control_8a9afac6a82a0a,retrieved
control_8b049751c54b5a,retrieved
control_8b5293e1ff0e81,retrieved
control_8bc9f05f23374e,retrieved
control_8be27ffedef4b5,retrieved
control_8bec382d6a7911,retrieved
control_8c5ffc545d396a,retrieved
control_8cb0087229f95e,retrieved
control_8d36b6aecc34d3,retrieved
control_8d7024598695dc,retrieved
control_8dca310be201f4,retrieved
control_8e596493b61601,retrieved
control_8e69c21bdf23c1,retrieved
control_8e779c290646f0,retrieved
control_8eb7b07f7ba12a,retrieved
control_8ed7f2dd1c7970,retrieved
control_8f4ff27b3cfe1f,HTTP Error 404: Not Found
control_8f7884b5092e98,retrieved
control_8f986412bb9c0f,retrieved
control_8fa514a7bb03b1,retrieved
control_901ed67be8422e,retrieved
control_903bc5a7aa5b56,retrieved
control_90c4b392202e3a,retrieved
control_90ec35648f2eb1,retrieved
control_910519b07572c9,retrieved
control_9149d00ddbf450,retrieved
control_915c5c5d32b9cd,retrieved
control_928d33f200c7e0,retrieved
control_92c432f034b627,retrieved
control_92e79588b96422,retrieved
control_938ba7ffaa65f8,retrieved
control_939c2a1b468d42,retrieved
control_93f409eceef69b,retrieved
control_94163ec39965a4,no_doi
control_941d7b40978eb6,retrieved
control_944a761ca02ced,retrieved
control_945c687e6e29c6,retrieved
control_94fc0fd5526c5b,retrieved
control_951d77137f6ce5,retrieved
control_9572d124476774,retrieved
control_957475399e25e9,retrieved
control_9584e16e75cc36,retrieved
control_95c4e7c4ac03bb,retrieved
control_96174ef72dcd83,retrieved
control_963cc99b553f3d,retrieved
control_9688c6466838b2,retrieved
control_96c96c95d8a18b,retrieved
control_96f341ae602d38,retrieved
control_9700fc1b5cb16e,retrieved
control_9729d144412f55,retrieved
control_9762bb1c13fe7f,retrieved
control_97ed8e7478774f,retrieved
control_9831070fec2c19,retrieved
control_98315989205759,retrieved
control_983f763647bf0d,retrieved
control_985e93db795a51,retrieved
control_9867a973df8e5b,retrieved
control_98e1463d0498cb,retrieved
control_99ca3cd828197c,retrieved
control_99d0f97b3817ca,retrieved
control_9a8bb059096f93,retrieved
control_9b195488940f5f,retrieved
control_9b1d6471f1241f,retrieved
control_9b273cc1386abe,retrieved
control_9b2812b954f6ca,retrieved
control_9b308ee7190f2f,retrieved
control_9bcb551293af39,retrieved
control_9c06de4755a801,retrieved
control_9c460848de9bec,retrieved
control_9c7beaf0b0c2c6,retrieved
control_9cde794c82ae83,retrieved
control_9d215eb2db9899,retrieved
control_9d296f53a126e9,retrieved
control_9dab1c6d94b5fe,retrieved
control_9e714a77e0575d,retrieved
control_9eab52e5973194,retrieved
control_9f5df3c0137974,retrieved
control_9f62719ff84440,retrieved
control_9fac923557513e,retrieved
control_9fc235e9b3b1a5,retrieved
control_a017a538704bf9,retrieved
control_a045b08bdc3c10,retrieved
control_a064d0c914e3b8,retrieved
control_a075520c0890aa,retrieved
control_a14fa5f9337f88,retrieved
control_a1e2fb16f53dbd,retrieved
control_a1f0f1efbc2315,retrieved
control_a238160dcfc06d,retrieved
control_a2397a15e1de58,retrieved
control_a3043184785807,retrieved
control_a3185b87b1982a,retrieved
control_a36feaeb5dce9b,retrieved
control_a3a6818c2b6652,retrieved
control_a3c74451e74acf,retrieved
control_a3d00c519e219c,retrieved
control_a3eff2dce9209b,retrieved
control_a40d17b4e21215,retrieved
control_a4722497e1ba78,retrieved
control_a4e705a2744b5f,retrieved
control_a55abf6fb357fe,retrieved
control_a578b862234ac6,retrieved
control_a5b8097213f200,retrieved
control_a5dab48d352fe7,retrieved
control_a5deffd28446e6,retrieved
control_a5ed6ecdc75313,retrieved
control_a5ee4823cca80c,retrieved
control_a6040a607b6986,retrieved
control_a60c3e9f8548ec,retrieved
control_a67782974bc988,retrieved
control_a728d2fd2f0c8b,retrieved
control_a732f986451f68,retrieved
control_a77701761c137c,retrieved
control_a7ce06ea75d239,retrieved
control_a7f1e299aaaea5,retrieved
control_a7f83625e7317b,retrieved
control_a7fe7e38c53cae,retrieved
control_a88f2435eeed07,retrieved
control_a893fbe7f1d747,retrieved
control_a8c2d2a3dfda2f,retrieved
control_aa12575c82a8e7,retrieved
control_aa50716af31aea,retrieved
control_aa9f04fb7face1,retrieved
control_ab713b8e74f4c1,retrieved
control_ab8ebe53e22456,retrieved
control_abbd7edc4de714,retrieved
control_abd4719cd0ce86,retrieved
control_abe0fd1bbda9e8,retrieved
control_ac13c2ab2e2404,retrieved
control_acb176bf149384,retrieved
control_acc5f3017f1285,retrieved
control_ada858b2ed4744,retrieved
control_adb5a03cfee41f,retrieved
control_adfd12dda37307,retrieved
control_ae39c80339f319,HTTP Error 404: Not Found
control_aef57a55a116a8,retrieved
control_af5b6baf19b0ad,retrieved
control_af601378dc8e54,retrieved
control_af669c955713c2,retrieved
control_af8adc394991df,retrieved
control_b011ff5273779b,retrieved
control_b069ce670601bd,retrieved
control_b07f0258f543a0,retrieved
control_b105a2c8469993,retrieved
control_b1a64f6ffb7579,publisher_identity_mismatch
control_b20418649fc251,retrieved
control_b211c47afb9dd3,retrieved
control_b23175cb4a2b80,retrieved
control_b28298bd74e69a,retrieved
control_b295724082d458,retrieved
control_b29afa0c11f837,HTTP Error 404: Not Found
control_b2a723b2c57a38,retrieved
control_b35f1087f81cb1,retrieved
control_b39b91bc5b9d9a,retrieved
control_b39e2d9398eeb1,retrieved
control_b3bcd8ba80e03b,retrieved
control_b42bf648dba9ce,retrieved
control_b4ca772e38ee9c,retrieved
control_b4ccd14badb363,retrieved
control_b5135c92f6ee80,retrieved
control_b51e069ef9dbba,retrieved
control_b56ba210c8e222,retrieved
control_b5fd59ee323fd3,retrieved
control_b61b7589d2f5b9,retrieved
control_b6b1cb265e612c,retrieved
control_b73837a7f97769,publisher_identity_mismatch
control_b751b58e9be0b0,retrieved
control_b845b5d05c40ad,retrieved
control_b8966eaa3468d8,retrieved
control_b8a7f9190bed50,retrieved
control_b8ea9634a6207f,retrieved
control_b8ebac6154a9b8,retrieved
control_b926b50eac8ca3,retrieved
control_b94048d1856c0c,retrieved
control_b9aa91a9e10f85,retrieved
control_b9df96027839f7,retrieved
control_ba1d9b04db7d4a,retrieved
control_bac91a6a421055,retrieved
control_bb3088cdd470de,retrieved
control_bb31896860af4a,retrieved
control_bb5cb67c11bd87,retrieved
control_bb66faa6389ba2,retrieved
control_bb6edf001a9b59,retrieved
control_bb766bf2a06ca5,retrieved
control_bb9d5aabca0cb2,retrieved
control_bbbfd629713d7e,retrieved
control_bbdf7f6419c9e9,retrieved
control_bbfbc61823aac0,retrieved
control_bc308ff58c6fe8,retrieved
control_bc6137393b204a,no_doi
control_bcb3356fa82d5d,retrieved
control_bcd521e733bdf1,retrieved
control_bce0e97e6e806a,retrieved
control_bcee4bdcdf22ad,retrieved
control_bcfa43de025745,retrieved
control_bd5932038823be,retrieved
control_bd634d42492f4c,retrieved
control_bdbd1103746061,retrieved
control_bdcf86df2d62d6,retrieved
control_be36b739b02da7,retrieved
control_be55abc26d2dc5,retrieved
control_be6eacd8e27df7,retrieved
control_be886172d05803,retrieved
control_bf63d7a7653268,retrieved
control_c0299c098d549b,retrieved
control_c0448e62118f7e,retrieved
control_c067444177c2d2,retrieved
control_c087801fdb8bd6,retrieved
control_c08d6d2f00543d,retrieved
control_c19a04207dbe5a,retrieved
control_c1a466dd6f42e0,retrieved
control_c1b16823696ae6,retrieved
control_c1d607ca2b0f19,retrieved
control_c2a4a4d6f50f9a,retrieved
control_c2ff296aa792cb,retrieved
control_c320f96b88de66,retrieved
control_c33e572315049a,retrieved
control_c363640cc586f5,retrieved
control_c394269679250b,retrieved
control_c3f9cbfd888cee,retrieved
control_c416675044b039,retrieved
control_c43d57e17d3397,retrieved
control_c49ebc8dfa2d69,retrieved
control_c4c15aa6b473a2,retrieved
control_c4d77ff3c1902e,retrieved
control_c529d97333402e,retrieved
control_c547b415dd9854,retrieved
control_c583d80c3ddd48,retrieved
control_c5a44c4655dfbb,retrieved
control_c5a51df5007c34,retrieved
control_c614b001e81d52,retrieved
control_c6980fe14663fa,retrieved
control_c6c011fe73e84f,retrieved
control_c75b925498459e,retrieved
control_c7812ddd824d17,retrieved
control_c78c407615c461,retrieved
control_c80b789d1ae8ad,retrieved
control_c86dd241f5a85f,retrieved
control_c8927a01ad8f00,retrieved
control_c95a3782f32aa2,retrieved
control_ca285fd2c3a7d8,retrieved
control_ca4cfcdee56fa8,retrieved
control_ca937976983094,retrieved
control_cb19ec6bc847bb,retrieved
control_cb870400575be0,retrieved
control_cbe3fc734ea279,retrieved
control_cc2b4e10269d7c,retrieved
control_cc467d51184c7a,retrieved
control_cc51880013f900,retrieved
control_cc66b4694d9a79,retrieved
control_cca7cc73d77dc0,publisher_identity_mismatch
control_ccc7453e02e96f,retrieved
control_cd145f9912f10c,retrieved
control_cd3280ed3405d9,retrieved
control_cd6f72f095db6e,retrieved
control_ce34c33002d3c2,retrieved
control_ce6b399b8c56e3,retrieved
control_cf72db8ad41c3a,retrieved
control_cf7b93280ac777,retrieved
control_d05ca367f7020d,retrieved
control_d07f3eb9ecd288,retrieved
control_d102ced1f1ea39,retrieved
control_d1089b4c1398c4,retrieved
control_d165392910c4bc,retrieved
control_d1732177e01e90,retrieved
control_d17f016a3439ff,retrieved
control_d24852b000d8d0,retrieved
control_d257fe776728ba,retrieved
control_d2642298b834cc,retrieved
control_d2d067e964a55e,retrieved
control_d3149e97c09b0e,retrieved
control_d32d81eaae6803,retrieved
control_d3e93e5bd8d371,retrieved
control_d4180669a09db9,retrieved
control_d421684b3d0a2b,retrieved
control_d43edc1bc39794,retrieved
control_d46bd82ef0101a,retrieved
control_d47d5c7d2a6535,retrieved
control_d4953551bd43c7,retrieved
control_d497168fa91e74,retrieved
control_d54f1ad5197d61,retrieved
control_d615ed5a157752,retrieved
control_d623f214a841ab,retrieved
control_d65fb3c18ef66e,retrieved
control_d6892353661590,retrieved
control_d69200138e5da3,retrieved
control_d6965687bf6623,retrieved
control_d6efc037f84918,retrieved
control_d70a4c2f389f5f,retrieved
control_d75508cfe6f86f,retrieved
control_d75c56cb4cef64,retrieved
control_d769d646c3757f,retrieved
control_d783f90d6145e2,retrieved
control_d85aedd4f08c68,retrieved
control_d8b3d12fd45de6,retrieved
control_d8c65e096d136c,retrieved
control_d8c6e9dcc161cd,retrieved
control_d9c57c411c210b,retrieved
control_d9ce424f9afa10,retrieved
control_da1017edf2ba62,retrieved
control_da52d29ed255ae,retrieved
control_da8c9af930cf03,retrieved
control_daa0cba3202398,retrieved
control_dac769cd6f4c1b,retrieved
control_dac9bce81dc083,retrieved
control_db31df273f99e1,retrieved
control_db42adc559095e,retrieved
control_db5b3621d15776,retrieved
control_db6859a2c638d3,retrieved
control_dc21a768303dc9,retrieved
control_dc3eaee6c105c9,retrieved
control_dc81ae0b3e5781,retrieved
control_dd26dbea3d71b6,retrieved
control_dd6b0ef324a475,retrieved
control_dd87001aeea060,retrieved
control_dd873a1937af3d,retrieved
control_dd952ab9387811,retrieved
control_de22014b30fc94,retrieved
control_de8dc916150366,retrieved
control_ded185d4a9ddfd,retrieved
control_dee7778beba557,retrieved
control_df0e2ba083b63d,retrieved
control_df2114fc9e66a0,retrieved
control_df4050a8af57d1,retrieved
control_df8dd7466a7eef,retrieved
control_df9accc3409126,retrieved
control_dfff93351aa471,retrieved
control_e057d0f0eb742c,retrieved
control_e05bad310734c1,retrieved
control_e066b7a7a73775,retrieved
control_e07854a009243a,retrieved
control_e0817a5a4a549a,retrieved
control_e1295eb99ba086,retrieved
control_e1506b283300f1,retrieved
control_e182c51a8999d8,retrieved
control_e1d4bf74741392,retrieved
control_e28bb3ae58d98b,retrieved
control_e2afdffc7a792e,no_doi
control_e2bd747a5210d9,retrieved
control_e2da23a091db0b,retrieved
control_e30d2685df8343,retrieved
control_e36fde706d4d12,retrieved
control_e37bbbf58dfddf,retrieved
control_e380cb541949f8,retrieved
control_e416a3a81ea62c,retrieved
control_e46b55fbc444d3,retrieved
control_e4c12a585cb604,retrieved
control_e4dfb2954f0033,retrieved
control_e4f0be29f3280f,retrieved
control_e4f162b270e924,retrieved
control_e505093d607c73,retrieved
control_e50ae36987bad2,retrieved
control_e513c8b08afe65,retrieved
control_e54ea07230a892,retrieved
control_e58f36bc4351dc,retrieved
control_e5b7f25ca9b0be,retrieved
control_e5c217d29c5764,retrieved
control_e5d1bf442b2612,retrieved
control_e6c183f1ecc2ad,retrieved
control_e72d8c58bb582b,retrieved
control_e739f80fb4a6ae,retrieved
control_e75d1fc02b7b79,retrieved
control_e89efaa2f2f242,retrieved
control_e8b01dd745dc63,retrieved
control_e93ea18956d7e8,retrieved
control_e9463569fa9927,retrieved
control_e986fa1a5eaf45,retrieved
control_e9bb87cb77b69e,retrieved
control_ea6dc632755689,retrieved
control_ea8d895e8a5681,retrieved
control_eaa388d13a126d,retrieved
control_eab448f2cebc74,retrieved
control_eaf1996a9b7475,retrieved
control_eb27d8462fe735,retrieved
control_ebb1ae4b4d18cb,retrieved
control_ebb74ab9756dff,retrieved
control_ebecf10e9e5ce6,retrieved
control_ebff86ed674f36,retrieved
control_ec2055915a7f66,retrieved
control_ecd4536522c81d,retrieved
control_ed6dd708658250,retrieved
control_ed70706cedc6bf,retrieved
control_ed71ed5c221d3f,retrieved
control_edb74e43902111,retrieved
control_edc52f602da559,retrieved
control_eef212145ce845,retrieved
control_ef1835d75fa5a9,no_doi
control_ef1b142518c867,retrieved
control_ef6f010209753b,retrieved
control_ef7be165fa6130,retrieved
control_efca45ee255eea,retrieved
control_efd1547257966c,retrieved
control_efdbe139288250,retrieved
control_f00dd22dbe72cb,retrieved
control_f0b1bb1c3221d7,retrieved
control_f0f35d1d6d5ffa,retrieved
control_f0f6ca3d316604,retrieved
control_f112738c246e3d,retrieved
control_f16209d67eb74f,retrieved
control_f1d882343c36f4,retrieved
control_f2005e2a5a7047,retrieved
control_f2224a4d251175,retrieved
control_f28bc3514608f7,retrieved
control_f3258e791e1fcc,retrieved
control_f33414d93e4839,retrieved
control_f35000f15b41fa,retrieved
control_f364686442e60d,retrieved
control_f3781cc302a7c2,retrieved
control_f381a900786ba1,retrieved
control_f3f3d7927032c8,retrieved
control_f4437b6d9be483,retrieved
control_f4690cc655221a,retrieved
control_f510d9beb0e90f,retrieved
control_f524750003e918,retrieved
control_f55778e03f260a,retrieved
control_f55df263c311e1,retrieved
control_f586d82077f98e,retrieved
control_f5a8ff03359f90,retrieved
control_f60c4da0c3e9c7,retrieved
control_f648919f397250,retrieved
control_f6852c48d558e9,retrieved
control_f6853cd01aeba6,retrieved
control_f6ad3eb34b4c48,retrieved
control_f6e211b3543df1,retrieved
control_f6ee8888225db3,retrieved
control_f6f6e2f8a4e920,retrieved
control_f703a66d29f278,retrieved
control_f704f780a73522,retrieved
control_f76519ebcc180d,retrieved
control_f7f8163fa6e449,retrieved
control_f83283476d95e1,retrieved
control_f84452658a435e,retrieved
control_f871330b40ac80,retrieved
control_f87bdfa43c31da,retrieved
control_f89d8fa11048a3,retrieved
control_f8bf0ccd5d064b,retrieved
control_f96edcfa49fa5e,retrieved
control_f9fdaaa4e215f3,retrieved
control_fa1a96b28da8c7,retrieved
control_fa1f357ebff814,retrieved
control_fa2460fa4df2d6,retrieved
control_fa53bb42aa304e,retrieved
control_fa54a570b24a13,retrieved
control_fa5c0ae0d72bcd,retrieved
control_fa5ddc177dd855,retrieved
control_fab080dc6c9813,retrieved
control_fac38bd8248529,retrieved
control_fafda81a6e210b,retrieved
control_fba40e77a51825,retrieved
control_fbbe88d5446385,retrieved
control_fc16503aea626d,retrieved
control_fc67d4843c9e05,retrieved
control_fc6cebbe70543d,retrieved
control_fc9e62dabd38eb,retrieved
control_fcbf4229134eb4,retrieved
control_fd48eb3be6a633,retrieved
control_fddf9af600b9ba,retrieved
control_fe0434b688e1cc,retrieved
control_fe06426e1e2826,retrieved
control_fe756fa9de81d5,retrieved
control_fea09e92bdf541,retrieved
control_feecdfebdf5d5f,retrieved
control_ff966ce102bafe,no_doi
control_ffaa9fda4e8907,retrieved
control_ffddb7f5c54bd0,retrieved
