article_id,title,doi,reason,evidence,source_url
control_0368d048cb3743,New Directions in Measuring Intergenerational Mobility: Introduction,10.1111/ecoj.12607,nonresearch_publication,Editorial/feature introduction. Publisher-deposited title: New Directions in Measuring Intergenerational Mobility: Introduction. Pages: F335-F339. Title census and source review before I4R effect estimation; citation outcomes not used for genre classification.,https://api.crossref.org/works/10.1111/ecoj.12607
control_03c527c6193ade,Can We Control Carbon Dioxide? (from 1975),10.1257/aer.109.6.2015,historical_republication,Republication of a1975 study;2019 index year does not represent original research age. Publisher-deposited title: Can We Control Carbon Dioxide? (from 1975). Pages: 2015-2035. Title census and source review before I4R effect estimation; citation outcomes not used for genre classification.,https://www.aeaweb.org/articles?id=10.1257/aer.109.6.2015
control_0694bc2c26b688,"January 2012: Volume 4, Number 1",10.1257/app.4.1.i,nonresearch_publication,"Issue contents/frontmatter. Publisher-deposited title: January 2012: Volume 4, Number 1. Pages: i-viii. Title census and source review before I4R effect estimation; citation outcomes not used for genre classification.",https://api.crossref.org/works/10.1257/app.4.1.i
control_11cf0757c2c2ea,Independent Auditor’s Report,10.1257/aer.108.6.1598,nonresearch_publication,Association financial auditor report. Publisher-deposited title: Independent Auditor’s Report. Pages: 1598-1608. Title census and source review before I4R effect estimation; citation outcomes not used for genre classification.,https://api.crossref.org/works/10.1257/aer.108.6.1598
control_1bd40a130ecb60,The Dynamic Effects of Personal and Corporate Income Tax Changes in the United States: Comment,10.1257/aer.20162011,assessment_or_reply,Comment on or reply concerning another article. Publisher-deposited title: The Dynamic Effects of Personal and Corporate Income Tax Changes in the United States: Comment. Pages: 2655-2678. Title census and source review before I4R effect estimation; citation outcomes not used for genre classification.,https://api.crossref.org/works/10.1257/aer.20162011
control_241b1b2acc9585,Cross‐country Perspectives on Migration and Development: Introduction,10.1111/ecoj.12536,nonresearch_publication,Editorial/feature introduction. Publisher-deposited title: Cross‐country Perspectives on Migration and Development: Introduction. Pages: F174-F178. Title census and source review before I4R effect estimation; citation outcomes not used for genre classification.,https://api.crossref.org/works/10.1111/ecoj.12536
control_2777362303a18d,Testing Efficient Risk Sharing with Heterogeneous Risk Preferences: Reply,10.1257/aer.20180041,assessment_or_reply,Comment on or reply concerning another article. Publisher-deposited title: Testing Efficient Risk Sharing with Heterogeneous Risk Preferences: Reply. Pages: 3114-3115. Title census and source review before I4R effect estimation; citation outcomes not used for genre classification.,https://api.crossref.org/works/10.1257/aer.20180041
control_2a7e6dd985227c,Steering the Climate System: Using Inertia to Lower the Cost of Policy: Reply,10.1257/aer.20191814,assessment_or_reply,Comment on or reply concerning another article. Publisher-deposited title: Steering the Climate System: Using Inertia to Lower the Cost of Policy: Reply. Pages: 1238-1241. Title census and source review before I4R effect estimation; citation outcomes not used for genre classification.,https://api.crossref.org/works/10.1257/aer.20191814
control_317e2132297184,"April 2013: Volume 5, Number 2",10.1257/app.5.2.i,nonresearch_publication,"Issue contents/frontmatter. Publisher-deposited title: April 2013: Volume 5, Number 2. Pages: i-vi. Title census and source review before I4R effect estimation; citation outcomes not used for genre classification.",https://api.crossref.org/works/10.1257/app.5.2.i
control_3caf4f05c175de,"Family Ruptures, Stress, and the Mental Health of the Next Generation: Reply",10.1257/aer.20161605,assessment_or_reply,"Comment on or reply concerning another article. Publisher-deposited title: Family Ruptures, Stress, and the Mental Health of the Next Generation: Reply. Pages: 1256-1263. Title census and source review before I4R effect estimation; citation outcomes not used for genre classification.",https://api.crossref.org/works/10.1257/aer.20161605
control_49bf3286f08348,"October 2013: Volume 5, Number 4",10.1257/app.5.4.i,nonresearch_publication,"Issue contents/frontmatter. Publisher-deposited title: October 2013: Volume 5, Number 4. Pages: i-vi. Title census and source review before I4R effect estimation; citation outcomes not used for genre classification.",https://api.crossref.org/works/10.1257/app.5.4.i
control_4d6a77e277b8ea,A Price Theory of Multi-Sided Platforms: Reply,10.1257/aer.20180478,assessment_or_reply,Comment on or reply concerning another article. Publisher-deposited title: A Price Theory of Multi-Sided Platforms: Reply. Pages: 2761-2762. Title census and source review before I4R effect estimation; citation outcomes not used for genre classification.,https://api.crossref.org/works/10.1257/aer.20180478
control_52ef945da9d899,When Does Regulation Distort Costs? Lessons from Fuel Procurement in US Electricity Generation: Reply,10.1257/aer.20201872,assessment_or_reply,Comment on or reply concerning another article. Publisher-deposited title: When Does Regulation Distort Costs? Lessons from Fuel Procurement in US Electricity Generation: Reply. Pages: 1373-1381. Title census and source review before I4R effect estimation; citation outcomes not used for genre classification.,https://api.crossref.org/works/10.1257/aer.20201872
control_5cda46d4262c37,Methods Matter: p-Hacking and Publication Bias in Causal Analysis in Economics: Comment,10.1257/aer.20210121,assessment_or_reply,Comment on or reply concerning another article. Publisher-deposited title: Methods Matter: p-Hacking and Publication Bias in Causal Analysis in Economics: Comment. Pages: 3124-3136. Title census and source review before I4R effect estimation; citation outcomes not used for genre classification.,https://api.crossref.org/works/10.1257/aer.20210121
control_60d88cf3217b2d,REPORT OF INDEPENDENT AUDITOR,10.1257/aer.110.6.1921,nonresearch_publication,Association financial auditor report. Publisher-deposited title: REPORT OF INDEPENDENT AUDITOR. Pages: 1921-1935. Title census and source review before I4R effect estimation; citation outcomes not used for genre classification.,https://api.crossref.org/works/10.1257/aer.110.6.1921
control_628d33fba19b27,Geographic Dispersion of Economic Shocks: Evidence from the Fracking Revolution: Comment,10.1257/aer.20180888,assessment_or_reply,Comment on or reply concerning another article. Publisher-deposited title: Geographic Dispersion of Economic Shocks: Evidence from the Fracking Revolution: Comment. Pages: 1905-1913. Title census and source review before I4R effect estimation; citation outcomes not used for genre classification.,https://api.crossref.org/works/10.1257/aer.20180888
control_6581cd4bd3c299,REPORT OF INDEPENDENT AUDITOR,10.1257/aer.112.6.2083,nonresearch_publication,Association financial auditor report. Publisher-deposited title: REPORT OF INDEPENDENT AUDITOR. Pages: 2083-2098. Title census and source review before I4R effect estimation; citation outcomes not used for genre classification.,https://api.crossref.org/works/10.1257/aer.112.6.2083
control_786d8b113e1fac,"October 2012: Volume 4, Number 4",10.1257/app.4.4.i,nonresearch_publication,"Issue contents/frontmatter. Publisher-deposited title: October 2012: Volume 4, Number 4. Pages: i-vi. Title census and source review before I4R effect estimation; citation outcomes not used for genre classification.",https://api.crossref.org/works/10.1257/app.4.4.i
control_7b2f983c5506b3,A Special Introduction,10.1257/aer.112.5.1395,nonresearch_publication,Editorial/feature introduction. Publisher-deposited title: A Special Introduction. Pages: 1395-1396. Title census and source review before I4R effect estimation; citation outcomes not used for genre classification.,https://api.crossref.org/works/10.1257/aer.112.5.1395
control_7fa00b2523e2da,An Efficient Ascending-Bid Auction for Multiple Objects: Reply,10.1257/aer.20171408,assessment_or_reply,Comment on or reply concerning another article. Publisher-deposited title: An Efficient Ascending-Bid Auction for Multiple Objects: Reply. Pages: 561-563. Title census and source review before I4R effect estimation; citation outcomes not used for genre classification.,https://api.crossref.org/works/10.1257/aer.20171408
control_81ed027ef62e01,Child Development and Parental Investment: Introduction,10.1111/ecoj.12388,nonresearch_publication,Editorial/feature introduction. Publisher-deposited title: Child Development and Parental Investment: Introduction. Pages: F1-F27. Title census and source review before I4R effect estimation; citation outcomes not used for genre classification.,https://api.crossref.org/works/10.1111/ecoj.12388
control_8660727f00a179,"Political Dynasties in Democracies: Causes, Consequences and Remaining Puzzles",10.1111/ecoj.12442,nonresearch_publication,"Feature introduction reviewing political dynasties. Publisher-deposited title: Political Dynasties in Democracies: Causes, Consequences and Remaining Puzzles. Pages: F446-F454. Title census and source review before I4R effect estimation; citation outcomes not used for genre classification. Author-hosted abstract identifies this as an introduction to a journal Feature.",https://biopen.bi.no/bi-xmlui/bitstream/handle/11250/2463884/Political%20dynasties%20in%20democracies%202017.pdf?isAllowed=y&sequence=5
control_93f409eceef69b,"April 2012: Volume 4, Number 2",10.1257/app.4.2.i,nonresearch_publication,"Issue contents/frontmatter. Publisher-deposited title: April 2012: Volume 4, Number 2. Pages: i-vi. Title census and source review before I4R effect estimation; citation outcomes not used for genre classification.",https://api.crossref.org/works/10.1257/app.4.2.i
control_97ed8e7478774f,Detecting Potential Overbilling in Medicare Reimbursement via Hours Worked: Reply,10.1257/aer.20191970,assessment_or_reply,Comment on or reply concerning another article. Publisher-deposited title: Detecting Potential Overbilling in Medicare Reimbursement via Hours Worked: Reply. Pages: 4004-4010. Title census and source review before I4R effect estimation; citation outcomes not used for genre classification.,https://api.crossref.org/works/10.1257/aer.20191970
control_9b1d6471f1241f,When Does Regulation Distort Costs? Lessons from Fuel Procurement in US Electricity Generation: Comment,10.1257/aer.20200679,assessment_or_reply,Comment on or reply concerning another article. Publisher-deposited title: When Does Regulation Distort Costs? Lessons from Fuel Procurement in US Electricity Generation: Comment. Pages: 1356-1372. Title census and source review before I4R effect estimation; citation outcomes not used for genre classification.,https://api.crossref.org/works/10.1257/aer.20200679
control_9dab1c6d94b5fe,Report of Independent Auditor,10.1257/aer.109.6.2368,nonresearch_publication,Association financial auditor report. Publisher-deposited title: Report of Independent Auditor. Pages: 2368-2381. Title census and source review before I4R effect estimation; citation outcomes not used for genre classification.,https://api.crossref.org/works/10.1257/aer.109.6.2368
control_a238160dcfc06d,"July 2012: Volume 4, Number 3",10.1257/app.4.3.i,nonresearch_publication,"Issue contents/frontmatter. Publisher-deposited title: July 2012: Volume 4, Number 3. Pages: i-vi. Title census and source review before I4R effect estimation; citation outcomes not used for genre classification.",https://api.crossref.org/works/10.1257/app.4.3.i
control_a60c3e9f8548ec,Geographic Dispersion of Economic Shocks: Evidence from the Fracking Revolution: Reply,10.1257/aer.20190448,assessment_or_reply,Comment on or reply concerning another article. Publisher-deposited title: Geographic Dispersion of Economic Shocks: Evidence from the Fracking Revolution: Reply. Pages: 1914-1920. Title census and source review before I4R effect estimation; citation outcomes not used for genre classification.,https://api.crossref.org/works/10.1257/aer.20190448
control_aa9f04fb7face1,The Dynamic Effects of Personal and Corporate Income Tax Changes in the United States: Reply,10.1257/aer.20180707,assessment_or_reply,Comment on or reply concerning another article. Publisher-deposited title: The Dynamic Effects of Personal and Corporate Income Tax Changes in the United States: Reply. Pages: 2679-2691. Title census and source review before I4R effect estimation; citation outcomes not used for genre classification.,https://api.crossref.org/works/10.1257/aer.20180707
control_b011ff5273779b,Violence and Risk Preference: Experimental Evidence from Afghanistan: Comment,10.1257/aer.20160789,assessment_or_reply,Comment on or reply concerning another article. Publisher-deposited title: Violence and Risk Preference: Experimental Evidence from Afghanistan: Comment. Pages: 2366-2382. Title census and source review before I4R effect estimation; citation outcomes not used for genre classification.,https://api.crossref.org/works/10.1257/aer.20160789
control_bc308ff58c6fe8,Detecting Potential Overbilling in Medicare Reimbursement via Hours Worked: Comment,10.1257/aer.20180812,assessment_or_reply,Comment on or reply concerning another article. Publisher-deposited title: Detecting Potential Overbilling in Medicare Reimbursement via Hours Worked: Comment. Pages: 3991-4003. Title census and source review before I4R effect estimation; citation outcomes not used for genre classification.,https://api.crossref.org/works/10.1257/aer.20180812
control_c19a04207dbe5a,REPORT OF INDEPENDENT AUDITOR,10.1257/aer.111.6.2049,nonresearch_publication,Association financial auditor report. Publisher-deposited title: REPORT OF INDEPENDENT AUDITOR. Pages: 2049-2063. Title census and source review before I4R effect estimation; citation outcomes not used for genre classification.,https://api.crossref.org/works/10.1257/aer.111.6.2049
control_c49ebc8dfa2d69,A Price Theory of Multi-Sided Platforms: Comment,10.1257/aer.20172018,assessment_or_reply,Comment on or reply concerning another article. Publisher-deposited title: A Price Theory of Multi-Sided Platforms: Comment. Pages: 2758-2760. Title census and source review before I4R effect estimation; citation outcomes not used for genre classification.,https://api.crossref.org/works/10.1257/aer.20172018
control_c547b415dd9854,"The Cyclicality of Sales, Regular and Effective Prices: Business Cycle and Policy Implications: Reply",10.1257/aer.20171338,assessment_or_reply,"Comment on or reply concerning another article. Publisher-deposited title: The Cyclicality of Sales, Regular and Effective Prices: Business Cycle and Policy Implications: Reply. Pages: 314-324. Title census and source review before I4R effect estimation; citation outcomes not used for genre classification.",https://api.crossref.org/works/10.1257/aer.20171338
control_c5a51df5007c34,Methods Matter: p-Hacking and Publication Bias in Causal Analysis in Economics: Reply,10.1257/aer.20220277,assessment_or_reply,Comment on or reply concerning another article. Publisher-deposited title: Methods Matter: p-Hacking and Publication Bias in Causal Analysis in Economics: Reply. Pages: 3137-3139. Title census and source review before I4R effect estimation; citation outcomes not used for genre classification.,https://api.crossref.org/works/10.1257/aer.20220277
control_cf7b93280ac777,An Efficient Ascending-Bid Auction for Multiple Objects: Comment,10.1257/aer.20160970,assessment_or_reply,Comment on or reply concerning another article. Publisher-deposited title: An Efficient Ascending-Bid Auction for Multiple Objects: Comment. Pages: 555-560. Title census and source review before I4R effect estimation; citation outcomes not used for genre classification.,https://api.crossref.org/works/10.1257/aer.20160970
control_d165392910c4bc,The Human Capital Stock: A Generalized Approach: Comment,10.1257/aer.20171787,assessment_or_reply,Comment on or reply concerning another article. Publisher-deposited title: The Human Capital Stock: A Generalized Approach: Comment. Pages: 1155-1174. Title census and source review before I4R effect estimation; citation outcomes not used for genre classification.,https://api.crossref.org/works/10.1257/aer.20171787
control_d43edc1bc39794,"January 2013: Volume 5, Number 1",10.1257/app.5.1.i,nonresearch_publication,"Issue contents/frontmatter. Publisher-deposited title: January 2013: Volume 5, Number 1. Pages: i-vi. Title census and source review before I4R effect estimation; citation outcomes not used for genre classification.",https://api.crossref.org/works/10.1257/app.5.1.i
control_d54f1ad5197d61,"July 2013: Volume 5, Number 3",10.1257/app.5.3.i,nonresearch_publication,"Issue contents/frontmatter. Publisher-deposited title: July 2013: Volume 5, Number 3. Pages: i-vi. Title census and source review before I4R effect estimation; citation outcomes not used for genre classification.",https://api.crossref.org/works/10.1257/app.5.3.i
control_d6efc037f84918,Testing Efficient Risk Sharing with Heterogeneous Risk Preferences: Comment,10.1257/aer.20170413,assessment_or_reply,Comment on or reply concerning another article. Publisher-deposited title: Testing Efficient Risk Sharing with Heterogeneous Risk Preferences: Comment. Pages: 3104-3113. Title census and source review before I4R effect estimation; citation outcomes not used for genre classification.,https://api.crossref.org/works/10.1257/aer.20170413
control_ea8d895e8a5681,"Family Ruptures, Stress, and the Mental Health of the Next Generation: Comment",10.1257/aer.20161124,assessment_or_reply,"Comment on or reply concerning another article. Publisher-deposited title: Family Ruptures, Stress, and the Mental Health of the Next Generation: Comment. Pages: 1253-1255. Title census and source review before I4R effect estimation; citation outcomes not used for genre classification.",https://api.crossref.org/works/10.1257/aer.20161124
control_f3f3d7927032c8,The Human Capital Stock: A Generalized Approach: Reply,10.1257/aer.20181678,assessment_or_reply,Comment on or reply concerning another article. Publisher-deposited title: The Human Capital Stock: A Generalized Approach: Reply. Pages: 1175-1195. Title census and source review before I4R effect estimation; citation outcomes not used for genre classification.,https://api.crossref.org/works/10.1257/aer.20181678
control_f6e211b3543df1,Monetary Policy and Rational Asset Price Bubbles: Comment,10.1257/aer.20180145,assessment_or_reply,Comment on or reply concerning another article. Publisher-deposited title: Monetary Policy and Rational Asset Price Bubbles: Comment. Pages: 1969-1990. Title census and source review before I4R effect estimation; citation outcomes not used for genre classification.,https://api.crossref.org/works/10.1257/aer.20180145
control_fafda81a6e210b,Steering the Climate System: Using Inertia to Lower the Cost of Policy: Comment,10.1257/aer.20190089,assessment_or_reply,Comment on or reply concerning another article. Publisher-deposited title: Steering the Climate System: Using Inertia to Lower the Cost of Policy: Comment. Pages: 1231-1237. Title census and source review before I4R effect estimation; citation outcomes not used for genre classification.,https://api.crossref.org/works/10.1257/aer.20190089
