event_id,article_id,control_id,distance,eligible,reason,horizon
dp_294_disclosure,i4r_f45e09f5bc283f,control_0694bc2c26b688,,no,nonresearch_publication,1
dp_294_disclosure,i4r_f45e09f5bc283f,control_11e6f278340d63,,no,incomplete_pre_citations,1
dp_294_disclosure,i4r_f45e09f5bc283f,control_2f88b27addb1d5,,no,known_assessed_article,1
dp_294_disclosure,i4r_f45e09f5bc283f,control_317e2132297184,,no,nonresearch_publication,1
dp_294_disclosure,i4r_f45e09f5bc283f,control_46bd2193686633,,no,known_assessed_article,1
dp_294_disclosure,i4r_f45e09f5bc283f,control_49bf3286f08348,,no,nonresearch_publication,1
dp_294_disclosure,i4r_f45e09f5bc283f,control_66e542962a1dc6,,no,incomplete_pre_citations,1
dp_294_disclosure,i4r_f45e09f5bc283f,control_691cf233358c4c,,no,incomplete_pre_citations,1
dp_294_disclosure,i4r_f45e09f5bc283f,control_6a73687a8d2b95,,no,incomplete_pre_citations,1
dp_294_disclosure,i4r_f45e09f5bc283f,control_74d27c06462fac,,no,incomplete_pre_citations,1
dp_294_disclosure,i4r_f45e09f5bc283f,control_7539f5759ebadc,,no,incomplete_pre_citations,1
dp_294_disclosure,i4r_f45e09f5bc283f,control_7721cac291da60,,no,incomplete_pre_citations,1
dp_294_disclosure,i4r_f45e09f5bc283f,control_77412ae1f7eb32,,no,known_assessed_article,1
dp_294_disclosure,i4r_f45e09f5bc283f,control_786d8b113e1fac,,no,nonresearch_publication,1
dp_294_disclosure,i4r_f45e09f5bc283f,control_7d0179d47f62dd,,no,incomplete_pre_citations,1
dp_294_disclosure,i4r_f45e09f5bc283f,control_7e15f08b9de5c9,,no,incomplete_pre_citations,1
dp_294_disclosure,i4r_f45e09f5bc283f,control_7e588c2e797c25,,no,incomplete_pre_citations,1
dp_294_disclosure,i4r_f45e09f5bc283f,control_817f5e77f644c9,,no,incomplete_pre_citations,1
dp_294_disclosure,i4r_f45e09f5bc283f,control_81d0e131c8b434,,no,incomplete_pre_citations,1
dp_294_disclosure,i4r_f45e09f5bc283f,control_825a86cefee96f,,no,incomplete_pre_citations,1
dp_294_disclosure,i4r_f45e09f5bc283f,control_875d7a5ca98889,,no,incomplete_pre_citations,1
dp_294_disclosure,i4r_f45e09f5bc283f,control_885b11d0565518,,no,incomplete_pre_citations,1
dp_294_disclosure,i4r_f45e09f5bc283f,control_8870e55251059f,,no,incomplete_pre_citations,1
dp_294_disclosure,i4r_f45e09f5bc283f,control_894767037ade3d,,no,incomplete_pre_citations,1
dp_294_disclosure,i4r_f45e09f5bc283f,control_8d36b6aecc34d3,,no,incomplete_pre_citations,1
dp_294_disclosure,i4r_f45e09f5bc283f,control_8eb7b07f7ba12a,,no,incomplete_pre_citations,1
dp_294_disclosure,i4r_f45e09f5bc283f,control_90ec35648f2eb1,,no,incomplete_pre_citations,1
dp_294_disclosure,i4r_f45e09f5bc283f,control_93f409eceef69b,,no,nonresearch_publication,1
dp_294_disclosure,i4r_f45e09f5bc283f,control_957475399e25e9,,no,incomplete_pre_citations,1
dp_294_disclosure,i4r_f45e09f5bc283f,control_9584e16e75cc36,,no,incomplete_pre_citations,1
dp_294_disclosure,i4r_f45e09f5bc283f,control_98e1463d0498cb,,no,incomplete_pre_citations,1
dp_294_disclosure,i4r_f45e09f5bc283f,control_9b195488940f5f,,no,incomplete_pre_citations,1
dp_294_disclosure,i4r_f45e09f5bc283f,control_9d215eb2db9899,,no,incomplete_pre_citations,1
dp_294_disclosure,i4r_f45e09f5bc283f,control_9fac923557513e,,no,incomplete_pre_citations,1
dp_294_disclosure,i4r_f45e09f5bc283f,control_9fc235e9b3b1a5,,no,incomplete_pre_citations,1
dp_294_disclosure,i4r_f45e09f5bc283f,control_a238160dcfc06d,,no,nonresearch_publication,1
dp_294_disclosure,i4r_f45e09f5bc283f,control_a3d00c519e219c,,no,incomplete_pre_citations,1
dp_294_disclosure,i4r_f45e09f5bc283f,control_a578b862234ac6,,no,incomplete_pre_citations,1
dp_294_disclosure,i4r_f45e09f5bc283f,control_b069ce670601bd,,no,incomplete_pre_citations,1
dp_294_disclosure,i4r_f45e09f5bc283f,control_b07f0258f543a0,,no,incomplete_pre_citations,1
dp_294_disclosure,i4r_f45e09f5bc283f,control_b23175cb4a2b80,,no,incomplete_pre_citations,1
dp_294_disclosure,i4r_f45e09f5bc283f,control_b39b91bc5b9d9a,,no,incomplete_pre_citations,1
dp_294_disclosure,i4r_f45e09f5bc283f,control_b42bf648dba9ce,,no,incomplete_pre_citations,1
dp_294_disclosure,i4r_f45e09f5bc283f,control_b845b5d05c40ad,,no,incomplete_pre_citations,1
dp_294_disclosure,i4r_f45e09f5bc283f,control_b8a7f9190bed50,,no,incomplete_pre_citations,1
dp_294_disclosure,i4r_f45e09f5bc283f,control_bb31896860af4a,,no,incomplete_pre_citations,1
dp_294_disclosure,i4r_f45e09f5bc283f,control_bbbfd629713d7e,,no,incomplete_pre_citations,1
dp_294_disclosure,i4r_f45e09f5bc283f,control_bcd521e733bdf1,,no,incomplete_pre_citations,1
dp_294_disclosure,i4r_f45e09f5bc283f,control_be55abc26d2dc5,,no,incomplete_pre_citations,1
dp_294_disclosure,i4r_f45e09f5bc283f,control_c2a4a4d6f50f9a,,no,incomplete_pre_citations,1
dp_294_disclosure,i4r_f45e09f5bc283f,control_c583d80c3ddd48,,no,incomplete_pre_citations,1
dp_294_disclosure,i4r_f45e09f5bc283f,control_ca285fd2c3a7d8,,no,incomplete_pre_citations,1
dp_294_disclosure,i4r_f45e09f5bc283f,control_cd6f72f095db6e,,no,incomplete_pre_citations,1
dp_294_disclosure,i4r_f45e09f5bc283f,control_ce6b399b8c56e3,,no,incomplete_pre_citations,1
dp_294_disclosure,i4r_f45e09f5bc283f,control_d1089b4c1398c4,,no,incomplete_pre_citations,1
dp_294_disclosure,i4r_f45e09f5bc283f,control_d17f016a3439ff,,no,incomplete_pre_citations,1
dp_294_disclosure,i4r_f45e09f5bc283f,control_d2d067e964a55e,,no,incomplete_pre_citations,1
dp_294_disclosure,i4r_f45e09f5bc283f,control_d43edc1bc39794,,no,nonresearch_publication,1
dp_294_disclosure,i4r_f45e09f5bc283f,control_d54f1ad5197d61,,no,nonresearch_publication,1
dp_294_disclosure,i4r_f45e09f5bc283f,control_d6892353661590,,no,incomplete_pre_citations,1
dp_294_disclosure,i4r_f45e09f5bc283f,control_d75c56cb4cef64,,no,incomplete_pre_citations,1
dp_294_disclosure,i4r_f45e09f5bc283f,control_d8c6e9dcc161cd,,no,incomplete_pre_citations,1
dp_294_disclosure,i4r_f45e09f5bc283f,control_da8c9af930cf03,,no,incomplete_pre_citations,1
dp_294_disclosure,i4r_f45e09f5bc283f,control_db42adc559095e,,no,incomplete_pre_citations,1
dp_294_disclosure,i4r_f45e09f5bc283f,control_db5b3621d15776,,no,incomplete_pre_citations,1
dp_294_disclosure,i4r_f45e09f5bc283f,control_dc3eaee6c105c9,,no,incomplete_pre_citations,1
dp_294_disclosure,i4r_f45e09f5bc283f,control_df0e2ba083b63d,,no,incomplete_pre_citations,1
dp_294_disclosure,i4r_f45e09f5bc283f,control_df2114fc9e66a0,,no,incomplete_pre_citations,1
dp_294_disclosure,i4r_f45e09f5bc283f,control_e057d0f0eb742c,,no,incomplete_pre_citations,1
dp_294_disclosure,i4r_f45e09f5bc283f,control_e1d4bf74741392,,no,incomplete_pre_citations,1
dp_294_disclosure,i4r_f45e09f5bc283f,control_e4f0be29f3280f,,no,incomplete_pre_citations,1
dp_294_disclosure,i4r_f45e09f5bc283f,control_e54ea07230a892,,no,incomplete_pre_citations,1
dp_294_disclosure,i4r_f45e09f5bc283f,control_e58f36bc4351dc,,no,incomplete_pre_citations,1
dp_294_disclosure,i4r_f45e09f5bc283f,control_e72d8c58bb582b,,no,incomplete_pre_citations,1
dp_294_disclosure,i4r_f45e09f5bc283f,control_edc52f602da559,,no,incomplete_pre_citations,1
dp_294_disclosure,i4r_f45e09f5bc283f,control_ef6f010209753b,,no,incomplete_pre_citations,1
dp_294_disclosure,i4r_f45e09f5bc283f,control_f00dd22dbe72cb,,no,incomplete_pre_citations,1
dp_294_disclosure,i4r_f45e09f5bc283f,control_f16209d67eb74f,,no,incomplete_pre_citations,1
dp_294_disclosure,i4r_f45e09f5bc283f,control_f33414d93e4839,,no,incomplete_pre_citations,1
dp_294_disclosure,i4r_f45e09f5bc283f,control_f4690cc655221a,,no,incomplete_pre_citations,1
dp_294_disclosure,i4r_f45e09f5bc283f,control_f6ad3eb34b4c48,,no,incomplete_pre_citations,1
dp_294_disclosure,i4r_f45e09f5bc283f,control_f6ee8888225db3,,no,incomplete_pre_citations,1
dp_294_disclosure,i4r_f45e09f5bc283f,control_fc16503aea626d,,no,incomplete_pre_citations,1
dp_294_disclosure,i4r_f45e09f5bc283f,control_fea09e92bdf541,,no,incomplete_pre_citations,1
dp_294_disclosure,i4r_f45e09f5bc283f,control_feecdfebdf5d5f,,no,incomplete_pre_citations,1
dp_021_disclosure,i4r_ece0397b04bfa9,control_0368d048cb3743,,no,nonresearch_publication,1
dp_021_disclosure,i4r_ece0397b04bfa9,control_146618886f71c7,,no,insufficient_article_age,1
dp_021_disclosure,i4r_ece0397b04bfa9,control_15a20aa744c4ce,,no,insufficient_article_age,1
dp_021_disclosure,i4r_ece0397b04bfa9,control_241b1b2acc9585,,no,nonresearch_publication,1
dp_021_disclosure,i4r_ece0397b04bfa9,control_2c7e191fea1589,,no,insufficient_article_age,1
dp_021_disclosure,i4r_ece0397b04bfa9,control_3eda996abe40d5,,no,insufficient_article_age,1
dp_021_disclosure,i4r_ece0397b04bfa9,control_4091164a22b963,,no,insufficient_article_age,1
dp_021_disclosure,i4r_ece0397b04bfa9,control_421355a5023258,,no,insufficient_article_age,1
dp_021_disclosure,i4r_ece0397b04bfa9,control_437902c0770fec,,no,insufficient_article_age,1
dp_021_disclosure,i4r_ece0397b04bfa9,control_46f1536b9ab229,,no,insufficient_article_age,1
dp_021_disclosure,i4r_ece0397b04bfa9,control_49d4cf395c88d7,,no,insufficient_article_age,1
dp_021_disclosure,i4r_ece0397b04bfa9,control_518dda0be57994,,no,insufficient_article_age,1
dp_021_disclosure,i4r_ece0397b04bfa9,control_671098be124051,,no,incomplete_pre_citations,1
dp_021_disclosure,i4r_ece0397b04bfa9,control_67aec1fede4410,,no,incomplete_pre_citations,1
dp_021_disclosure,i4r_ece0397b04bfa9,control_67dbb9268ce739,,no,incomplete_pre_citations,1
dp_021_disclosure,i4r_ece0397b04bfa9,control_68580f1a292e85,,no,incomplete_pre_citations,1
dp_021_disclosure,i4r_ece0397b04bfa9,control_6a11f9a0a2b256,,no,incomplete_pre_citations,1
dp_021_disclosure,i4r_ece0397b04bfa9,control_6a65accb819edb,,no,incomplete_pre_citations,1
dp_021_disclosure,i4r_ece0397b04bfa9,control_6a673e1a70b6be,,no,incomplete_pre_citations,1
dp_021_disclosure,i4r_ece0397b04bfa9,control_6aa5877e98398e,,no,incomplete_pre_citations,1
dp_021_disclosure,i4r_ece0397b04bfa9,control_6b04686a59b6ed,,no,incomplete_pre_citations,1
dp_021_disclosure,i4r_ece0397b04bfa9,control_6befa48dd9e0f1,,no,incomplete_pre_citations,1
dp_021_disclosure,i4r_ece0397b04bfa9,control_6c2a5830b7a2a2,,no,incomplete_pre_citations,1
dp_021_disclosure,i4r_ece0397b04bfa9,control_6cdc6f66c7dd3f,,no,incomplete_pre_citations,1
dp_021_disclosure,i4r_ece0397b04bfa9,control_6e059a541e618c,,no,incomplete_pre_citations,1
dp_021_disclosure,i4r_ece0397b04bfa9,control_6f1c859a9f3574,,no,incomplete_pre_citations,1
dp_021_disclosure,i4r_ece0397b04bfa9,control_6f6d2bcc308c4f,,no,insufficient_article_age,1
dp_021_disclosure,i4r_ece0397b04bfa9,control_6fe97f465f0bfe,,no,incomplete_pre_citations,1
dp_021_disclosure,i4r_ece0397b04bfa9,control_718e6258ebbf57,,no,incomplete_pre_citations,1
dp_021_disclosure,i4r_ece0397b04bfa9,control_71a5877f8f17e2,,no,incomplete_pre_citations,1
dp_021_disclosure,i4r_ece0397b04bfa9,control_7320abbe24b0d1,,no,incomplete_pre_citations,1
dp_021_disclosure,i4r_ece0397b04bfa9,control_745d98204548f4,,no,incomplete_pre_citations,1
dp_021_disclosure,i4r_ece0397b04bfa9,control_74830d9977e9ee,,no,incomplete_pre_citations,1
dp_021_disclosure,i4r_ece0397b04bfa9,control_7545bb5f3508ad,,no,incomplete_pre_citations,1
dp_021_disclosure,i4r_ece0397b04bfa9,control_756b6db7e57bd7,,no,incomplete_pre_citations,1
dp_021_disclosure,i4r_ece0397b04bfa9,control_7596f97e9bbe2d,,no,incomplete_pre_citations,1
dp_021_disclosure,i4r_ece0397b04bfa9,control_767c1c62e87a8b,,no,incomplete_pre_citations,1
dp_021_disclosure,i4r_ece0397b04bfa9,control_76fdbd1473c089,,no,incomplete_pre_citations,1
dp_021_disclosure,i4r_ece0397b04bfa9,control_77d320edac36c0,,no,insufficient_article_age,1
dp_021_disclosure,i4r_ece0397b04bfa9,control_78c9bd2cec45a5,,no,incomplete_pre_citations,1
dp_021_disclosure,i4r_ece0397b04bfa9,control_78db8500a0d19a,,no,insufficient_article_age,1
dp_021_disclosure,i4r_ece0397b04bfa9,control_7a4855cca0fc0f,,no,insufficient_article_age,1
dp_021_disclosure,i4r_ece0397b04bfa9,control_7cbd16adb9545d,,no,incomplete_pre_citations,1
dp_021_disclosure,i4r_ece0397b04bfa9,control_7d2bcf531e2b4a,,no,insufficient_article_age,1
dp_021_disclosure,i4r_ece0397b04bfa9,control_7f238b1f526230,,no,incomplete_pre_citations,1
dp_021_disclosure,i4r_ece0397b04bfa9,control_81551046a74193,,no,incomplete_pre_citations,1
dp_021_disclosure,i4r_ece0397b04bfa9,control_81ed027ef62e01,,no,nonresearch_publication,1
dp_021_disclosure,i4r_ece0397b04bfa9,control_82a9f7e580cc2f,,no,incomplete_pre_citations,1
dp_021_disclosure,i4r_ece0397b04bfa9,control_8660727f00a179,,no,nonresearch_publication,1
dp_021_disclosure,i4r_ece0397b04bfa9,control_87a0de9b6c14bd,,no,incomplete_pre_citations,1
dp_021_disclosure,i4r_ece0397b04bfa9,control_887457f057220c,,no,incomplete_pre_citations,1
dp_021_disclosure,i4r_ece0397b04bfa9,control_89fd54dc9e0b13,,no,incomplete_pre_citations,1
dp_021_disclosure,i4r_ece0397b04bfa9,control_8a3dae8616974f,,no,incomplete_pre_citations,1
dp_021_disclosure,i4r_ece0397b04bfa9,control_8b5293e1ff0e81,,no,incomplete_pre_citations,1
dp_021_disclosure,i4r_ece0397b04bfa9,control_8be27ffedef4b5,,no,incomplete_pre_citations,1
dp_021_disclosure,i4r_ece0397b04bfa9,control_8cb0087229f95e,,no,incomplete_pre_citations,1
dp_021_disclosure,i4r_ece0397b04bfa9,control_8e779c290646f0,,no,incomplete_pre_citations,1
dp_021_disclosure,i4r_ece0397b04bfa9,control_8ed7f2dd1c7970,,no,incomplete_pre_citations,1
dp_021_disclosure,i4r_ece0397b04bfa9,control_8f986412bb9c0f,,no,incomplete_pre_citations,1
dp_021_disclosure,i4r_ece0397b04bfa9,control_8fa514a7bb03b1,,no,incomplete_pre_citations,1
dp_021_disclosure,i4r_ece0397b04bfa9,control_910519b07572c9,,no,incomplete_pre_citations,1
dp_021_disclosure,i4r_ece0397b04bfa9,control_9149d00ddbf450,,no,insufficient_article_age,1
dp_021_disclosure,i4r_ece0397b04bfa9,control_915c5c5d32b9cd,,no,incomplete_pre_citations,1
dp_021_disclosure,i4r_ece0397b04bfa9,control_92c432f034b627,,no,incomplete_pre_citations,1
dp_021_disclosure,i4r_ece0397b04bfa9,control_94163ec39965a4,,no,insufficient_article_age,1
dp_021_disclosure,i4r_ece0397b04bfa9,control_96174ef72dcd83,,no,incomplete_pre_citations,1
dp_021_disclosure,i4r_ece0397b04bfa9,control_9688c6466838b2,,no,incomplete_pre_citations,1
dp_021_disclosure,i4r_ece0397b04bfa9,control_96c96c95d8a18b,,no,insufficient_article_age,1
dp_021_disclosure,i4r_ece0397b04bfa9,control_9700fc1b5cb16e,,no,insufficient_article_age,1
dp_021_disclosure,i4r_ece0397b04bfa9,control_98315989205759,,no,incomplete_pre_citations,1
dp_021_disclosure,i4r_ece0397b04bfa9,control_983f763647bf0d,,no,incomplete_pre_citations,1
dp_021_disclosure,i4r_ece0397b04bfa9,control_9867a973df8e5b,,no,incomplete_pre_citations,1
dp_021_disclosure,i4r_ece0397b04bfa9,control_99ca3cd828197c,,no,incomplete_pre_citations,1
dp_021_disclosure,i4r_ece0397b04bfa9,control_9b273cc1386abe,,no,incomplete_pre_citations,1
dp_021_disclosure,i4r_ece0397b04bfa9,control_9cde794c82ae83,,no,incomplete_pre_citations,1
dp_021_disclosure,i4r_ece0397b04bfa9,control_9f5df3c0137974,,no,incomplete_pre_citations,1
dp_021_disclosure,i4r_ece0397b04bfa9,control_9f62719ff84440,,no,incomplete_pre_citations,1
dp_021_disclosure,i4r_ece0397b04bfa9,control_a017a538704bf9,,no,incomplete_pre_citations,1
dp_021_disclosure,i4r_ece0397b04bfa9,control_a2397a15e1de58,,no,incomplete_pre_citations,1
dp_021_disclosure,i4r_ece0397b04bfa9,control_a3043184785807,,no,incomplete_pre_citations,1
dp_021_disclosure,i4r_ece0397b04bfa9,control_a55abf6fb357fe,,no,incomplete_pre_citations,1
dp_021_disclosure,i4r_ece0397b04bfa9,control_a5b8097213f200,,no,incomplete_pre_citations,1
dp_021_disclosure,i4r_ece0397b04bfa9,control_a5ed6ecdc75313,,no,incomplete_pre_citations,1
dp_021_disclosure,i4r_ece0397b04bfa9,control_a5ee4823cca80c,,no,incomplete_pre_citations,1
dp_021_disclosure,i4r_ece0397b04bfa9,control_a67782974bc988,,no,incomplete_pre_citations,1
dp_021_disclosure,i4r_ece0397b04bfa9,control_a732f986451f68,,no,incomplete_pre_citations,1
dp_021_disclosure,i4r_ece0397b04bfa9,control_a77701761c137c,,no,insufficient_article_age,1
dp_021_disclosure,i4r_ece0397b04bfa9,control_a7f1e299aaaea5,,no,incomplete_pre_citations,1
dp_021_disclosure,i4r_ece0397b04bfa9,control_a7f83625e7317b,,no,incomplete_pre_citations,1
dp_021_disclosure,i4r_ece0397b04bfa9,control_a7fe7e38c53cae,,no,incomplete_pre_citations,1
dp_021_disclosure,i4r_ece0397b04bfa9,control_a8c2d2a3dfda2f,,no,incomplete_pre_citations,1
dp_021_disclosure,i4r_ece0397b04bfa9,control_ab8ebe53e22456,,no,incomplete_pre_citations,1
dp_021_disclosure,i4r_ece0397b04bfa9,control_abbd7edc4de714,,no,incomplete_pre_citations,1
dp_021_disclosure,i4r_ece0397b04bfa9,control_abe0fd1bbda9e8,,no,incomplete_pre_citations,1
dp_021_disclosure,i4r_ece0397b04bfa9,control_ac13c2ab2e2404,,no,incomplete_pre_citations,1
dp_021_disclosure,i4r_ece0397b04bfa9,control_acb176bf149384,,no,incomplete_pre_citations,1
dp_021_disclosure,i4r_ece0397b04bfa9,control_adfd12dda37307,,no,incomplete_pre_citations,1
dp_021_disclosure,i4r_ece0397b04bfa9,control_aef57a55a116a8,,no,incomplete_pre_citations,1
dp_021_disclosure,i4r_ece0397b04bfa9,control_af5b6baf19b0ad,,no,incomplete_pre_citations,1
dp_021_disclosure,i4r_ece0397b04bfa9,control_af601378dc8e54,,no,incomplete_pre_citations,1
dp_021_disclosure,i4r_ece0397b04bfa9,control_af8adc394991df,,no,incomplete_pre_citations,1
dp_021_disclosure,i4r_ece0397b04bfa9,control_b1a64f6ffb7579,,no,insufficient_article_age,1
dp_021_disclosure,i4r_ece0397b04bfa9,control_b295724082d458,,no,incomplete_pre_citations,1
dp_021_disclosure,i4r_ece0397b04bfa9,control_b2a723b2c57a38,,no,incomplete_pre_citations,1
dp_021_disclosure,i4r_ece0397b04bfa9,control_b35f1087f81cb1,,no,incomplete_pre_citations,1
dp_021_disclosure,i4r_ece0397b04bfa9,control_b56ba210c8e222,,no,incomplete_pre_citations,1
dp_021_disclosure,i4r_ece0397b04bfa9,control_b73837a7f97769,,no,insufficient_article_age,1
dp_021_disclosure,i4r_ece0397b04bfa9,control_b751b58e9be0b0,,no,incomplete_pre_citations,1
dp_021_disclosure,i4r_ece0397b04bfa9,control_b8ea9634a6207f,,no,insufficient_article_age,1
dp_021_disclosure,i4r_ece0397b04bfa9,control_b8ebac6154a9b8,,no,incomplete_pre_citations,1
dp_021_disclosure,i4r_ece0397b04bfa9,control_b926b50eac8ca3,,no,incomplete_pre_citations,1
dp_021_disclosure,i4r_ece0397b04bfa9,control_b9df96027839f7,,no,incomplete_pre_citations,1
dp_021_disclosure,i4r_ece0397b04bfa9,control_bb5cb67c11bd87,,no,incomplete_pre_citations,1
dp_021_disclosure,i4r_ece0397b04bfa9,control_bb66faa6389ba2,,no,incomplete_pre_citations,1
dp_021_disclosure,i4r_ece0397b04bfa9,control_bb6edf001a9b59,,no,incomplete_pre_citations,1
dp_021_disclosure,i4r_ece0397b04bfa9,control_bbdf7f6419c9e9,,no,incomplete_pre_citations,1
dp_021_disclosure,i4r_ece0397b04bfa9,control_bcee4bdcdf22ad,,no,incomplete_pre_citations,1
dp_021_disclosure,i4r_ece0397b04bfa9,control_bdbd1103746061,,no,incomplete_pre_citations,1
dp_021_disclosure,i4r_ece0397b04bfa9,control_be36b739b02da7,,no,incomplete_pre_citations,1
dp_021_disclosure,i4r_ece0397b04bfa9,control_be886172d05803,,no,incomplete_pre_citations,1
dp_021_disclosure,i4r_ece0397b04bfa9,control_c08d6d2f00543d,,no,incomplete_pre_citations,1
dp_021_disclosure,i4r_ece0397b04bfa9,control_c320f96b88de66,,no,incomplete_pre_citations,1
dp_021_disclosure,i4r_ece0397b04bfa9,control_c33e572315049a,,no,incomplete_pre_citations,1
dp_021_disclosure,i4r_ece0397b04bfa9,control_c416675044b039,,no,incomplete_pre_citations,1
dp_021_disclosure,i4r_ece0397b04bfa9,control_c4c15aa6b473a2,,no,incomplete_pre_citations,1
dp_021_disclosure,i4r_ece0397b04bfa9,control_c6980fe14663fa,,no,incomplete_pre_citations,1
dp_021_disclosure,i4r_ece0397b04bfa9,control_c80b789d1ae8ad,,no,incomplete_pre_citations,1
dp_021_disclosure,i4r_ece0397b04bfa9,control_c95a3782f32aa2,,no,incomplete_pre_citations,1
dp_021_disclosure,i4r_ece0397b04bfa9,control_cb19ec6bc847bb,,no,incomplete_pre_citations,1
dp_021_disclosure,i4r_ece0397b04bfa9,control_cc51880013f900,,no,incomplete_pre_citations,1
dp_021_disclosure,i4r_ece0397b04bfa9,control_cca7cc73d77dc0,,no,insufficient_article_age,1
dp_021_disclosure,i4r_ece0397b04bfa9,control_ce34c33002d3c2,,no,incomplete_pre_citations,1
dp_021_disclosure,i4r_ece0397b04bfa9,control_cf72db8ad41c3a,,no,incomplete_pre_citations,1
dp_021_disclosure,i4r_ece0397b04bfa9,control_d05ca367f7020d,,no,incomplete_pre_citations,1
dp_021_disclosure,i4r_ece0397b04bfa9,control_d3e93e5bd8d371,,no,incomplete_pre_citations,1
dp_021_disclosure,i4r_ece0397b04bfa9,control_d46bd82ef0101a,,no,incomplete_pre_citations,1
dp_021_disclosure,i4r_ece0397b04bfa9,control_d4953551bd43c7,,no,insufficient_article_age,1
dp_021_disclosure,i4r_ece0397b04bfa9,control_d70a4c2f389f5f,,no,incomplete_pre_citations,1
dp_021_disclosure,i4r_ece0397b04bfa9,control_d75508cfe6f86f,,no,incomplete_pre_citations,1
dp_021_disclosure,i4r_ece0397b04bfa9,control_dac769cd6f4c1b,,no,incomplete_pre_citations,1
dp_021_disclosure,i4r_ece0397b04bfa9,control_dac9bce81dc083,,no,incomplete_pre_citations,1
dp_021_disclosure,i4r_ece0397b04bfa9,control_dd26dbea3d71b6,,no,incomplete_pre_citations,1
dp_021_disclosure,i4r_ece0397b04bfa9,control_dd6b0ef324a475,,no,incomplete_pre_citations,1
dp_021_disclosure,i4r_ece0397b04bfa9,control_dd87001aeea060,,no,incomplete_pre_citations,1
dp_021_disclosure,i4r_ece0397b04bfa9,control_dd873a1937af3d,,no,incomplete_pre_citations,1
dp_021_disclosure,i4r_ece0397b04bfa9,control_dfff93351aa471,,no,incomplete_pre_citations,1
dp_021_disclosure,i4r_ece0397b04bfa9,control_e0817a5a4a549a,,no,incomplete_pre_citations,1
dp_021_disclosure,i4r_ece0397b04bfa9,control_e1506b283300f1,,no,incomplete_pre_citations,1
dp_021_disclosure,i4r_ece0397b04bfa9,control_e182c51a8999d8,,no,incomplete_pre_citations,1
dp_021_disclosure,i4r_ece0397b04bfa9,control_e28bb3ae58d98b,,no,incomplete_pre_citations,1
dp_021_disclosure,i4r_ece0397b04bfa9,control_e2afdffc7a792e,,no,insufficient_article_age,1
dp_021_disclosure,i4r_ece0397b04bfa9,control_e2da23a091db0b,,no,incomplete_pre_citations,1
dp_021_disclosure,i4r_ece0397b04bfa9,control_e36fde706d4d12,,no,incomplete_pre_citations,1
dp_021_disclosure,i4r_ece0397b04bfa9,control_e380cb541949f8,,no,incomplete_pre_citations,1
dp_021_disclosure,i4r_ece0397b04bfa9,control_e4c12a585cb604,,no,insufficient_article_age,1
dp_021_disclosure,i4r_ece0397b04bfa9,control_e505093d607c73,,no,incomplete_pre_citations,1
dp_021_disclosure,i4r_ece0397b04bfa9,control_e513c8b08afe65,,no,incomplete_pre_citations,1
dp_021_disclosure,i4r_ece0397b04bfa9,control_e5b7f25ca9b0be,,no,incomplete_pre_citations,1
dp_021_disclosure,i4r_ece0397b04bfa9,control_e5d1bf442b2612,,no,incomplete_pre_citations,1
dp_021_disclosure,i4r_ece0397b04bfa9,control_e6c183f1ecc2ad,,no,incomplete_pre_citations,1
dp_021_disclosure,i4r_ece0397b04bfa9,control_e8b01dd745dc63,,no,insufficient_article_age,1
dp_021_disclosure,i4r_ece0397b04bfa9,control_e93ea18956d7e8,,no,incomplete_pre_citations,1
dp_021_disclosure,i4r_ece0397b04bfa9,control_e9bb87cb77b69e,,no,incomplete_pre_citations,1
dp_021_disclosure,i4r_ece0397b04bfa9,control_ebb74ab9756dff,,no,incomplete_pre_citations,1
dp_021_disclosure,i4r_ece0397b04bfa9,control_ebecf10e9e5ce6,,no,insufficient_article_age,1
dp_021_disclosure,i4r_ece0397b04bfa9,control_ec2055915a7f66,,no,incomplete_pre_citations,1
dp_021_disclosure,i4r_ece0397b04bfa9,control_ecd4536522c81d,,no,incomplete_pre_citations,1
dp_021_disclosure,i4r_ece0397b04bfa9,control_ed70706cedc6bf,,no,incomplete_pre_citations,1
dp_021_disclosure,i4r_ece0397b04bfa9,control_eef212145ce845,,no,incomplete_pre_citations,1
dp_021_disclosure,i4r_ece0397b04bfa9,control_ef1835d75fa5a9,,no,insufficient_article_age,1
dp_021_disclosure,i4r_ece0397b04bfa9,control_ef1b142518c867,,no,incomplete_pre_citations,1
dp_021_disclosure,i4r_ece0397b04bfa9,control_ef7be165fa6130,,no,incomplete_pre_citations,1
dp_021_disclosure,i4r_ece0397b04bfa9,control_efd1547257966c,,no,incomplete_pre_citations,1
dp_021_disclosure,i4r_ece0397b04bfa9,control_efdbe139288250,,no,incomplete_pre_citations,1
dp_021_disclosure,i4r_ece0397b04bfa9,control_f0f6ca3d316604,,no,incomplete_pre_citations,1
dp_021_disclosure,i4r_ece0397b04bfa9,control_f2005e2a5a7047,,no,incomplete_pre_citations,1
dp_021_disclosure,i4r_ece0397b04bfa9,control_f2224a4d251175,,no,incomplete_pre_citations,1
dp_021_disclosure,i4r_ece0397b04bfa9,control_f381a900786ba1,,no,incomplete_pre_citations,1
dp_021_disclosure,i4r_ece0397b04bfa9,control_f55df263c311e1,,no,incomplete_pre_citations,1
dp_021_disclosure,i4r_ece0397b04bfa9,control_f586d82077f98e,,no,incomplete_pre_citations,1
dp_021_disclosure,i4r_ece0397b04bfa9,control_f5a8ff03359f90,,no,incomplete_pre_citations,1
dp_021_disclosure,i4r_ece0397b04bfa9,control_f60c4da0c3e9c7,,no,incomplete_pre_citations,1
dp_021_disclosure,i4r_ece0397b04bfa9,control_f648919f397250,,no,incomplete_pre_citations,1
dp_021_disclosure,i4r_ece0397b04bfa9,control_f6852c48d558e9,,no,insufficient_article_age,1
dp_021_disclosure,i4r_ece0397b04bfa9,control_f96edcfa49fa5e,,no,incomplete_pre_citations,1
dp_021_disclosure,i4r_ece0397b04bfa9,control_fa1a96b28da8c7,,no,insufficient_article_age,1
dp_021_disclosure,i4r_ece0397b04bfa9,control_fa1f357ebff814,,no,incomplete_pre_citations,1
dp_021_disclosure,i4r_ece0397b04bfa9,control_fa54a570b24a13,,no,incomplete_pre_citations,1
dp_021_disclosure,i4r_ece0397b04bfa9,control_fa5ddc177dd855,,no,incomplete_pre_citations,1
dp_021_disclosure,i4r_ece0397b04bfa9,control_fab080dc6c9813,,no,incomplete_pre_citations,1
dp_021_disclosure,i4r_ece0397b04bfa9,control_fac38bd8248529,,no,incomplete_pre_citations,1
dp_021_disclosure,i4r_ece0397b04bfa9,control_fba40e77a51825,,no,incomplete_pre_citations,1
dp_021_disclosure,i4r_ece0397b04bfa9,control_fbbe88d5446385,,no,incomplete_pre_citations,1
dp_021_disclosure,i4r_ece0397b04bfa9,control_fc67d4843c9e05,,no,incomplete_pre_citations,1
dp_021_disclosure,i4r_ece0397b04bfa9,control_ff966ce102bafe,,no,insufficient_article_age,1
dp_292_disclosure,i4r_55d334eaeb4010,control_01035a6e1e6061,,no,insufficient_article_age,1
dp_292_disclosure,i4r_55d334eaeb4010,control_01452d058589e0,,no,insufficient_article_age,1
dp_292_disclosure,i4r_55d334eaeb4010,control_084c96e5bc25da,,no,insufficient_article_age,1
dp_292_disclosure,i4r_55d334eaeb4010,control_08751260307f55,,no,insufficient_article_age,1
dp_292_disclosure,i4r_55d334eaeb4010,control_0af0a84740cc66,,no,insufficient_article_age,1
dp_292_disclosure,i4r_55d334eaeb4010,control_11540c15bdf741,,no,known_assessed_article,1
dp_292_disclosure,i4r_55d334eaeb4010,control_1431b7ebb8a315,,no,insufficient_article_age,1
dp_292_disclosure,i4r_55d334eaeb4010,control_15d40335788eff,,no,insufficient_article_age,1
dp_292_disclosure,i4r_55d334eaeb4010,control_1820db733f7137,,no,insufficient_article_age,1
dp_292_disclosure,i4r_55d334eaeb4010,control_1831052c68ce3f,,no,insufficient_article_age,1
dp_292_disclosure,i4r_55d334eaeb4010,control_183a03fb4eaf8f,,no,insufficient_article_age,1
dp_292_disclosure,i4r_55d334eaeb4010,control_1a67c6de9824b0,,no,insufficient_article_age,1
dp_292_disclosure,i4r_55d334eaeb4010,control_1b284d63b9aa0a,,no,known_assessed_article,1
dp_292_disclosure,i4r_55d334eaeb4010,control_20ef8495387442,,no,insufficient_article_age,1
dp_292_disclosure,i4r_55d334eaeb4010,control_210817ac4d5efa,,no,insufficient_article_age,1
dp_292_disclosure,i4r_55d334eaeb4010,control_21a0ce8ecf69f4,,no,known_assessed_article,1
dp_292_disclosure,i4r_55d334eaeb4010,control_2638c55ce87751,,no,insufficient_article_age,1
dp_292_disclosure,i4r_55d334eaeb4010,control_2666a7a5b985f0,,no,known_retraction_in_window,1
dp_292_disclosure,i4r_55d334eaeb4010,control_2a7e6dd985227c,,no,assessment_or_reply,1
dp_292_disclosure,i4r_55d334eaeb4010,control_2c746eaf8a2d02,,no,insufficient_article_age,1
dp_292_disclosure,i4r_55d334eaeb4010,control_30c7ed5d0a2cdb,,no,insufficient_article_age,1
dp_292_disclosure,i4r_55d334eaeb4010,control_31359ebb99160e,,no,insufficient_article_age,1
dp_292_disclosure,i4r_55d334eaeb4010,control_32ce38ee570c2c,,no,insufficient_article_age,1
dp_292_disclosure,i4r_55d334eaeb4010,control_33489299cc23a4,,no,insufficient_article_age,1
dp_292_disclosure,i4r_55d334eaeb4010,control_372eeeaa613e5c,,no,insufficient_article_age,1
dp_292_disclosure,i4r_55d334eaeb4010,control_3739bbb6215e78,,no,insufficient_article_age,1
dp_292_disclosure,i4r_55d334eaeb4010,control_3ab3c6a9b77394,,no,known_assessed_article,1
dp_292_disclosure,i4r_55d334eaeb4010,control_3b1c2cba13f8e2,,no,known_assessed_article,1
dp_292_disclosure,i4r_55d334eaeb4010,control_3b260c5b7d2fc9,,no,insufficient_article_age,1
dp_292_disclosure,i4r_55d334eaeb4010,control_3ba6cabbf75f29,,no,insufficient_article_age,1
dp_292_disclosure,i4r_55d334eaeb4010,control_3ce91e0aec0bd9,,no,insufficient_article_age,1
dp_292_disclosure,i4r_55d334eaeb4010,control_3d2967caeac719,,no,insufficient_article_age,1
dp_292_disclosure,i4r_55d334eaeb4010,control_412a829a44b219,,no,insufficient_article_age,1
dp_292_disclosure,i4r_55d334eaeb4010,control_422df16582bda9,,no,insufficient_article_age,1
dp_292_disclosure,i4r_55d334eaeb4010,control_44ddbdd2e0df68,,no,insufficient_article_age,1
dp_292_disclosure,i4r_55d334eaeb4010,control_4578159bda77aa,,no,known_assessed_article,1
dp_292_disclosure,i4r_55d334eaeb4010,control_465804fd7862ef,,no,insufficient_article_age,1
dp_292_disclosure,i4r_55d334eaeb4010,control_47aecdbca415ff,,no,insufficient_article_age,1
dp_292_disclosure,i4r_55d334eaeb4010,control_4a278341c9ed22,,no,insufficient_article_age,1
dp_292_disclosure,i4r_55d334eaeb4010,control_4a626e1bd09ef8,,no,insufficient_article_age,1
dp_292_disclosure,i4r_55d334eaeb4010,control_4d0e600beb4ec5,,no,insufficient_article_age,1
dp_292_disclosure,i4r_55d334eaeb4010,control_4d728d28064fcb,,no,insufficient_article_age,1
dp_292_disclosure,i4r_55d334eaeb4010,control_4e1060466f2892,,no,insufficient_article_age,1
dp_292_disclosure,i4r_55d334eaeb4010,control_4ea8ec6fa9f948,,no,insufficient_article_age,1
dp_292_disclosure,i4r_55d334eaeb4010,control_4f1873d999ea05,,no,insufficient_article_age,1
dp_292_disclosure,i4r_55d334eaeb4010,control_4fe862e5184b87,,no,insufficient_article_age,1
dp_292_disclosure,i4r_55d334eaeb4010,control_52ef945da9d899,,no,assessment_or_reply,1
dp_292_disclosure,i4r_55d334eaeb4010,control_574825753e9e96,,no,insufficient_article_age,1
dp_292_disclosure,i4r_55d334eaeb4010,control_5873d7e8bfc581,,no,insufficient_article_age,1
dp_292_disclosure,i4r_55d334eaeb4010,control_597da78282d61d,,no,insufficient_article_age,1
dp_292_disclosure,i4r_55d334eaeb4010,control_5ace538683bff0,,no,incomplete_pre_citations,1
dp_292_disclosure,i4r_55d334eaeb4010,control_5bbd748866ea98,,no,insufficient_article_age,1
dp_292_disclosure,i4r_55d334eaeb4010,control_5bf56f14f5b9ee,,no,insufficient_article_age,1
dp_292_disclosure,i4r_55d334eaeb4010,control_5cae205072ead6,,no,insufficient_article_age,1
dp_292_disclosure,i4r_55d334eaeb4010,control_5cc31a4fd837cb,,no,insufficient_article_age,1
dp_292_disclosure,i4r_55d334eaeb4010,control_5cda46d4262c37,,no,assessment_or_reply,1
dp_292_disclosure,i4r_55d334eaeb4010,control_5dfd038a7f741d,,no,insufficient_article_age,1
dp_292_disclosure,i4r_55d334eaeb4010,control_60d88cf3217b2d,,no,nonresearch_publication,1
dp_292_disclosure,i4r_55d334eaeb4010,control_612bf12a671890,,no,insufficient_article_age,1
dp_292_disclosure,i4r_55d334eaeb4010,control_628d33fba19b27,,no,assessment_or_reply,1
dp_292_disclosure,i4r_55d334eaeb4010,control_6581cd4bd3c299,,no,nonresearch_publication,1
dp_292_disclosure,i4r_55d334eaeb4010,control_667bc4716098d8,,no,known_assessed_article,1
dp_292_disclosure,i4r_55d334eaeb4010,control_66ef6c7e6e863d,,no,incomplete_pre_citations,1
dp_292_disclosure,i4r_55d334eaeb4010,control_673499735a57f8,,no,incomplete_pre_citations,1
dp_292_disclosure,i4r_55d334eaeb4010,control_6b07def4928d97,,no,incomplete_pre_citations,1
dp_292_disclosure,i4r_55d334eaeb4010,control_6b4dfee4e618d4,,no,incomplete_pre_citations,1
dp_292_disclosure,i4r_55d334eaeb4010,control_6c6d3a981b2365,,no,insufficient_article_age,1
dp_292_disclosure,i4r_55d334eaeb4010,control_704da3168039f9,,no,insufficient_article_age,1
dp_292_disclosure,i4r_55d334eaeb4010,control_70777c4f695039,,no,incomplete_pre_citations,1
dp_292_disclosure,i4r_55d334eaeb4010,control_708fb8d740513f,,no,known_assessed_article,1
dp_292_disclosure,i4r_55d334eaeb4010,control_725ed0d5367f5b,,no,incomplete_pre_citations,1
dp_292_disclosure,i4r_55d334eaeb4010,control_726cecc8e87a89,,no,known_assessed_article,1
dp_292_disclosure,i4r_55d334eaeb4010,control_72dc99c22372f1,,no,insufficient_article_age,1
dp_292_disclosure,i4r_55d334eaeb4010,control_72ef80ee482b5a,,no,incomplete_pre_citations,1
dp_292_disclosure,i4r_55d334eaeb4010,control_73b379eeb0ebab,,no,insufficient_article_age,1
dp_292_disclosure,i4r_55d334eaeb4010,control_755ad3dae71102,,no,insufficient_article_age,1
dp_292_disclosure,i4r_55d334eaeb4010,control_7569bb7b1dc8ea,,no,incomplete_pre_citations,1
dp_292_disclosure,i4r_55d334eaeb4010,control_763e5a2e5c24fb,,no,incomplete_pre_citations,1
dp_292_disclosure,i4r_55d334eaeb4010,control_76712aa324bc17,,no,insufficient_article_age,1
dp_292_disclosure,i4r_55d334eaeb4010,control_7676c8e0283dfc,,no,incomplete_pre_citations,1
dp_292_disclosure,i4r_55d334eaeb4010,control_7720cc4d574956,,no,known_assessed_article,1
dp_292_disclosure,i4r_55d334eaeb4010,control_77f7046a2e3f29,,no,incomplete_pre_citations,1
dp_292_disclosure,i4r_55d334eaeb4010,control_788390747f2f7a,,no,insufficient_article_age,1
dp_292_disclosure,i4r_55d334eaeb4010,control_78ec52bb39e92b,,no,incomplete_pre_citations,1
dp_292_disclosure,i4r_55d334eaeb4010,control_79623804e4f5c5,,no,insufficient_article_age,1
dp_292_disclosure,i4r_55d334eaeb4010,control_7a24a02fbd2965,,no,known_assessed_article,1
dp_292_disclosure,i4r_55d334eaeb4010,control_7a81a477c0b4e0,,no,incomplete_pre_citations,1
dp_292_disclosure,i4r_55d334eaeb4010,control_7b05e2a2fa2a4d,,no,insufficient_article_age,1
dp_292_disclosure,i4r_55d334eaeb4010,control_7b0f822970ad9a,,no,incomplete_pre_citations,1
dp_292_disclosure,i4r_55d334eaeb4010,control_7b2f983c5506b3,,no,nonresearch_publication,1
dp_292_disclosure,i4r_55d334eaeb4010,control_7be59b8463fc68,,no,insufficient_article_age,1
dp_292_disclosure,i4r_55d334eaeb4010,control_7c0604c2f1b4b6,,no,incomplete_pre_citations,1
dp_292_disclosure,i4r_55d334eaeb4010,control_7d8a1c65e46070,,no,insufficient_article_age,1
dp_292_disclosure,i4r_55d334eaeb4010,control_7df39063b9bade,,no,incomplete_pre_citations,1
dp_292_disclosure,i4r_55d334eaeb4010,control_7e065546c9645c,,no,incomplete_pre_citations,1
dp_292_disclosure,i4r_55d334eaeb4010,control_7f8b94b62e131d,,no,insufficient_article_age,1
dp_292_disclosure,i4r_55d334eaeb4010,control_7f9e5445ca35cc,,no,incomplete_pre_citations,1
dp_292_disclosure,i4r_55d334eaeb4010,control_7fbbdebbcbafe0,,no,incomplete_pre_citations,1
dp_292_disclosure,i4r_55d334eaeb4010,control_802ac7cf2e93be,,no,incomplete_pre_citations,1
dp_292_disclosure,i4r_55d334eaeb4010,control_803fbd8468e4ef,,no,incomplete_pre_citations,1
dp_292_disclosure,i4r_55d334eaeb4010,control_81b59008cd9466,,no,incomplete_pre_citations,1
dp_292_disclosure,i4r_55d334eaeb4010,control_81e1e4940c3903,,no,known_assessed_article,1
dp_292_disclosure,i4r_55d334eaeb4010,control_824390917820b4,,no,insufficient_article_age,1
dp_292_disclosure,i4r_55d334eaeb4010,control_83850146375bb5,,no,incomplete_pre_citations,1
dp_292_disclosure,i4r_55d334eaeb4010,control_848b81045f2a5b,,no,incomplete_pre_citations,1
dp_292_disclosure,i4r_55d334eaeb4010,control_84922a913bd1d8,,no,insufficient_article_age,1
dp_292_disclosure,i4r_55d334eaeb4010,control_855652fbfc762f,,no,incomplete_pre_citations,1
dp_292_disclosure,i4r_55d334eaeb4010,control_859928931c778b,,no,incomplete_pre_citations,1
dp_292_disclosure,i4r_55d334eaeb4010,control_864bb33b1db8ce,,no,incomplete_pre_citations,1
dp_292_disclosure,i4r_55d334eaeb4010,control_876191c546b3c8,,no,insufficient_article_age,1
dp_292_disclosure,i4r_55d334eaeb4010,control_886d1b5e592a20,,no,incomplete_pre_citations,1
dp_292_disclosure,i4r_55d334eaeb4010,control_889944c6f68427,,no,insufficient_article_age,1
dp_292_disclosure,i4r_55d334eaeb4010,control_88c8208c5c74a2,,no,insufficient_article_age,1
dp_292_disclosure,i4r_55d334eaeb4010,control_88f97d6cfb2f93,,no,insufficient_article_age,1
dp_292_disclosure,i4r_55d334eaeb4010,control_8a71b24ef45d86,,no,insufficient_article_age,1
dp_292_disclosure,i4r_55d334eaeb4010,control_8a9afac6a82a0a,,no,incomplete_pre_citations,1
dp_292_disclosure,i4r_55d334eaeb4010,control_8c5ffc545d396a,,no,incomplete_pre_citations,1
dp_292_disclosure,i4r_55d334eaeb4010,control_8dca310be201f4,,no,incomplete_pre_citations,1
dp_292_disclosure,i4r_55d334eaeb4010,control_8e596493b61601,,no,incomplete_pre_citations,1
dp_292_disclosure,i4r_55d334eaeb4010,control_8e69c21bdf23c1,,no,incomplete_pre_citations,1
dp_292_disclosure,i4r_55d334eaeb4010,control_901ed67be8422e,,no,incomplete_pre_citations,1
dp_292_disclosure,i4r_55d334eaeb4010,control_903bc5a7aa5b56,,no,incomplete_pre_citations,1
dp_292_disclosure,i4r_55d334eaeb4010,control_928d33f200c7e0,,no,incomplete_pre_citations,1
dp_292_disclosure,i4r_55d334eaeb4010,control_938ba7ffaa65f8,,no,insufficient_article_age,1
dp_292_disclosure,i4r_55d334eaeb4010,control_939c2a1b468d42,,no,incomplete_pre_citations,1
dp_292_disclosure,i4r_55d334eaeb4010,control_9572d124476774,,no,insufficient_article_age,1
dp_292_disclosure,i4r_55d334eaeb4010,control_96f341ae602d38,,no,incomplete_pre_citations,1
dp_292_disclosure,i4r_55d334eaeb4010,control_97ed8e7478774f,,no,assessment_or_reply,1
dp_292_disclosure,i4r_55d334eaeb4010,control_9831070fec2c19,,no,incomplete_pre_citations,1
dp_292_disclosure,i4r_55d334eaeb4010,control_99d0f97b3817ca,,no,incomplete_pre_citations,1
dp_292_disclosure,i4r_55d334eaeb4010,control_9b1d6471f1241f,,no,assessment_or_reply,1
dp_292_disclosure,i4r_55d334eaeb4010,control_9b308ee7190f2f,,no,incomplete_pre_citations,1
dp_292_disclosure,i4r_55d334eaeb4010,control_9bcb551293af39,,no,insufficient_article_age,1
dp_292_disclosure,i4r_55d334eaeb4010,control_9c06de4755a801,,no,insufficient_article_age,1
dp_292_disclosure,i4r_55d334eaeb4010,control_9c460848de9bec,,no,incomplete_pre_citations,1
dp_292_disclosure,i4r_55d334eaeb4010,control_9c7beaf0b0c2c6,,no,insufficient_article_age,1
dp_292_disclosure,i4r_55d334eaeb4010,control_9d296f53a126e9,,no,incomplete_pre_citations,1
dp_292_disclosure,i4r_55d334eaeb4010,control_9e714a77e0575d,,no,incomplete_pre_citations,1
dp_292_disclosure,i4r_55d334eaeb4010,control_a064d0c914e3b8,,no,incomplete_pre_citations,1
dp_292_disclosure,i4r_55d334eaeb4010,control_a14fa5f9337f88,,no,incomplete_pre_citations,1
dp_292_disclosure,i4r_55d334eaeb4010,control_a1e2fb16f53dbd,,no,incomplete_pre_citations,1
dp_292_disclosure,i4r_55d334eaeb4010,control_a1f0f1efbc2315,,no,incomplete_pre_citations,1
dp_292_disclosure,i4r_55d334eaeb4010,control_a3185b87b1982a,,no,incomplete_pre_citations,1
dp_292_disclosure,i4r_55d334eaeb4010,control_a36feaeb5dce9b,,no,insufficient_article_age,1
dp_292_disclosure,i4r_55d334eaeb4010,control_a3a6818c2b6652,,no,insufficient_article_age,1
dp_292_disclosure,i4r_55d334eaeb4010,control_a40d17b4e21215,,no,incomplete_pre_citations,1
dp_292_disclosure,i4r_55d334eaeb4010,control_a4e705a2744b5f,,no,incomplete_pre_citations,1
dp_292_disclosure,i4r_55d334eaeb4010,control_a5dab48d352fe7,,no,incomplete_pre_citations,1
dp_292_disclosure,i4r_55d334eaeb4010,control_a5deffd28446e6,,no,insufficient_article_age,1
dp_292_disclosure,i4r_55d334eaeb4010,control_a6040a607b6986,,no,incomplete_pre_citations,1
dp_292_disclosure,i4r_55d334eaeb4010,control_a60c3e9f8548ec,,no,assessment_or_reply,1
dp_292_disclosure,i4r_55d334eaeb4010,control_a728d2fd2f0c8b,,no,incomplete_pre_citations,1
dp_292_disclosure,i4r_55d334eaeb4010,control_a88f2435eeed07,,no,incomplete_pre_citations,1
dp_292_disclosure,i4r_55d334eaeb4010,control_a893fbe7f1d747,,no,incomplete_pre_citations,1
dp_292_disclosure,i4r_55d334eaeb4010,control_acc5f3017f1285,,no,incomplete_pre_citations,1
dp_292_disclosure,i4r_55d334eaeb4010,control_b20418649fc251,,no,incomplete_pre_citations,1
dp_292_disclosure,i4r_55d334eaeb4010,control_b211c47afb9dd3,,no,incomplete_pre_citations,1
dp_292_disclosure,i4r_55d334eaeb4010,control_b28298bd74e69a,,no,insufficient_article_age,1
dp_292_disclosure,i4r_55d334eaeb4010,control_b29afa0c11f837,,no,insufficient_article_age,1
dp_292_disclosure,i4r_55d334eaeb4010,control_b4ca772e38ee9c,,no,incomplete_pre_citations,1
dp_292_disclosure,i4r_55d334eaeb4010,control_b4ccd14badb363,,no,known_assessed_article,1
dp_292_disclosure,i4r_55d334eaeb4010,control_b5135c92f6ee80,,no,incomplete_pre_citations,1
dp_292_disclosure,i4r_55d334eaeb4010,control_b51e069ef9dbba,,no,insufficient_article_age,1
dp_292_disclosure,i4r_55d334eaeb4010,control_b5fd59ee323fd3,,no,incomplete_pre_citations,1
dp_292_disclosure,i4r_55d334eaeb4010,control_b8966eaa3468d8,,no,insufficient_article_age,1
dp_292_disclosure,i4r_55d334eaeb4010,control_b94048d1856c0c,,no,incomplete_pre_citations,1
dp_292_disclosure,i4r_55d334eaeb4010,control_b9aa91a9e10f85,,no,insufficient_article_age,1
dp_292_disclosure,i4r_55d334eaeb4010,control_ba1d9b04db7d4a,,no,incomplete_pre_citations,1
dp_292_disclosure,i4r_55d334eaeb4010,control_bac91a6a421055,,no,incomplete_pre_citations,1
dp_292_disclosure,i4r_55d334eaeb4010,control_bc308ff58c6fe8,,no,assessment_or_reply,1
dp_292_disclosure,i4r_55d334eaeb4010,control_bc6137393b204a,,no,insufficient_article_age,1
dp_292_disclosure,i4r_55d334eaeb4010,control_bcb3356fa82d5d,,no,insufficient_article_age,1
dp_292_disclosure,i4r_55d334eaeb4010,control_bd634d42492f4c,,no,insufficient_article_age,1
dp_292_disclosure,i4r_55d334eaeb4010,control_bdcf86df2d62d6,,no,insufficient_article_age,1
dp_292_disclosure,i4r_55d334eaeb4010,control_be6eacd8e27df7,,no,insufficient_article_age,1
dp_292_disclosure,i4r_55d334eaeb4010,control_c0299c098d549b,,no,incomplete_pre_citations,1
dp_292_disclosure,i4r_55d334eaeb4010,control_c19a04207dbe5a,,no,nonresearch_publication,1
dp_292_disclosure,i4r_55d334eaeb4010,control_c1b16823696ae6,,no,insufficient_article_age,1
dp_292_disclosure,i4r_55d334eaeb4010,control_c1d607ca2b0f19,,no,incomplete_pre_citations,1
dp_292_disclosure,i4r_55d334eaeb4010,control_c363640cc586f5,,no,incomplete_pre_citations,1
dp_292_disclosure,i4r_55d334eaeb4010,control_c394269679250b,,no,incomplete_pre_citations,1
dp_292_disclosure,i4r_55d334eaeb4010,control_c3f9cbfd888cee,,no,incomplete_pre_citations,1
dp_292_disclosure,i4r_55d334eaeb4010,control_c4d77ff3c1902e,,no,incomplete_pre_citations,1
dp_292_disclosure,i4r_55d334eaeb4010,control_c5a44c4655dfbb,,no,insufficient_article_age,1
dp_292_disclosure,i4r_55d334eaeb4010,control_c5a51df5007c34,,no,assessment_or_reply,1
dp_292_disclosure,i4r_55d334eaeb4010,control_c75b925498459e,,no,incomplete_pre_citations,1
dp_292_disclosure,i4r_55d334eaeb4010,control_c7812ddd824d17,,no,incomplete_pre_citations,1
dp_292_disclosure,i4r_55d334eaeb4010,control_c8927a01ad8f00,,no,incomplete_pre_citations,1
dp_292_disclosure,i4r_55d334eaeb4010,control_ca4cfcdee56fa8,,no,incomplete_pre_citations,1
dp_292_disclosure,i4r_55d334eaeb4010,control_cc467d51184c7a,,no,insufficient_article_age,1
dp_292_disclosure,i4r_55d334eaeb4010,control_cc66b4694d9a79,,no,incomplete_pre_citations,1
dp_292_disclosure,i4r_55d334eaeb4010,control_ccc7453e02e96f,,no,incomplete_pre_citations,1
dp_292_disclosure,i4r_55d334eaeb4010,control_cd145f9912f10c,,no,incomplete_pre_citations,1
dp_292_disclosure,i4r_55d334eaeb4010,control_cd3280ed3405d9,,no,incomplete_pre_citations,1
dp_292_disclosure,i4r_55d334eaeb4010,control_d102ced1f1ea39,,no,insufficient_article_age,1
dp_292_disclosure,i4r_55d334eaeb4010,control_d24852b000d8d0,,no,incomplete_pre_citations,1
dp_292_disclosure,i4r_55d334eaeb4010,control_d257fe776728ba,,no,insufficient_article_age,1
dp_292_disclosure,i4r_55d334eaeb4010,control_d3149e97c09b0e,,no,insufficient_article_age,1
dp_292_disclosure,i4r_55d334eaeb4010,control_d4180669a09db9,,no,incomplete_pre_citations,1
dp_292_disclosure,i4r_55d334eaeb4010,control_d421684b3d0a2b,,no,incomplete_pre_citations,1
dp_292_disclosure,i4r_55d334eaeb4010,control_d615ed5a157752,,no,insufficient_article_age,1
dp_292_disclosure,i4r_55d334eaeb4010,control_d623f214a841ab,,no,incomplete_pre_citations,1
dp_292_disclosure,i4r_55d334eaeb4010,control_d65fb3c18ef66e,,no,incomplete_pre_citations,1
dp_292_disclosure,i4r_55d334eaeb4010,control_d69200138e5da3,,no,insufficient_article_age,1
dp_292_disclosure,i4r_55d334eaeb4010,control_d9c57c411c210b,,no,incomplete_pre_citations,1
dp_292_disclosure,i4r_55d334eaeb4010,control_d9ce424f9afa10,,no,insufficient_article_age,1
dp_292_disclosure,i4r_55d334eaeb4010,control_da1017edf2ba62,,no,incomplete_pre_citations,1
dp_292_disclosure,i4r_55d334eaeb4010,control_db31df273f99e1,,no,incomplete_pre_citations,1
dp_292_disclosure,i4r_55d334eaeb4010,control_dc21a768303dc9,,no,insufficient_article_age,1
dp_292_disclosure,i4r_55d334eaeb4010,control_dc81ae0b3e5781,,no,incomplete_pre_citations,1
dp_292_disclosure,i4r_55d334eaeb4010,control_dd952ab9387811,,no,known_assessed_article,1
dp_292_disclosure,i4r_55d334eaeb4010,control_de8dc916150366,,no,incomplete_pre_citations,1
dp_292_disclosure,i4r_55d334eaeb4010,control_ded185d4a9ddfd,,no,incomplete_pre_citations,1
dp_292_disclosure,i4r_55d334eaeb4010,control_df8dd7466a7eef,,no,insufficient_article_age,1
dp_292_disclosure,i4r_55d334eaeb4010,control_e05bad310734c1,,no,incomplete_pre_citations,1
dp_292_disclosure,i4r_55d334eaeb4010,control_e066b7a7a73775,,no,incomplete_pre_citations,1
dp_292_disclosure,i4r_55d334eaeb4010,control_e07854a009243a,,no,incomplete_pre_citations,1
dp_292_disclosure,i4r_55d334eaeb4010,control_e1295eb99ba086,,no,incomplete_pre_citations,1
dp_292_disclosure,i4r_55d334eaeb4010,control_e2bd747a5210d9,,no,insufficient_article_age,1
dp_292_disclosure,i4r_55d334eaeb4010,control_e30d2685df8343,,no,incomplete_pre_citations,1
dp_292_disclosure,i4r_55d334eaeb4010,control_e416a3a81ea62c,,no,insufficient_article_age,1
dp_292_disclosure,i4r_55d334eaeb4010,control_e46b55fbc444d3,,no,insufficient_article_age,1
dp_292_disclosure,i4r_55d334eaeb4010,control_e4f162b270e924,,no,incomplete_pre_citations,1
dp_292_disclosure,i4r_55d334eaeb4010,control_e50ae36987bad2,,no,incomplete_pre_citations,1
dp_292_disclosure,i4r_55d334eaeb4010,control_e739f80fb4a6ae,,no,incomplete_pre_citations,1
dp_292_disclosure,i4r_55d334eaeb4010,control_e89efaa2f2f242,,no,incomplete_pre_citations,1
dp_292_disclosure,i4r_55d334eaeb4010,control_e9463569fa9927,,no,incomplete_pre_citations,1
dp_292_disclosure,i4r_55d334eaeb4010,control_e986fa1a5eaf45,,no,incomplete_pre_citations,1
dp_292_disclosure,i4r_55d334eaeb4010,control_eaa388d13a126d,,no,insufficient_article_age,1
dp_292_disclosure,i4r_55d334eaeb4010,control_eb27d8462fe735,,no,incomplete_pre_citations,1
dp_292_disclosure,i4r_55d334eaeb4010,control_ebb1ae4b4d18cb,,no,incomplete_pre_citations,1
dp_292_disclosure,i4r_55d334eaeb4010,control_ed6dd708658250,,no,incomplete_pre_citations,1
dp_292_disclosure,i4r_55d334eaeb4010,control_ed71ed5c221d3f,,no,incomplete_pre_citations,1
dp_292_disclosure,i4r_55d334eaeb4010,control_edb74e43902111,,no,incomplete_pre_citations,1
dp_292_disclosure,i4r_55d334eaeb4010,control_f0f35d1d6d5ffa,,no,incomplete_pre_citations,1
dp_292_disclosure,i4r_55d334eaeb4010,control_f112738c246e3d,,no,incomplete_pre_citations,1
dp_292_disclosure,i4r_55d334eaeb4010,control_f28bc3514608f7,,no,incomplete_pre_citations,1
dp_292_disclosure,i4r_55d334eaeb4010,control_f3258e791e1fcc,,no,insufficient_article_age,1
dp_292_disclosure,i4r_55d334eaeb4010,control_f35000f15b41fa,,no,insufficient_article_age,1
dp_292_disclosure,i4r_55d334eaeb4010,control_f6f6e2f8a4e920,,no,insufficient_article_age,1
dp_292_disclosure,i4r_55d334eaeb4010,control_f703a66d29f278,,no,incomplete_pre_citations,1
dp_292_disclosure,i4r_55d334eaeb4010,control_f704f780a73522,,no,incomplete_pre_citations,1
dp_292_disclosure,i4r_55d334eaeb4010,control_f84452658a435e,,no,incomplete_pre_citations,1
dp_292_disclosure,i4r_55d334eaeb4010,control_f871330b40ac80,,no,incomplete_pre_citations,1
dp_292_disclosure,i4r_55d334eaeb4010,control_f87bdfa43c31da,,no,incomplete_pre_citations,1
dp_292_disclosure,i4r_55d334eaeb4010,control_f89d8fa11048a3,,no,insufficient_article_age,1
dp_292_disclosure,i4r_55d334eaeb4010,control_f9fdaaa4e215f3,,no,insufficient_article_age,1
dp_292_disclosure,i4r_55d334eaeb4010,control_fa2460fa4df2d6,,no,incomplete_pre_citations,1
dp_292_disclosure,i4r_55d334eaeb4010,control_fa5c0ae0d72bcd,,no,incomplete_pre_citations,1
dp_292_disclosure,i4r_55d334eaeb4010,control_fafda81a6e210b,,no,assessment_or_reply,1
dp_292_disclosure,i4r_55d334eaeb4010,control_fd48eb3be6a633,,no,incomplete_pre_citations,1
dp_292_disclosure,i4r_55d334eaeb4010,control_fe0434b688e1cc,,no,insufficient_article_age,1
dp_292_disclosure,i4r_55d334eaeb4010,control_fe06426e1e2826,,no,incomplete_pre_citations,1
dp_292_disclosure,i4r_55d334eaeb4010,control_fe756fa9de81d5,,no,insufficient_article_age,1
dp_292_disclosure,i4r_55d334eaeb4010,control_ffaa9fda4e8907,,no,insufficient_article_age,1
dp_294_disclosure,i4r_f45e09f5bc283f,control_0694bc2c26b688,,no,nonresearch_publication,2
dp_294_disclosure,i4r_f45e09f5bc283f,control_11e6f278340d63,,no,incomplete_pre_citations,2
dp_294_disclosure,i4r_f45e09f5bc283f,control_2f88b27addb1d5,,no,known_assessed_article,2
dp_294_disclosure,i4r_f45e09f5bc283f,control_317e2132297184,,no,nonresearch_publication,2
dp_294_disclosure,i4r_f45e09f5bc283f,control_46bd2193686633,,no,known_assessed_article,2
dp_294_disclosure,i4r_f45e09f5bc283f,control_49bf3286f08348,,no,nonresearch_publication,2
dp_294_disclosure,i4r_f45e09f5bc283f,control_66e542962a1dc6,,no,incomplete_pre_citations,2
dp_294_disclosure,i4r_f45e09f5bc283f,control_691cf233358c4c,,no,incomplete_pre_citations,2
dp_294_disclosure,i4r_f45e09f5bc283f,control_6a73687a8d2b95,,no,incomplete_pre_citations,2
dp_294_disclosure,i4r_f45e09f5bc283f,control_74d27c06462fac,,no,incomplete_pre_citations,2
dp_294_disclosure,i4r_f45e09f5bc283f,control_7539f5759ebadc,,no,incomplete_pre_citations,2
dp_294_disclosure,i4r_f45e09f5bc283f,control_7721cac291da60,,no,incomplete_pre_citations,2
dp_294_disclosure,i4r_f45e09f5bc283f,control_77412ae1f7eb32,,no,known_assessed_article,2
dp_294_disclosure,i4r_f45e09f5bc283f,control_786d8b113e1fac,,no,nonresearch_publication,2
dp_294_disclosure,i4r_f45e09f5bc283f,control_7d0179d47f62dd,,no,incomplete_pre_citations,2
dp_294_disclosure,i4r_f45e09f5bc283f,control_7e15f08b9de5c9,,no,incomplete_pre_citations,2
dp_294_disclosure,i4r_f45e09f5bc283f,control_7e588c2e797c25,,no,incomplete_pre_citations,2
dp_294_disclosure,i4r_f45e09f5bc283f,control_817f5e77f644c9,,no,incomplete_pre_citations,2
dp_294_disclosure,i4r_f45e09f5bc283f,control_81d0e131c8b434,,no,incomplete_pre_citations,2
dp_294_disclosure,i4r_f45e09f5bc283f,control_825a86cefee96f,,no,incomplete_pre_citations,2
dp_294_disclosure,i4r_f45e09f5bc283f,control_875d7a5ca98889,,no,incomplete_pre_citations,2
dp_294_disclosure,i4r_f45e09f5bc283f,control_885b11d0565518,,no,incomplete_pre_citations,2
dp_294_disclosure,i4r_f45e09f5bc283f,control_8870e55251059f,,no,incomplete_pre_citations,2
dp_294_disclosure,i4r_f45e09f5bc283f,control_894767037ade3d,,no,incomplete_pre_citations,2
dp_294_disclosure,i4r_f45e09f5bc283f,control_8d36b6aecc34d3,,no,incomplete_pre_citations,2
dp_294_disclosure,i4r_f45e09f5bc283f,control_8eb7b07f7ba12a,,no,incomplete_pre_citations,2
dp_294_disclosure,i4r_f45e09f5bc283f,control_90ec35648f2eb1,,no,incomplete_pre_citations,2
dp_294_disclosure,i4r_f45e09f5bc283f,control_93f409eceef69b,,no,nonresearch_publication,2
dp_294_disclosure,i4r_f45e09f5bc283f,control_957475399e25e9,,no,incomplete_pre_citations,2
dp_294_disclosure,i4r_f45e09f5bc283f,control_9584e16e75cc36,,no,incomplete_pre_citations,2
dp_294_disclosure,i4r_f45e09f5bc283f,control_98e1463d0498cb,,no,incomplete_pre_citations,2
dp_294_disclosure,i4r_f45e09f5bc283f,control_9b195488940f5f,,no,incomplete_pre_citations,2
dp_294_disclosure,i4r_f45e09f5bc283f,control_9d215eb2db9899,,no,incomplete_pre_citations,2
dp_294_disclosure,i4r_f45e09f5bc283f,control_9fac923557513e,,no,incomplete_pre_citations,2
dp_294_disclosure,i4r_f45e09f5bc283f,control_9fc235e9b3b1a5,,no,incomplete_pre_citations,2
dp_294_disclosure,i4r_f45e09f5bc283f,control_a238160dcfc06d,,no,nonresearch_publication,2
dp_294_disclosure,i4r_f45e09f5bc283f,control_a3d00c519e219c,,no,incomplete_pre_citations,2
dp_294_disclosure,i4r_f45e09f5bc283f,control_a578b862234ac6,,no,incomplete_pre_citations,2
dp_294_disclosure,i4r_f45e09f5bc283f,control_b069ce670601bd,,no,incomplete_pre_citations,2
dp_294_disclosure,i4r_f45e09f5bc283f,control_b07f0258f543a0,,no,incomplete_pre_citations,2
dp_294_disclosure,i4r_f45e09f5bc283f,control_b23175cb4a2b80,,no,incomplete_pre_citations,2
dp_294_disclosure,i4r_f45e09f5bc283f,control_b39b91bc5b9d9a,,no,incomplete_pre_citations,2
dp_294_disclosure,i4r_f45e09f5bc283f,control_b42bf648dba9ce,,no,incomplete_pre_citations,2
dp_294_disclosure,i4r_f45e09f5bc283f,control_b845b5d05c40ad,,no,incomplete_pre_citations,2
dp_294_disclosure,i4r_f45e09f5bc283f,control_b8a7f9190bed50,,no,incomplete_pre_citations,2
dp_294_disclosure,i4r_f45e09f5bc283f,control_bb31896860af4a,,no,incomplete_pre_citations,2
dp_294_disclosure,i4r_f45e09f5bc283f,control_bbbfd629713d7e,,no,incomplete_pre_citations,2
dp_294_disclosure,i4r_f45e09f5bc283f,control_bcd521e733bdf1,,no,incomplete_pre_citations,2
dp_294_disclosure,i4r_f45e09f5bc283f,control_be55abc26d2dc5,,no,incomplete_pre_citations,2
dp_294_disclosure,i4r_f45e09f5bc283f,control_c2a4a4d6f50f9a,,no,incomplete_pre_citations,2
dp_294_disclosure,i4r_f45e09f5bc283f,control_c583d80c3ddd48,,no,incomplete_pre_citations,2
dp_294_disclosure,i4r_f45e09f5bc283f,control_ca285fd2c3a7d8,,no,incomplete_pre_citations,2
dp_294_disclosure,i4r_f45e09f5bc283f,control_cd6f72f095db6e,,no,incomplete_pre_citations,2
dp_294_disclosure,i4r_f45e09f5bc283f,control_ce6b399b8c56e3,,no,incomplete_pre_citations,2
dp_294_disclosure,i4r_f45e09f5bc283f,control_d1089b4c1398c4,,no,incomplete_pre_citations,2
dp_294_disclosure,i4r_f45e09f5bc283f,control_d17f016a3439ff,,no,incomplete_pre_citations,2
dp_294_disclosure,i4r_f45e09f5bc283f,control_d2d067e964a55e,,no,incomplete_pre_citations,2
dp_294_disclosure,i4r_f45e09f5bc283f,control_d43edc1bc39794,,no,nonresearch_publication,2
dp_294_disclosure,i4r_f45e09f5bc283f,control_d54f1ad5197d61,,no,nonresearch_publication,2
dp_294_disclosure,i4r_f45e09f5bc283f,control_d6892353661590,,no,incomplete_pre_citations,2
dp_294_disclosure,i4r_f45e09f5bc283f,control_d75c56cb4cef64,,no,incomplete_pre_citations,2
dp_294_disclosure,i4r_f45e09f5bc283f,control_d8c6e9dcc161cd,,no,incomplete_pre_citations,2
dp_294_disclosure,i4r_f45e09f5bc283f,control_da8c9af930cf03,,no,incomplete_pre_citations,2
dp_294_disclosure,i4r_f45e09f5bc283f,control_db42adc559095e,,no,incomplete_pre_citations,2
dp_294_disclosure,i4r_f45e09f5bc283f,control_db5b3621d15776,,no,incomplete_pre_citations,2
dp_294_disclosure,i4r_f45e09f5bc283f,control_dc3eaee6c105c9,,no,incomplete_pre_citations,2
dp_294_disclosure,i4r_f45e09f5bc283f,control_df0e2ba083b63d,,no,incomplete_pre_citations,2
dp_294_disclosure,i4r_f45e09f5bc283f,control_df2114fc9e66a0,,no,incomplete_pre_citations,2
dp_294_disclosure,i4r_f45e09f5bc283f,control_e057d0f0eb742c,,no,incomplete_pre_citations,2
dp_294_disclosure,i4r_f45e09f5bc283f,control_e1d4bf74741392,,no,incomplete_pre_citations,2
dp_294_disclosure,i4r_f45e09f5bc283f,control_e4f0be29f3280f,,no,incomplete_pre_citations,2
dp_294_disclosure,i4r_f45e09f5bc283f,control_e54ea07230a892,,no,incomplete_pre_citations,2
dp_294_disclosure,i4r_f45e09f5bc283f,control_e58f36bc4351dc,,no,incomplete_pre_citations,2
dp_294_disclosure,i4r_f45e09f5bc283f,control_e72d8c58bb582b,,no,incomplete_pre_citations,2
dp_294_disclosure,i4r_f45e09f5bc283f,control_edc52f602da559,,no,incomplete_pre_citations,2
dp_294_disclosure,i4r_f45e09f5bc283f,control_ef6f010209753b,,no,incomplete_pre_citations,2
dp_294_disclosure,i4r_f45e09f5bc283f,control_f00dd22dbe72cb,,no,incomplete_pre_citations,2
dp_294_disclosure,i4r_f45e09f5bc283f,control_f16209d67eb74f,,no,incomplete_pre_citations,2
dp_294_disclosure,i4r_f45e09f5bc283f,control_f33414d93e4839,,no,incomplete_pre_citations,2
dp_294_disclosure,i4r_f45e09f5bc283f,control_f4690cc655221a,,no,incomplete_pre_citations,2
dp_294_disclosure,i4r_f45e09f5bc283f,control_f6ad3eb34b4c48,,no,incomplete_pre_citations,2
dp_294_disclosure,i4r_f45e09f5bc283f,control_f6ee8888225db3,,no,incomplete_pre_citations,2
dp_294_disclosure,i4r_f45e09f5bc283f,control_fc16503aea626d,,no,incomplete_pre_citations,2
dp_294_disclosure,i4r_f45e09f5bc283f,control_fea09e92bdf541,,no,incomplete_pre_citations,2
dp_294_disclosure,i4r_f45e09f5bc283f,control_feecdfebdf5d5f,,no,incomplete_pre_citations,2
dp_021_disclosure,i4r_ece0397b04bfa9,control_0368d048cb3743,,no,nonresearch_publication,2
dp_021_disclosure,i4r_ece0397b04bfa9,control_146618886f71c7,,no,insufficient_article_age,2
dp_021_disclosure,i4r_ece0397b04bfa9,control_15a20aa744c4ce,,no,insufficient_article_age,2
dp_021_disclosure,i4r_ece0397b04bfa9,control_241b1b2acc9585,,no,nonresearch_publication,2
dp_021_disclosure,i4r_ece0397b04bfa9,control_2c7e191fea1589,,no,insufficient_article_age,2
dp_021_disclosure,i4r_ece0397b04bfa9,control_3eda996abe40d5,,no,insufficient_article_age,2
dp_021_disclosure,i4r_ece0397b04bfa9,control_4091164a22b963,,no,insufficient_article_age,2
dp_021_disclosure,i4r_ece0397b04bfa9,control_421355a5023258,,no,insufficient_article_age,2
dp_021_disclosure,i4r_ece0397b04bfa9,control_437902c0770fec,,no,insufficient_article_age,2
dp_021_disclosure,i4r_ece0397b04bfa9,control_46f1536b9ab229,,no,insufficient_article_age,2
dp_021_disclosure,i4r_ece0397b04bfa9,control_49d4cf395c88d7,,no,insufficient_article_age,2
dp_021_disclosure,i4r_ece0397b04bfa9,control_518dda0be57994,,no,insufficient_article_age,2
dp_021_disclosure,i4r_ece0397b04bfa9,control_671098be124051,,no,incomplete_pre_citations,2
dp_021_disclosure,i4r_ece0397b04bfa9,control_67aec1fede4410,,no,incomplete_pre_citations,2
dp_021_disclosure,i4r_ece0397b04bfa9,control_67dbb9268ce739,,no,incomplete_pre_citations,2
dp_021_disclosure,i4r_ece0397b04bfa9,control_68580f1a292e85,,no,incomplete_pre_citations,2
dp_021_disclosure,i4r_ece0397b04bfa9,control_6a11f9a0a2b256,,no,incomplete_pre_citations,2
dp_021_disclosure,i4r_ece0397b04bfa9,control_6a65accb819edb,,no,incomplete_pre_citations,2
dp_021_disclosure,i4r_ece0397b04bfa9,control_6a673e1a70b6be,,no,incomplete_pre_citations,2
dp_021_disclosure,i4r_ece0397b04bfa9,control_6aa5877e98398e,,no,incomplete_pre_citations,2
dp_021_disclosure,i4r_ece0397b04bfa9,control_6b04686a59b6ed,,no,incomplete_pre_citations,2
dp_021_disclosure,i4r_ece0397b04bfa9,control_6befa48dd9e0f1,,no,incomplete_pre_citations,2
dp_021_disclosure,i4r_ece0397b04bfa9,control_6c2a5830b7a2a2,,no,incomplete_pre_citations,2
dp_021_disclosure,i4r_ece0397b04bfa9,control_6cdc6f66c7dd3f,,no,incomplete_pre_citations,2
dp_021_disclosure,i4r_ece0397b04bfa9,control_6e059a541e618c,,no,incomplete_pre_citations,2
dp_021_disclosure,i4r_ece0397b04bfa9,control_6f1c859a9f3574,,no,incomplete_pre_citations,2
dp_021_disclosure,i4r_ece0397b04bfa9,control_6f6d2bcc308c4f,,no,insufficient_article_age,2
dp_021_disclosure,i4r_ece0397b04bfa9,control_6fe97f465f0bfe,,no,incomplete_pre_citations,2
dp_021_disclosure,i4r_ece0397b04bfa9,control_718e6258ebbf57,,no,incomplete_pre_citations,2
dp_021_disclosure,i4r_ece0397b04bfa9,control_71a5877f8f17e2,,no,incomplete_pre_citations,2
dp_021_disclosure,i4r_ece0397b04bfa9,control_7320abbe24b0d1,,no,incomplete_pre_citations,2
dp_021_disclosure,i4r_ece0397b04bfa9,control_745d98204548f4,,no,incomplete_pre_citations,2
dp_021_disclosure,i4r_ece0397b04bfa9,control_74830d9977e9ee,,no,incomplete_pre_citations,2
dp_021_disclosure,i4r_ece0397b04bfa9,control_7545bb5f3508ad,,no,incomplete_pre_citations,2
dp_021_disclosure,i4r_ece0397b04bfa9,control_756b6db7e57bd7,,no,incomplete_pre_citations,2
dp_021_disclosure,i4r_ece0397b04bfa9,control_7596f97e9bbe2d,,no,incomplete_pre_citations,2
dp_021_disclosure,i4r_ece0397b04bfa9,control_767c1c62e87a8b,,no,incomplete_pre_citations,2
dp_021_disclosure,i4r_ece0397b04bfa9,control_76fdbd1473c089,,no,incomplete_pre_citations,2
dp_021_disclosure,i4r_ece0397b04bfa9,control_77d320edac36c0,,no,insufficient_article_age,2
dp_021_disclosure,i4r_ece0397b04bfa9,control_78c9bd2cec45a5,,no,incomplete_pre_citations,2
dp_021_disclosure,i4r_ece0397b04bfa9,control_78db8500a0d19a,,no,insufficient_article_age,2
dp_021_disclosure,i4r_ece0397b04bfa9,control_7a4855cca0fc0f,,no,insufficient_article_age,2
dp_021_disclosure,i4r_ece0397b04bfa9,control_7cbd16adb9545d,,no,incomplete_pre_citations,2
dp_021_disclosure,i4r_ece0397b04bfa9,control_7d2bcf531e2b4a,,no,insufficient_article_age,2
dp_021_disclosure,i4r_ece0397b04bfa9,control_7f238b1f526230,,no,incomplete_pre_citations,2
dp_021_disclosure,i4r_ece0397b04bfa9,control_81551046a74193,,no,incomplete_pre_citations,2
dp_021_disclosure,i4r_ece0397b04bfa9,control_81ed027ef62e01,,no,nonresearch_publication,2
dp_021_disclosure,i4r_ece0397b04bfa9,control_82a9f7e580cc2f,,no,incomplete_pre_citations,2
dp_021_disclosure,i4r_ece0397b04bfa9,control_8660727f00a179,,no,nonresearch_publication,2
dp_021_disclosure,i4r_ece0397b04bfa9,control_87a0de9b6c14bd,,no,incomplete_pre_citations,2
dp_021_disclosure,i4r_ece0397b04bfa9,control_887457f057220c,,no,incomplete_pre_citations,2
dp_021_disclosure,i4r_ece0397b04bfa9,control_89fd54dc9e0b13,,no,incomplete_pre_citations,2
dp_021_disclosure,i4r_ece0397b04bfa9,control_8a3dae8616974f,,no,incomplete_pre_citations,2
dp_021_disclosure,i4r_ece0397b04bfa9,control_8b5293e1ff0e81,,no,incomplete_pre_citations,2
dp_021_disclosure,i4r_ece0397b04bfa9,control_8be27ffedef4b5,,no,incomplete_pre_citations,2
dp_021_disclosure,i4r_ece0397b04bfa9,control_8cb0087229f95e,,no,incomplete_pre_citations,2
dp_021_disclosure,i4r_ece0397b04bfa9,control_8e779c290646f0,,no,incomplete_pre_citations,2
dp_021_disclosure,i4r_ece0397b04bfa9,control_8ed7f2dd1c7970,,no,incomplete_pre_citations,2
dp_021_disclosure,i4r_ece0397b04bfa9,control_8f986412bb9c0f,,no,incomplete_pre_citations,2
dp_021_disclosure,i4r_ece0397b04bfa9,control_8fa514a7bb03b1,,no,incomplete_pre_citations,2
dp_021_disclosure,i4r_ece0397b04bfa9,control_910519b07572c9,,no,incomplete_pre_citations,2
dp_021_disclosure,i4r_ece0397b04bfa9,control_9149d00ddbf450,,no,insufficient_article_age,2
dp_021_disclosure,i4r_ece0397b04bfa9,control_915c5c5d32b9cd,,no,incomplete_pre_citations,2
dp_021_disclosure,i4r_ece0397b04bfa9,control_92c432f034b627,,no,incomplete_pre_citations,2
dp_021_disclosure,i4r_ece0397b04bfa9,control_94163ec39965a4,,no,insufficient_article_age,2
dp_021_disclosure,i4r_ece0397b04bfa9,control_96174ef72dcd83,,no,incomplete_pre_citations,2
dp_021_disclosure,i4r_ece0397b04bfa9,control_9688c6466838b2,,no,incomplete_pre_citations,2
dp_021_disclosure,i4r_ece0397b04bfa9,control_96c96c95d8a18b,,no,insufficient_article_age,2
dp_021_disclosure,i4r_ece0397b04bfa9,control_9700fc1b5cb16e,,no,insufficient_article_age,2
dp_021_disclosure,i4r_ece0397b04bfa9,control_98315989205759,,no,incomplete_pre_citations,2
dp_021_disclosure,i4r_ece0397b04bfa9,control_983f763647bf0d,,no,incomplete_pre_citations,2
dp_021_disclosure,i4r_ece0397b04bfa9,control_9867a973df8e5b,,no,incomplete_pre_citations,2
dp_021_disclosure,i4r_ece0397b04bfa9,control_99ca3cd828197c,,no,incomplete_pre_citations,2
dp_021_disclosure,i4r_ece0397b04bfa9,control_9b273cc1386abe,,no,incomplete_pre_citations,2
dp_021_disclosure,i4r_ece0397b04bfa9,control_9cde794c82ae83,,no,incomplete_pre_citations,2
dp_021_disclosure,i4r_ece0397b04bfa9,control_9f5df3c0137974,,no,incomplete_pre_citations,2
dp_021_disclosure,i4r_ece0397b04bfa9,control_9f62719ff84440,,no,incomplete_pre_citations,2
dp_021_disclosure,i4r_ece0397b04bfa9,control_a017a538704bf9,,no,incomplete_pre_citations,2
dp_021_disclosure,i4r_ece0397b04bfa9,control_a2397a15e1de58,,no,incomplete_pre_citations,2
dp_021_disclosure,i4r_ece0397b04bfa9,control_a3043184785807,,no,incomplete_pre_citations,2
dp_021_disclosure,i4r_ece0397b04bfa9,control_a55abf6fb357fe,,no,incomplete_pre_citations,2
dp_021_disclosure,i4r_ece0397b04bfa9,control_a5b8097213f200,,no,incomplete_pre_citations,2
dp_021_disclosure,i4r_ece0397b04bfa9,control_a5ed6ecdc75313,,no,incomplete_pre_citations,2
dp_021_disclosure,i4r_ece0397b04bfa9,control_a5ee4823cca80c,,no,incomplete_pre_citations,2
dp_021_disclosure,i4r_ece0397b04bfa9,control_a67782974bc988,,no,incomplete_pre_citations,2
dp_021_disclosure,i4r_ece0397b04bfa9,control_a732f986451f68,,no,incomplete_pre_citations,2
dp_021_disclosure,i4r_ece0397b04bfa9,control_a77701761c137c,,no,insufficient_article_age,2
dp_021_disclosure,i4r_ece0397b04bfa9,control_a7f1e299aaaea5,,no,incomplete_pre_citations,2
dp_021_disclosure,i4r_ece0397b04bfa9,control_a7f83625e7317b,,no,incomplete_pre_citations,2
dp_021_disclosure,i4r_ece0397b04bfa9,control_a7fe7e38c53cae,,no,incomplete_pre_citations,2
dp_021_disclosure,i4r_ece0397b04bfa9,control_a8c2d2a3dfda2f,,no,incomplete_pre_citations,2
dp_021_disclosure,i4r_ece0397b04bfa9,control_ab8ebe53e22456,,no,incomplete_pre_citations,2
dp_021_disclosure,i4r_ece0397b04bfa9,control_abbd7edc4de714,,no,incomplete_pre_citations,2
dp_021_disclosure,i4r_ece0397b04bfa9,control_abe0fd1bbda9e8,,no,incomplete_pre_citations,2
dp_021_disclosure,i4r_ece0397b04bfa9,control_ac13c2ab2e2404,,no,incomplete_pre_citations,2
dp_021_disclosure,i4r_ece0397b04bfa9,control_acb176bf149384,,no,incomplete_pre_citations,2
dp_021_disclosure,i4r_ece0397b04bfa9,control_adfd12dda37307,,no,incomplete_pre_citations,2
dp_021_disclosure,i4r_ece0397b04bfa9,control_aef57a55a116a8,,no,incomplete_pre_citations,2
dp_021_disclosure,i4r_ece0397b04bfa9,control_af5b6baf19b0ad,,no,incomplete_pre_citations,2
dp_021_disclosure,i4r_ece0397b04bfa9,control_af601378dc8e54,,no,incomplete_pre_citations,2
dp_021_disclosure,i4r_ece0397b04bfa9,control_af8adc394991df,,no,incomplete_pre_citations,2
dp_021_disclosure,i4r_ece0397b04bfa9,control_b1a64f6ffb7579,,no,insufficient_article_age,2
dp_021_disclosure,i4r_ece0397b04bfa9,control_b295724082d458,,no,incomplete_pre_citations,2
dp_021_disclosure,i4r_ece0397b04bfa9,control_b2a723b2c57a38,,no,incomplete_pre_citations,2
dp_021_disclosure,i4r_ece0397b04bfa9,control_b35f1087f81cb1,,no,incomplete_pre_citations,2
dp_021_disclosure,i4r_ece0397b04bfa9,control_b56ba210c8e222,,no,incomplete_pre_citations,2
dp_021_disclosure,i4r_ece0397b04bfa9,control_b73837a7f97769,,no,insufficient_article_age,2
dp_021_disclosure,i4r_ece0397b04bfa9,control_b751b58e9be0b0,,no,incomplete_pre_citations,2
dp_021_disclosure,i4r_ece0397b04bfa9,control_b8ea9634a6207f,,no,insufficient_article_age,2
dp_021_disclosure,i4r_ece0397b04bfa9,control_b8ebac6154a9b8,,no,incomplete_pre_citations,2
dp_021_disclosure,i4r_ece0397b04bfa9,control_b926b50eac8ca3,,no,incomplete_pre_citations,2
dp_021_disclosure,i4r_ece0397b04bfa9,control_b9df96027839f7,,no,incomplete_pre_citations,2
dp_021_disclosure,i4r_ece0397b04bfa9,control_bb5cb67c11bd87,,no,incomplete_pre_citations,2
dp_021_disclosure,i4r_ece0397b04bfa9,control_bb66faa6389ba2,,no,incomplete_pre_citations,2
dp_021_disclosure,i4r_ece0397b04bfa9,control_bb6edf001a9b59,,no,incomplete_pre_citations,2
dp_021_disclosure,i4r_ece0397b04bfa9,control_bbdf7f6419c9e9,,no,incomplete_pre_citations,2
dp_021_disclosure,i4r_ece0397b04bfa9,control_bcee4bdcdf22ad,,no,incomplete_pre_citations,2
dp_021_disclosure,i4r_ece0397b04bfa9,control_bdbd1103746061,,no,incomplete_pre_citations,2
dp_021_disclosure,i4r_ece0397b04bfa9,control_be36b739b02da7,,no,incomplete_pre_citations,2
dp_021_disclosure,i4r_ece0397b04bfa9,control_be886172d05803,,no,incomplete_pre_citations,2
dp_021_disclosure,i4r_ece0397b04bfa9,control_c08d6d2f00543d,,no,incomplete_pre_citations,2
dp_021_disclosure,i4r_ece0397b04bfa9,control_c320f96b88de66,,no,incomplete_pre_citations,2
dp_021_disclosure,i4r_ece0397b04bfa9,control_c33e572315049a,,no,incomplete_pre_citations,2
dp_021_disclosure,i4r_ece0397b04bfa9,control_c416675044b039,,no,incomplete_pre_citations,2
dp_021_disclosure,i4r_ece0397b04bfa9,control_c4c15aa6b473a2,,no,incomplete_pre_citations,2
dp_021_disclosure,i4r_ece0397b04bfa9,control_c6980fe14663fa,,no,incomplete_pre_citations,2
dp_021_disclosure,i4r_ece0397b04bfa9,control_c80b789d1ae8ad,,no,incomplete_pre_citations,2
dp_021_disclosure,i4r_ece0397b04bfa9,control_c95a3782f32aa2,,no,incomplete_pre_citations,2
dp_021_disclosure,i4r_ece0397b04bfa9,control_cb19ec6bc847bb,,no,incomplete_pre_citations,2
dp_021_disclosure,i4r_ece0397b04bfa9,control_cc51880013f900,,no,incomplete_pre_citations,2
dp_021_disclosure,i4r_ece0397b04bfa9,control_cca7cc73d77dc0,,no,insufficient_article_age,2
dp_021_disclosure,i4r_ece0397b04bfa9,control_ce34c33002d3c2,,no,incomplete_pre_citations,2
dp_021_disclosure,i4r_ece0397b04bfa9,control_cf72db8ad41c3a,,no,incomplete_pre_citations,2
dp_021_disclosure,i4r_ece0397b04bfa9,control_d05ca367f7020d,,no,incomplete_pre_citations,2
dp_021_disclosure,i4r_ece0397b04bfa9,control_d3e93e5bd8d371,,no,incomplete_pre_citations,2
dp_021_disclosure,i4r_ece0397b04bfa9,control_d46bd82ef0101a,,no,incomplete_pre_citations,2
dp_021_disclosure,i4r_ece0397b04bfa9,control_d4953551bd43c7,,no,insufficient_article_age,2
dp_021_disclosure,i4r_ece0397b04bfa9,control_d70a4c2f389f5f,,no,incomplete_pre_citations,2
dp_021_disclosure,i4r_ece0397b04bfa9,control_d75508cfe6f86f,,no,incomplete_pre_citations,2
dp_021_disclosure,i4r_ece0397b04bfa9,control_dac769cd6f4c1b,,no,incomplete_pre_citations,2
dp_021_disclosure,i4r_ece0397b04bfa9,control_dac9bce81dc083,,no,incomplete_pre_citations,2
dp_021_disclosure,i4r_ece0397b04bfa9,control_dd26dbea3d71b6,,no,incomplete_pre_citations,2
dp_021_disclosure,i4r_ece0397b04bfa9,control_dd6b0ef324a475,,no,incomplete_pre_citations,2
dp_021_disclosure,i4r_ece0397b04bfa9,control_dd87001aeea060,,no,incomplete_pre_citations,2
dp_021_disclosure,i4r_ece0397b04bfa9,control_dd873a1937af3d,,no,incomplete_pre_citations,2
dp_021_disclosure,i4r_ece0397b04bfa9,control_dfff93351aa471,,no,incomplete_pre_citations,2
dp_021_disclosure,i4r_ece0397b04bfa9,control_e0817a5a4a549a,,no,incomplete_pre_citations,2
dp_021_disclosure,i4r_ece0397b04bfa9,control_e1506b283300f1,,no,incomplete_pre_citations,2
dp_021_disclosure,i4r_ece0397b04bfa9,control_e182c51a8999d8,,no,incomplete_pre_citations,2
dp_021_disclosure,i4r_ece0397b04bfa9,control_e28bb3ae58d98b,,no,incomplete_pre_citations,2
dp_021_disclosure,i4r_ece0397b04bfa9,control_e2afdffc7a792e,,no,insufficient_article_age,2
dp_021_disclosure,i4r_ece0397b04bfa9,control_e2da23a091db0b,,no,incomplete_pre_citations,2
dp_021_disclosure,i4r_ece0397b04bfa9,control_e36fde706d4d12,,no,incomplete_pre_citations,2
dp_021_disclosure,i4r_ece0397b04bfa9,control_e380cb541949f8,,no,incomplete_pre_citations,2
dp_021_disclosure,i4r_ece0397b04bfa9,control_e4c12a585cb604,,no,insufficient_article_age,2
dp_021_disclosure,i4r_ece0397b04bfa9,control_e505093d607c73,,no,incomplete_pre_citations,2
dp_021_disclosure,i4r_ece0397b04bfa9,control_e513c8b08afe65,,no,incomplete_pre_citations,2
dp_021_disclosure,i4r_ece0397b04bfa9,control_e5b7f25ca9b0be,,no,incomplete_pre_citations,2
dp_021_disclosure,i4r_ece0397b04bfa9,control_e5d1bf442b2612,,no,incomplete_pre_citations,2
dp_021_disclosure,i4r_ece0397b04bfa9,control_e6c183f1ecc2ad,,no,incomplete_pre_citations,2
dp_021_disclosure,i4r_ece0397b04bfa9,control_e8b01dd745dc63,,no,insufficient_article_age,2
dp_021_disclosure,i4r_ece0397b04bfa9,control_e93ea18956d7e8,,no,incomplete_pre_citations,2
dp_021_disclosure,i4r_ece0397b04bfa9,control_e9bb87cb77b69e,,no,incomplete_pre_citations,2
dp_021_disclosure,i4r_ece0397b04bfa9,control_ebb74ab9756dff,,no,incomplete_pre_citations,2
dp_021_disclosure,i4r_ece0397b04bfa9,control_ebecf10e9e5ce6,,no,insufficient_article_age,2
dp_021_disclosure,i4r_ece0397b04bfa9,control_ec2055915a7f66,,no,incomplete_pre_citations,2
dp_021_disclosure,i4r_ece0397b04bfa9,control_ecd4536522c81d,,no,incomplete_pre_citations,2
dp_021_disclosure,i4r_ece0397b04bfa9,control_ed70706cedc6bf,,no,incomplete_pre_citations,2
dp_021_disclosure,i4r_ece0397b04bfa9,control_eef212145ce845,,no,incomplete_pre_citations,2
dp_021_disclosure,i4r_ece0397b04bfa9,control_ef1835d75fa5a9,,no,insufficient_article_age,2
dp_021_disclosure,i4r_ece0397b04bfa9,control_ef1b142518c867,,no,incomplete_pre_citations,2
dp_021_disclosure,i4r_ece0397b04bfa9,control_ef7be165fa6130,,no,incomplete_pre_citations,2
dp_021_disclosure,i4r_ece0397b04bfa9,control_efd1547257966c,,no,incomplete_pre_citations,2
dp_021_disclosure,i4r_ece0397b04bfa9,control_efdbe139288250,,no,incomplete_pre_citations,2
dp_021_disclosure,i4r_ece0397b04bfa9,control_f0f6ca3d316604,,no,incomplete_pre_citations,2
dp_021_disclosure,i4r_ece0397b04bfa9,control_f2005e2a5a7047,,no,incomplete_pre_citations,2
dp_021_disclosure,i4r_ece0397b04bfa9,control_f2224a4d251175,,no,incomplete_pre_citations,2
dp_021_disclosure,i4r_ece0397b04bfa9,control_f381a900786ba1,,no,incomplete_pre_citations,2
dp_021_disclosure,i4r_ece0397b04bfa9,control_f55df263c311e1,,no,incomplete_pre_citations,2
dp_021_disclosure,i4r_ece0397b04bfa9,control_f586d82077f98e,,no,incomplete_pre_citations,2
dp_021_disclosure,i4r_ece0397b04bfa9,control_f5a8ff03359f90,,no,incomplete_pre_citations,2
dp_021_disclosure,i4r_ece0397b04bfa9,control_f60c4da0c3e9c7,,no,incomplete_pre_citations,2
dp_021_disclosure,i4r_ece0397b04bfa9,control_f648919f397250,,no,incomplete_pre_citations,2
dp_021_disclosure,i4r_ece0397b04bfa9,control_f6852c48d558e9,,no,insufficient_article_age,2
dp_021_disclosure,i4r_ece0397b04bfa9,control_f96edcfa49fa5e,,no,incomplete_pre_citations,2
dp_021_disclosure,i4r_ece0397b04bfa9,control_fa1a96b28da8c7,,no,insufficient_article_age,2
dp_021_disclosure,i4r_ece0397b04bfa9,control_fa1f357ebff814,,no,incomplete_pre_citations,2
dp_021_disclosure,i4r_ece0397b04bfa9,control_fa54a570b24a13,,no,incomplete_pre_citations,2
dp_021_disclosure,i4r_ece0397b04bfa9,control_fa5ddc177dd855,,no,incomplete_pre_citations,2
dp_021_disclosure,i4r_ece0397b04bfa9,control_fab080dc6c9813,,no,incomplete_pre_citations,2
dp_021_disclosure,i4r_ece0397b04bfa9,control_fac38bd8248529,,no,incomplete_pre_citations,2
dp_021_disclosure,i4r_ece0397b04bfa9,control_fba40e77a51825,,no,incomplete_pre_citations,2
dp_021_disclosure,i4r_ece0397b04bfa9,control_fbbe88d5446385,,no,incomplete_pre_citations,2
dp_021_disclosure,i4r_ece0397b04bfa9,control_fc67d4843c9e05,,no,incomplete_pre_citations,2
dp_021_disclosure,i4r_ece0397b04bfa9,control_ff966ce102bafe,,no,insufficient_article_age,2
dp_294_disclosure,i4r_f45e09f5bc283f,control_0694bc2c26b688,,no,nonresearch_publication,3
dp_294_disclosure,i4r_f45e09f5bc283f,control_11e6f278340d63,,no,incomplete_pre_citations,3
dp_294_disclosure,i4r_f45e09f5bc283f,control_2f88b27addb1d5,,no,known_assessed_article,3
dp_294_disclosure,i4r_f45e09f5bc283f,control_317e2132297184,,no,nonresearch_publication,3
dp_294_disclosure,i4r_f45e09f5bc283f,control_46bd2193686633,,no,known_assessed_article,3
dp_294_disclosure,i4r_f45e09f5bc283f,control_49bf3286f08348,,no,nonresearch_publication,3
dp_294_disclosure,i4r_f45e09f5bc283f,control_66e542962a1dc6,,no,incomplete_pre_citations,3
dp_294_disclosure,i4r_f45e09f5bc283f,control_691cf233358c4c,,no,incomplete_pre_citations,3
dp_294_disclosure,i4r_f45e09f5bc283f,control_6a73687a8d2b95,,no,incomplete_pre_citations,3
dp_294_disclosure,i4r_f45e09f5bc283f,control_74d27c06462fac,,no,incomplete_pre_citations,3
dp_294_disclosure,i4r_f45e09f5bc283f,control_7539f5759ebadc,,no,incomplete_pre_citations,3
dp_294_disclosure,i4r_f45e09f5bc283f,control_7721cac291da60,,no,incomplete_pre_citations,3
dp_294_disclosure,i4r_f45e09f5bc283f,control_77412ae1f7eb32,,no,known_assessed_article,3
dp_294_disclosure,i4r_f45e09f5bc283f,control_786d8b113e1fac,,no,nonresearch_publication,3
dp_294_disclosure,i4r_f45e09f5bc283f,control_7d0179d47f62dd,,no,incomplete_pre_citations,3
dp_294_disclosure,i4r_f45e09f5bc283f,control_7e15f08b9de5c9,,no,incomplete_pre_citations,3
dp_294_disclosure,i4r_f45e09f5bc283f,control_7e588c2e797c25,,no,incomplete_pre_citations,3
dp_294_disclosure,i4r_f45e09f5bc283f,control_817f5e77f644c9,,no,incomplete_pre_citations,3
dp_294_disclosure,i4r_f45e09f5bc283f,control_81d0e131c8b434,,no,incomplete_pre_citations,3
dp_294_disclosure,i4r_f45e09f5bc283f,control_825a86cefee96f,,no,incomplete_pre_citations,3
dp_294_disclosure,i4r_f45e09f5bc283f,control_875d7a5ca98889,,no,incomplete_pre_citations,3
dp_294_disclosure,i4r_f45e09f5bc283f,control_885b11d0565518,,no,incomplete_pre_citations,3
dp_294_disclosure,i4r_f45e09f5bc283f,control_8870e55251059f,,no,incomplete_pre_citations,3
dp_294_disclosure,i4r_f45e09f5bc283f,control_894767037ade3d,,no,incomplete_pre_citations,3
dp_294_disclosure,i4r_f45e09f5bc283f,control_8d36b6aecc34d3,,no,incomplete_pre_citations,3
dp_294_disclosure,i4r_f45e09f5bc283f,control_8eb7b07f7ba12a,,no,incomplete_pre_citations,3
dp_294_disclosure,i4r_f45e09f5bc283f,control_90ec35648f2eb1,,no,incomplete_pre_citations,3
dp_294_disclosure,i4r_f45e09f5bc283f,control_93f409eceef69b,,no,nonresearch_publication,3
dp_294_disclosure,i4r_f45e09f5bc283f,control_957475399e25e9,,no,incomplete_pre_citations,3
dp_294_disclosure,i4r_f45e09f5bc283f,control_9584e16e75cc36,,no,incomplete_pre_citations,3
dp_294_disclosure,i4r_f45e09f5bc283f,control_98e1463d0498cb,,no,incomplete_pre_citations,3
dp_294_disclosure,i4r_f45e09f5bc283f,control_9b195488940f5f,,no,incomplete_pre_citations,3
dp_294_disclosure,i4r_f45e09f5bc283f,control_9d215eb2db9899,,no,incomplete_pre_citations,3
dp_294_disclosure,i4r_f45e09f5bc283f,control_9fac923557513e,,no,incomplete_pre_citations,3
dp_294_disclosure,i4r_f45e09f5bc283f,control_9fc235e9b3b1a5,,no,incomplete_pre_citations,3
dp_294_disclosure,i4r_f45e09f5bc283f,control_a238160dcfc06d,,no,nonresearch_publication,3
dp_294_disclosure,i4r_f45e09f5bc283f,control_a3d00c519e219c,,no,incomplete_pre_citations,3
dp_294_disclosure,i4r_f45e09f5bc283f,control_a578b862234ac6,,no,incomplete_pre_citations,3
dp_294_disclosure,i4r_f45e09f5bc283f,control_b069ce670601bd,,no,incomplete_pre_citations,3
dp_294_disclosure,i4r_f45e09f5bc283f,control_b07f0258f543a0,,no,incomplete_pre_citations,3
dp_294_disclosure,i4r_f45e09f5bc283f,control_b23175cb4a2b80,,no,incomplete_pre_citations,3
dp_294_disclosure,i4r_f45e09f5bc283f,control_b39b91bc5b9d9a,,no,incomplete_pre_citations,3
dp_294_disclosure,i4r_f45e09f5bc283f,control_b42bf648dba9ce,,no,incomplete_pre_citations,3
dp_294_disclosure,i4r_f45e09f5bc283f,control_b845b5d05c40ad,,no,incomplete_pre_citations,3
dp_294_disclosure,i4r_f45e09f5bc283f,control_b8a7f9190bed50,,no,incomplete_pre_citations,3
dp_294_disclosure,i4r_f45e09f5bc283f,control_bb31896860af4a,,no,incomplete_pre_citations,3
dp_294_disclosure,i4r_f45e09f5bc283f,control_bbbfd629713d7e,,no,incomplete_pre_citations,3
dp_294_disclosure,i4r_f45e09f5bc283f,control_bcd521e733bdf1,,no,incomplete_pre_citations,3
dp_294_disclosure,i4r_f45e09f5bc283f,control_be55abc26d2dc5,,no,incomplete_pre_citations,3
dp_294_disclosure,i4r_f45e09f5bc283f,control_c2a4a4d6f50f9a,,no,incomplete_pre_citations,3
dp_294_disclosure,i4r_f45e09f5bc283f,control_c583d80c3ddd48,,no,incomplete_pre_citations,3
dp_294_disclosure,i4r_f45e09f5bc283f,control_ca285fd2c3a7d8,,no,incomplete_pre_citations,3
dp_294_disclosure,i4r_f45e09f5bc283f,control_cd6f72f095db6e,,no,incomplete_pre_citations,3
dp_294_disclosure,i4r_f45e09f5bc283f,control_ce6b399b8c56e3,,no,incomplete_pre_citations,3
dp_294_disclosure,i4r_f45e09f5bc283f,control_d1089b4c1398c4,,no,incomplete_pre_citations,3
dp_294_disclosure,i4r_f45e09f5bc283f,control_d17f016a3439ff,,no,incomplete_pre_citations,3
dp_294_disclosure,i4r_f45e09f5bc283f,control_d2d067e964a55e,,no,incomplete_pre_citations,3
dp_294_disclosure,i4r_f45e09f5bc283f,control_d43edc1bc39794,,no,nonresearch_publication,3
dp_294_disclosure,i4r_f45e09f5bc283f,control_d54f1ad5197d61,,no,nonresearch_publication,3
dp_294_disclosure,i4r_f45e09f5bc283f,control_d6892353661590,,no,incomplete_pre_citations,3
dp_294_disclosure,i4r_f45e09f5bc283f,control_d75c56cb4cef64,,no,incomplete_pre_citations,3
dp_294_disclosure,i4r_f45e09f5bc283f,control_d8c6e9dcc161cd,,no,incomplete_pre_citations,3
dp_294_disclosure,i4r_f45e09f5bc283f,control_da8c9af930cf03,,no,incomplete_pre_citations,3
dp_294_disclosure,i4r_f45e09f5bc283f,control_db42adc559095e,,no,incomplete_pre_citations,3
dp_294_disclosure,i4r_f45e09f5bc283f,control_db5b3621d15776,,no,incomplete_pre_citations,3
dp_294_disclosure,i4r_f45e09f5bc283f,control_dc3eaee6c105c9,,no,incomplete_pre_citations,3
dp_294_disclosure,i4r_f45e09f5bc283f,control_df0e2ba083b63d,,no,incomplete_pre_citations,3
dp_294_disclosure,i4r_f45e09f5bc283f,control_df2114fc9e66a0,,no,incomplete_pre_citations,3
dp_294_disclosure,i4r_f45e09f5bc283f,control_e057d0f0eb742c,,no,incomplete_pre_citations,3
dp_294_disclosure,i4r_f45e09f5bc283f,control_e1d4bf74741392,,no,incomplete_pre_citations,3
dp_294_disclosure,i4r_f45e09f5bc283f,control_e4f0be29f3280f,,no,incomplete_pre_citations,3
dp_294_disclosure,i4r_f45e09f5bc283f,control_e54ea07230a892,,no,incomplete_pre_citations,3
dp_294_disclosure,i4r_f45e09f5bc283f,control_e58f36bc4351dc,,no,incomplete_pre_citations,3
dp_294_disclosure,i4r_f45e09f5bc283f,control_e72d8c58bb582b,,no,incomplete_pre_citations,3
dp_294_disclosure,i4r_f45e09f5bc283f,control_edc52f602da559,,no,incomplete_pre_citations,3
dp_294_disclosure,i4r_f45e09f5bc283f,control_ef6f010209753b,,no,incomplete_pre_citations,3
dp_294_disclosure,i4r_f45e09f5bc283f,control_f00dd22dbe72cb,,no,incomplete_pre_citations,3
dp_294_disclosure,i4r_f45e09f5bc283f,control_f16209d67eb74f,,no,incomplete_pre_citations,3
dp_294_disclosure,i4r_f45e09f5bc283f,control_f33414d93e4839,,no,incomplete_pre_citations,3
dp_294_disclosure,i4r_f45e09f5bc283f,control_f4690cc655221a,,no,incomplete_pre_citations,3
dp_294_disclosure,i4r_f45e09f5bc283f,control_f6ad3eb34b4c48,,no,incomplete_pre_citations,3
dp_294_disclosure,i4r_f45e09f5bc283f,control_f6ee8888225db3,,no,incomplete_pre_citations,3
dp_294_disclosure,i4r_f45e09f5bc283f,control_fc16503aea626d,,no,incomplete_pre_citations,3
dp_294_disclosure,i4r_f45e09f5bc283f,control_fea09e92bdf541,,no,incomplete_pre_citations,3
dp_294_disclosure,i4r_f45e09f5bc283f,control_feecdfebdf5d5f,,no,incomplete_pre_citations,3
dp_021_disclosure,i4r_ece0397b04bfa9,control_0368d048cb3743,,no,nonresearch_publication,3
dp_021_disclosure,i4r_ece0397b04bfa9,control_146618886f71c7,,no,insufficient_article_age,3
dp_021_disclosure,i4r_ece0397b04bfa9,control_15a20aa744c4ce,,no,insufficient_article_age,3
dp_021_disclosure,i4r_ece0397b04bfa9,control_241b1b2acc9585,,no,nonresearch_publication,3
dp_021_disclosure,i4r_ece0397b04bfa9,control_2c7e191fea1589,,no,insufficient_article_age,3
dp_021_disclosure,i4r_ece0397b04bfa9,control_3eda996abe40d5,,no,insufficient_article_age,3
dp_021_disclosure,i4r_ece0397b04bfa9,control_4091164a22b963,,no,insufficient_article_age,3
dp_021_disclosure,i4r_ece0397b04bfa9,control_421355a5023258,,no,insufficient_article_age,3
dp_021_disclosure,i4r_ece0397b04bfa9,control_437902c0770fec,,no,insufficient_article_age,3
dp_021_disclosure,i4r_ece0397b04bfa9,control_46f1536b9ab229,,no,insufficient_article_age,3
dp_021_disclosure,i4r_ece0397b04bfa9,control_49d4cf395c88d7,,no,insufficient_article_age,3
dp_021_disclosure,i4r_ece0397b04bfa9,control_518dda0be57994,,no,insufficient_article_age,3
dp_021_disclosure,i4r_ece0397b04bfa9,control_671098be124051,,no,incomplete_pre_citations,3
dp_021_disclosure,i4r_ece0397b04bfa9,control_67aec1fede4410,,no,incomplete_pre_citations,3
dp_021_disclosure,i4r_ece0397b04bfa9,control_67dbb9268ce739,,no,incomplete_pre_citations,3
dp_021_disclosure,i4r_ece0397b04bfa9,control_68580f1a292e85,,no,incomplete_pre_citations,3
dp_021_disclosure,i4r_ece0397b04bfa9,control_6a11f9a0a2b256,,no,incomplete_pre_citations,3
dp_021_disclosure,i4r_ece0397b04bfa9,control_6a65accb819edb,,no,incomplete_pre_citations,3
dp_021_disclosure,i4r_ece0397b04bfa9,control_6a673e1a70b6be,,no,incomplete_pre_citations,3
dp_021_disclosure,i4r_ece0397b04bfa9,control_6aa5877e98398e,,no,incomplete_pre_citations,3
dp_021_disclosure,i4r_ece0397b04bfa9,control_6b04686a59b6ed,,no,incomplete_pre_citations,3
dp_021_disclosure,i4r_ece0397b04bfa9,control_6befa48dd9e0f1,,no,incomplete_pre_citations,3
dp_021_disclosure,i4r_ece0397b04bfa9,control_6c2a5830b7a2a2,,no,incomplete_pre_citations,3
dp_021_disclosure,i4r_ece0397b04bfa9,control_6cdc6f66c7dd3f,,no,incomplete_pre_citations,3
dp_021_disclosure,i4r_ece0397b04bfa9,control_6e059a541e618c,,no,incomplete_pre_citations,3
dp_021_disclosure,i4r_ece0397b04bfa9,control_6f1c859a9f3574,,no,incomplete_pre_citations,3
dp_021_disclosure,i4r_ece0397b04bfa9,control_6f6d2bcc308c4f,,no,insufficient_article_age,3
dp_021_disclosure,i4r_ece0397b04bfa9,control_6fe97f465f0bfe,,no,incomplete_pre_citations,3
dp_021_disclosure,i4r_ece0397b04bfa9,control_718e6258ebbf57,,no,incomplete_pre_citations,3
dp_021_disclosure,i4r_ece0397b04bfa9,control_71a5877f8f17e2,,no,incomplete_pre_citations,3
dp_021_disclosure,i4r_ece0397b04bfa9,control_7320abbe24b0d1,,no,incomplete_pre_citations,3
dp_021_disclosure,i4r_ece0397b04bfa9,control_745d98204548f4,,no,incomplete_pre_citations,3
dp_021_disclosure,i4r_ece0397b04bfa9,control_74830d9977e9ee,,no,incomplete_pre_citations,3
dp_021_disclosure,i4r_ece0397b04bfa9,control_7545bb5f3508ad,,no,incomplete_pre_citations,3
dp_021_disclosure,i4r_ece0397b04bfa9,control_756b6db7e57bd7,,no,incomplete_pre_citations,3
dp_021_disclosure,i4r_ece0397b04bfa9,control_7596f97e9bbe2d,,no,incomplete_pre_citations,3
dp_021_disclosure,i4r_ece0397b04bfa9,control_767c1c62e87a8b,,no,incomplete_pre_citations,3
dp_021_disclosure,i4r_ece0397b04bfa9,control_76fdbd1473c089,,no,incomplete_pre_citations,3
dp_021_disclosure,i4r_ece0397b04bfa9,control_77d320edac36c0,,no,insufficient_article_age,3
dp_021_disclosure,i4r_ece0397b04bfa9,control_78c9bd2cec45a5,,no,incomplete_pre_citations,3
dp_021_disclosure,i4r_ece0397b04bfa9,control_78db8500a0d19a,,no,insufficient_article_age,3
dp_021_disclosure,i4r_ece0397b04bfa9,control_7a4855cca0fc0f,,no,insufficient_article_age,3
dp_021_disclosure,i4r_ece0397b04bfa9,control_7cbd16adb9545d,,no,incomplete_pre_citations,3
dp_021_disclosure,i4r_ece0397b04bfa9,control_7d2bcf531e2b4a,,no,insufficient_article_age,3
dp_021_disclosure,i4r_ece0397b04bfa9,control_7f238b1f526230,,no,incomplete_pre_citations,3
dp_021_disclosure,i4r_ece0397b04bfa9,control_81551046a74193,,no,incomplete_pre_citations,3
dp_021_disclosure,i4r_ece0397b04bfa9,control_81ed027ef62e01,,no,nonresearch_publication,3
dp_021_disclosure,i4r_ece0397b04bfa9,control_82a9f7e580cc2f,,no,incomplete_pre_citations,3
dp_021_disclosure,i4r_ece0397b04bfa9,control_8660727f00a179,,no,nonresearch_publication,3
dp_021_disclosure,i4r_ece0397b04bfa9,control_87a0de9b6c14bd,,no,incomplete_pre_citations,3
dp_021_disclosure,i4r_ece0397b04bfa9,control_887457f057220c,,no,incomplete_pre_citations,3
dp_021_disclosure,i4r_ece0397b04bfa9,control_89fd54dc9e0b13,,no,incomplete_pre_citations,3
dp_021_disclosure,i4r_ece0397b04bfa9,control_8a3dae8616974f,,no,incomplete_pre_citations,3
dp_021_disclosure,i4r_ece0397b04bfa9,control_8b5293e1ff0e81,,no,incomplete_pre_citations,3
dp_021_disclosure,i4r_ece0397b04bfa9,control_8be27ffedef4b5,,no,incomplete_pre_citations,3
dp_021_disclosure,i4r_ece0397b04bfa9,control_8cb0087229f95e,,no,incomplete_pre_citations,3
dp_021_disclosure,i4r_ece0397b04bfa9,control_8e779c290646f0,,no,incomplete_pre_citations,3
dp_021_disclosure,i4r_ece0397b04bfa9,control_8ed7f2dd1c7970,,no,incomplete_pre_citations,3
dp_021_disclosure,i4r_ece0397b04bfa9,control_8f986412bb9c0f,,no,incomplete_pre_citations,3
dp_021_disclosure,i4r_ece0397b04bfa9,control_8fa514a7bb03b1,,no,incomplete_pre_citations,3
dp_021_disclosure,i4r_ece0397b04bfa9,control_910519b07572c9,,no,incomplete_pre_citations,3
dp_021_disclosure,i4r_ece0397b04bfa9,control_9149d00ddbf450,,no,insufficient_article_age,3
dp_021_disclosure,i4r_ece0397b04bfa9,control_915c5c5d32b9cd,,no,incomplete_pre_citations,3
dp_021_disclosure,i4r_ece0397b04bfa9,control_92c432f034b627,,no,incomplete_pre_citations,3
dp_021_disclosure,i4r_ece0397b04bfa9,control_94163ec39965a4,,no,insufficient_article_age,3
dp_021_disclosure,i4r_ece0397b04bfa9,control_96174ef72dcd83,,no,incomplete_pre_citations,3
dp_021_disclosure,i4r_ece0397b04bfa9,control_9688c6466838b2,,no,incomplete_pre_citations,3
dp_021_disclosure,i4r_ece0397b04bfa9,control_96c96c95d8a18b,,no,insufficient_article_age,3
dp_021_disclosure,i4r_ece0397b04bfa9,control_9700fc1b5cb16e,,no,insufficient_article_age,3
dp_021_disclosure,i4r_ece0397b04bfa9,control_98315989205759,,no,incomplete_pre_citations,3
dp_021_disclosure,i4r_ece0397b04bfa9,control_983f763647bf0d,,no,incomplete_pre_citations,3
dp_021_disclosure,i4r_ece0397b04bfa9,control_9867a973df8e5b,,no,incomplete_pre_citations,3
dp_021_disclosure,i4r_ece0397b04bfa9,control_99ca3cd828197c,,no,incomplete_pre_citations,3
dp_021_disclosure,i4r_ece0397b04bfa9,control_9b273cc1386abe,,no,incomplete_pre_citations,3
dp_021_disclosure,i4r_ece0397b04bfa9,control_9cde794c82ae83,,no,incomplete_pre_citations,3
dp_021_disclosure,i4r_ece0397b04bfa9,control_9f5df3c0137974,,no,incomplete_pre_citations,3
dp_021_disclosure,i4r_ece0397b04bfa9,control_9f62719ff84440,,no,incomplete_pre_citations,3
dp_021_disclosure,i4r_ece0397b04bfa9,control_a017a538704bf9,,no,incomplete_pre_citations,3
dp_021_disclosure,i4r_ece0397b04bfa9,control_a2397a15e1de58,,no,incomplete_pre_citations,3
dp_021_disclosure,i4r_ece0397b04bfa9,control_a3043184785807,,no,incomplete_pre_citations,3
dp_021_disclosure,i4r_ece0397b04bfa9,control_a55abf6fb357fe,,no,incomplete_pre_citations,3
dp_021_disclosure,i4r_ece0397b04bfa9,control_a5b8097213f200,,no,incomplete_pre_citations,3
dp_021_disclosure,i4r_ece0397b04bfa9,control_a5ed6ecdc75313,,no,incomplete_pre_citations,3
dp_021_disclosure,i4r_ece0397b04bfa9,control_a5ee4823cca80c,,no,incomplete_pre_citations,3
dp_021_disclosure,i4r_ece0397b04bfa9,control_a67782974bc988,,no,incomplete_pre_citations,3
dp_021_disclosure,i4r_ece0397b04bfa9,control_a732f986451f68,,no,incomplete_pre_citations,3
dp_021_disclosure,i4r_ece0397b04bfa9,control_a77701761c137c,,no,insufficient_article_age,3
dp_021_disclosure,i4r_ece0397b04bfa9,control_a7f1e299aaaea5,,no,incomplete_pre_citations,3
dp_021_disclosure,i4r_ece0397b04bfa9,control_a7f83625e7317b,,no,incomplete_pre_citations,3
dp_021_disclosure,i4r_ece0397b04bfa9,control_a7fe7e38c53cae,,no,incomplete_pre_citations,3
dp_021_disclosure,i4r_ece0397b04bfa9,control_a8c2d2a3dfda2f,,no,incomplete_pre_citations,3
dp_021_disclosure,i4r_ece0397b04bfa9,control_ab8ebe53e22456,,no,incomplete_pre_citations,3
dp_021_disclosure,i4r_ece0397b04bfa9,control_abbd7edc4de714,,no,incomplete_pre_citations,3
dp_021_disclosure,i4r_ece0397b04bfa9,control_abe0fd1bbda9e8,,no,incomplete_pre_citations,3
dp_021_disclosure,i4r_ece0397b04bfa9,control_ac13c2ab2e2404,,no,incomplete_pre_citations,3
dp_021_disclosure,i4r_ece0397b04bfa9,control_acb176bf149384,,no,incomplete_pre_citations,3
dp_021_disclosure,i4r_ece0397b04bfa9,control_adfd12dda37307,,no,incomplete_pre_citations,3
dp_021_disclosure,i4r_ece0397b04bfa9,control_aef57a55a116a8,,no,incomplete_pre_citations,3
dp_021_disclosure,i4r_ece0397b04bfa9,control_af5b6baf19b0ad,,no,incomplete_pre_citations,3
dp_021_disclosure,i4r_ece0397b04bfa9,control_af601378dc8e54,,no,incomplete_pre_citations,3
dp_021_disclosure,i4r_ece0397b04bfa9,control_af8adc394991df,,no,incomplete_pre_citations,3
dp_021_disclosure,i4r_ece0397b04bfa9,control_b1a64f6ffb7579,,no,insufficient_article_age,3
dp_021_disclosure,i4r_ece0397b04bfa9,control_b295724082d458,,no,incomplete_pre_citations,3
dp_021_disclosure,i4r_ece0397b04bfa9,control_b2a723b2c57a38,,no,incomplete_pre_citations,3
dp_021_disclosure,i4r_ece0397b04bfa9,control_b35f1087f81cb1,,no,incomplete_pre_citations,3
dp_021_disclosure,i4r_ece0397b04bfa9,control_b56ba210c8e222,,no,incomplete_pre_citations,3
dp_021_disclosure,i4r_ece0397b04bfa9,control_b73837a7f97769,,no,insufficient_article_age,3
dp_021_disclosure,i4r_ece0397b04bfa9,control_b751b58e9be0b0,,no,incomplete_pre_citations,3
dp_021_disclosure,i4r_ece0397b04bfa9,control_b8ea9634a6207f,,no,insufficient_article_age,3
dp_021_disclosure,i4r_ece0397b04bfa9,control_b8ebac6154a9b8,,no,incomplete_pre_citations,3
dp_021_disclosure,i4r_ece0397b04bfa9,control_b926b50eac8ca3,,no,incomplete_pre_citations,3
dp_021_disclosure,i4r_ece0397b04bfa9,control_b9df96027839f7,,no,incomplete_pre_citations,3
dp_021_disclosure,i4r_ece0397b04bfa9,control_bb5cb67c11bd87,,no,incomplete_pre_citations,3
dp_021_disclosure,i4r_ece0397b04bfa9,control_bb66faa6389ba2,,no,incomplete_pre_citations,3
dp_021_disclosure,i4r_ece0397b04bfa9,control_bb6edf001a9b59,,no,incomplete_pre_citations,3
dp_021_disclosure,i4r_ece0397b04bfa9,control_bbdf7f6419c9e9,,no,incomplete_pre_citations,3
dp_021_disclosure,i4r_ece0397b04bfa9,control_bcee4bdcdf22ad,,no,incomplete_pre_citations,3
dp_021_disclosure,i4r_ece0397b04bfa9,control_bdbd1103746061,,no,incomplete_pre_citations,3
dp_021_disclosure,i4r_ece0397b04bfa9,control_be36b739b02da7,,no,incomplete_pre_citations,3
dp_021_disclosure,i4r_ece0397b04bfa9,control_be886172d05803,,no,incomplete_pre_citations,3
dp_021_disclosure,i4r_ece0397b04bfa9,control_c08d6d2f00543d,,no,incomplete_pre_citations,3
dp_021_disclosure,i4r_ece0397b04bfa9,control_c320f96b88de66,,no,incomplete_pre_citations,3
dp_021_disclosure,i4r_ece0397b04bfa9,control_c33e572315049a,,no,incomplete_pre_citations,3
dp_021_disclosure,i4r_ece0397b04bfa9,control_c416675044b039,,no,incomplete_pre_citations,3
dp_021_disclosure,i4r_ece0397b04bfa9,control_c4c15aa6b473a2,,no,incomplete_pre_citations,3
dp_021_disclosure,i4r_ece0397b04bfa9,control_c6980fe14663fa,,no,incomplete_pre_citations,3
dp_021_disclosure,i4r_ece0397b04bfa9,control_c80b789d1ae8ad,,no,incomplete_pre_citations,3
dp_021_disclosure,i4r_ece0397b04bfa9,control_c95a3782f32aa2,,no,incomplete_pre_citations,3
dp_021_disclosure,i4r_ece0397b04bfa9,control_cb19ec6bc847bb,,no,incomplete_pre_citations,3
dp_021_disclosure,i4r_ece0397b04bfa9,control_cc51880013f900,,no,incomplete_pre_citations,3
dp_021_disclosure,i4r_ece0397b04bfa9,control_cca7cc73d77dc0,,no,insufficient_article_age,3
dp_021_disclosure,i4r_ece0397b04bfa9,control_ce34c33002d3c2,,no,incomplete_pre_citations,3
dp_021_disclosure,i4r_ece0397b04bfa9,control_cf72db8ad41c3a,,no,incomplete_pre_citations,3
dp_021_disclosure,i4r_ece0397b04bfa9,control_d05ca367f7020d,,no,incomplete_pre_citations,3
dp_021_disclosure,i4r_ece0397b04bfa9,control_d3e93e5bd8d371,,no,incomplete_pre_citations,3
dp_021_disclosure,i4r_ece0397b04bfa9,control_d46bd82ef0101a,,no,incomplete_pre_citations,3
dp_021_disclosure,i4r_ece0397b04bfa9,control_d4953551bd43c7,,no,insufficient_article_age,3
dp_021_disclosure,i4r_ece0397b04bfa9,control_d70a4c2f389f5f,,no,incomplete_pre_citations,3
dp_021_disclosure,i4r_ece0397b04bfa9,control_d75508cfe6f86f,,no,incomplete_pre_citations,3
dp_021_disclosure,i4r_ece0397b04bfa9,control_dac769cd6f4c1b,,no,incomplete_pre_citations,3
dp_021_disclosure,i4r_ece0397b04bfa9,control_dac9bce81dc083,,no,incomplete_pre_citations,3
dp_021_disclosure,i4r_ece0397b04bfa9,control_dd26dbea3d71b6,,no,incomplete_pre_citations,3
dp_021_disclosure,i4r_ece0397b04bfa9,control_dd6b0ef324a475,,no,incomplete_pre_citations,3
dp_021_disclosure,i4r_ece0397b04bfa9,control_dd87001aeea060,,no,incomplete_pre_citations,3
dp_021_disclosure,i4r_ece0397b04bfa9,control_dd873a1937af3d,,no,incomplete_pre_citations,3
dp_021_disclosure,i4r_ece0397b04bfa9,control_dfff93351aa471,,no,incomplete_pre_citations,3
dp_021_disclosure,i4r_ece0397b04bfa9,control_e0817a5a4a549a,,no,incomplete_pre_citations,3
dp_021_disclosure,i4r_ece0397b04bfa9,control_e1506b283300f1,,no,incomplete_pre_citations,3
dp_021_disclosure,i4r_ece0397b04bfa9,control_e182c51a8999d8,,no,incomplete_pre_citations,3
dp_021_disclosure,i4r_ece0397b04bfa9,control_e28bb3ae58d98b,,no,incomplete_pre_citations,3
dp_021_disclosure,i4r_ece0397b04bfa9,control_e2afdffc7a792e,,no,insufficient_article_age,3
dp_021_disclosure,i4r_ece0397b04bfa9,control_e2da23a091db0b,,no,incomplete_pre_citations,3
dp_021_disclosure,i4r_ece0397b04bfa9,control_e36fde706d4d12,,no,incomplete_pre_citations,3
dp_021_disclosure,i4r_ece0397b04bfa9,control_e380cb541949f8,,no,incomplete_pre_citations,3
dp_021_disclosure,i4r_ece0397b04bfa9,control_e4c12a585cb604,,no,insufficient_article_age,3
dp_021_disclosure,i4r_ece0397b04bfa9,control_e505093d607c73,,no,incomplete_pre_citations,3
dp_021_disclosure,i4r_ece0397b04bfa9,control_e513c8b08afe65,,no,incomplete_pre_citations,3
dp_021_disclosure,i4r_ece0397b04bfa9,control_e5b7f25ca9b0be,,no,incomplete_pre_citations,3
dp_021_disclosure,i4r_ece0397b04bfa9,control_e5d1bf442b2612,,no,incomplete_pre_citations,3
dp_021_disclosure,i4r_ece0397b04bfa9,control_e6c183f1ecc2ad,,no,incomplete_pre_citations,3
dp_021_disclosure,i4r_ece0397b04bfa9,control_e8b01dd745dc63,,no,insufficient_article_age,3
dp_021_disclosure,i4r_ece0397b04bfa9,control_e93ea18956d7e8,,no,incomplete_pre_citations,3
dp_021_disclosure,i4r_ece0397b04bfa9,control_e9bb87cb77b69e,,no,incomplete_pre_citations,3
dp_021_disclosure,i4r_ece0397b04bfa9,control_ebb74ab9756dff,,no,incomplete_pre_citations,3
dp_021_disclosure,i4r_ece0397b04bfa9,control_ebecf10e9e5ce6,,no,insufficient_article_age,3
dp_021_disclosure,i4r_ece0397b04bfa9,control_ec2055915a7f66,,no,incomplete_pre_citations,3
dp_021_disclosure,i4r_ece0397b04bfa9,control_ecd4536522c81d,,no,incomplete_pre_citations,3
dp_021_disclosure,i4r_ece0397b04bfa9,control_ed70706cedc6bf,,no,incomplete_pre_citations,3
dp_021_disclosure,i4r_ece0397b04bfa9,control_eef212145ce845,,no,incomplete_pre_citations,3
dp_021_disclosure,i4r_ece0397b04bfa9,control_ef1835d75fa5a9,,no,insufficient_article_age,3
dp_021_disclosure,i4r_ece0397b04bfa9,control_ef1b142518c867,,no,incomplete_pre_citations,3
dp_021_disclosure,i4r_ece0397b04bfa9,control_ef7be165fa6130,,no,incomplete_pre_citations,3
dp_021_disclosure,i4r_ece0397b04bfa9,control_efd1547257966c,,no,incomplete_pre_citations,3
dp_021_disclosure,i4r_ece0397b04bfa9,control_efdbe139288250,,no,incomplete_pre_citations,3
dp_021_disclosure,i4r_ece0397b04bfa9,control_f0f6ca3d316604,,no,incomplete_pre_citations,3
dp_021_disclosure,i4r_ece0397b04bfa9,control_f2005e2a5a7047,,no,incomplete_pre_citations,3
dp_021_disclosure,i4r_ece0397b04bfa9,control_f2224a4d251175,,no,incomplete_pre_citations,3
dp_021_disclosure,i4r_ece0397b04bfa9,control_f381a900786ba1,,no,incomplete_pre_citations,3
dp_021_disclosure,i4r_ece0397b04bfa9,control_f55df263c311e1,,no,incomplete_pre_citations,3
dp_021_disclosure,i4r_ece0397b04bfa9,control_f586d82077f98e,,no,incomplete_pre_citations,3
dp_021_disclosure,i4r_ece0397b04bfa9,control_f5a8ff03359f90,,no,incomplete_pre_citations,3
dp_021_disclosure,i4r_ece0397b04bfa9,control_f60c4da0c3e9c7,,no,incomplete_pre_citations,3
dp_021_disclosure,i4r_ece0397b04bfa9,control_f648919f397250,,no,incomplete_pre_citations,3
dp_021_disclosure,i4r_ece0397b04bfa9,control_f6852c48d558e9,,no,insufficient_article_age,3
dp_021_disclosure,i4r_ece0397b04bfa9,control_f96edcfa49fa5e,,no,incomplete_pre_citations,3
dp_021_disclosure,i4r_ece0397b04bfa9,control_fa1a96b28da8c7,,no,insufficient_article_age,3
dp_021_disclosure,i4r_ece0397b04bfa9,control_fa1f357ebff814,,no,incomplete_pre_citations,3
dp_021_disclosure,i4r_ece0397b04bfa9,control_fa54a570b24a13,,no,incomplete_pre_citations,3
dp_021_disclosure,i4r_ece0397b04bfa9,control_fa5ddc177dd855,,no,incomplete_pre_citations,3
dp_021_disclosure,i4r_ece0397b04bfa9,control_fab080dc6c9813,,no,incomplete_pre_citations,3
dp_021_disclosure,i4r_ece0397b04bfa9,control_fac38bd8248529,,no,incomplete_pre_citations,3
dp_021_disclosure,i4r_ece0397b04bfa9,control_fba40e77a51825,,no,incomplete_pre_citations,3
dp_021_disclosure,i4r_ece0397b04bfa9,control_fbbe88d5446385,,no,incomplete_pre_citations,3
dp_021_disclosure,i4r_ece0397b04bfa9,control_fc67d4843c9e05,,no,incomplete_pre_citations,3
dp_021_disclosure,i4r_ece0397b04bfa9,control_ff966ce102bafe,,no,insufficient_article_age,3
