event_id,article_id,reason,horizon
dp_020_disclosure,i4r_9008b2600de80c,insufficient_article_age,1
dp_095_disclosure,i4r_943c99d2618261,insufficient_article_age,1
dp_108_disclosure,i4r_f0ac45a4d0b553,insufficient_article_age,1
dp_208_disclosure,i4r_d25399d7025632,incomplete_followup,1
dp_210_disclosure,i4r_81ed5e78bd7922,incomplete_followup,1
dp_214_disclosure,i4r_adaea32e2a25ee,error_not_verified_material,1
dp_267_disclosure,i4r_fb4ff09a1124e4,incomplete_followup,1
dp_285_disclosure,i4r_20d617740fb019,incomplete_followup,1
dp_302_disclosure,i4r_4ce7d02a3a4801,incomplete_followup,1
dp_313_disclosure,i4r_34409cd0399949,incomplete_followup,1
dp_324_disclosure,i4r_5dfaf41eeeee6a,incomplete_followup,1
report_088986d1a728_disclosure,i4r_4a701ccef80255,error_not_verified_material,1
report_2dde11440492_disclosure,i4r_9008b2600de80c,subsequent_disclosure,1
report_52bea92b7c10_disclosure,i4r_19321c88424658,subsequent_disclosure,1
report_7e04fdf7bfb2_disclosure,i4r_10ac5e85e02ecd,publicity_unverified,1
report_83421b0452f2_disclosure,i4r_943c99d2618261,subsequent_disclosure,1
dp_227_disclosure,i4r_b909931e3840c4,insufficient_article_age,1
dp_226_disclosure,i4r_bbc3a15a115bdf,insufficient_article_age,1
dp_049_disclosure,i4r_9add9d2fff6627,insufficient_article_age,1
dp_064_disclosure,i4r_3b061a93c341ed,error_not_verified_material,1
dp_092_disclosure,i4r_40a2331682db05,insufficient_article_age,1
report_590bd2f69efe_disclosure,i4r_0758d17ecc15af,error_not_verified_material,1
report_5437ba586f46_disclosure,i4r_0d99e2b3dcaee6,insufficient_article_age,1
dp_311_disclosure,i4r_ecb666850e02da,retraction_status_not_eligible,1
dp_278_disclosure,i4r_03517c132d475a,retraction_status_not_eligible,1
dp_015_disclosure,i4r_a8e2f8f02be321,error_not_verified_material,1
dp_041_disclosure,i4r_faaae14cc9ebbe,error_not_verified_material,1
dp_103_disclosure,i4r_0a422a46c0cf91,insufficient_article_age,1
dp_110_disclosure,i4r_05967d9d4f528b,error_not_verified_material,1
dp_149_disclosure,i4r_677211167d98b2,error_not_verified_material,1
dp_191_disclosure,i4r_907e66b1c46d77,error_not_verified_material,1
dp_207_disclosure,i4r_36c277e19924ef,incomplete_followup,1
dp_221_disclosure,i4r_a5c9015fcc205e,incomplete_followup,1
dp_243_disclosure,i4r_904ac0001198bc,incomplete_followup,1
dp_294_disclosure,i4r_f45e09f5bc283f,incomplete_control_citation_retrieval,1
dp_021_disclosure,i4r_ece0397b04bfa9,incomplete_control_citation_retrieval,1
report_2f792d86ba6c_disclosure,i4r_dfc6fa3a718df4,incomplete_risk_set_retrieval,1
dp_148_disclosure,i4r_19321c88424658,incomplete_control_citation_retrieval,1
dp_292_disclosure,i4r_55d334eaeb4010,incomplete_control_citation_retrieval,1
dp_193_disclosure,i4r_ddd0c180402652,incomplete_risk_set_retrieval,1
dp_020_disclosure,i4r_9008b2600de80c,insufficient_article_age,2
dp_095_disclosure,i4r_943c99d2618261,insufficient_article_age,2
dp_108_disclosure,i4r_f0ac45a4d0b553,incomplete_followup,2
dp_148_disclosure,i4r_19321c88424658,incomplete_followup,2
dp_208_disclosure,i4r_d25399d7025632,incomplete_followup,2
dp_210_disclosure,i4r_81ed5e78bd7922,incomplete_followup,2
dp_214_disclosure,i4r_adaea32e2a25ee,error_not_verified_material,2
dp_267_disclosure,i4r_fb4ff09a1124e4,incomplete_followup,2
dp_285_disclosure,i4r_20d617740fb019,incomplete_followup,2
dp_292_disclosure,i4r_55d334eaeb4010,incomplete_followup,2
dp_302_disclosure,i4r_4ce7d02a3a4801,incomplete_followup,2
dp_313_disclosure,i4r_34409cd0399949,incomplete_followup,2
dp_324_disclosure,i4r_5dfaf41eeeee6a,incomplete_followup,2
report_088986d1a728_disclosure,i4r_4a701ccef80255,error_not_verified_material,2
report_2dde11440492_disclosure,i4r_9008b2600de80c,subsequent_disclosure,2
report_2f792d86ba6c_disclosure,i4r_dfc6fa3a718df4,incomplete_followup,2
report_52bea92b7c10_disclosure,i4r_19321c88424658,subsequent_disclosure,2
report_7e04fdf7bfb2_disclosure,i4r_10ac5e85e02ecd,publicity_unverified,2
report_83421b0452f2_disclosure,i4r_943c99d2618261,subsequent_disclosure,2
dp_227_disclosure,i4r_b909931e3840c4,insufficient_article_age,2
dp_226_disclosure,i4r_bbc3a15a115bdf,incomplete_followup,2
dp_049_disclosure,i4r_9add9d2fff6627,insufficient_article_age,2
dp_064_disclosure,i4r_3b061a93c341ed,error_not_verified_material,2
dp_092_disclosure,i4r_40a2331682db05,insufficient_article_age,2
report_590bd2f69efe_disclosure,i4r_0758d17ecc15af,error_not_verified_material,2
report_5437ba586f46_disclosure,i4r_0d99e2b3dcaee6,incomplete_followup,2
dp_311_disclosure,i4r_ecb666850e02da,retraction_status_not_eligible,2
dp_278_disclosure,i4r_03517c132d475a,retraction_status_not_eligible,2
dp_015_disclosure,i4r_a8e2f8f02be321,error_not_verified_material,2
dp_041_disclosure,i4r_faaae14cc9ebbe,error_not_verified_material,2
dp_103_disclosure,i4r_0a422a46c0cf91,incomplete_followup,2
dp_110_disclosure,i4r_05967d9d4f528b,error_not_verified_material,2
dp_149_disclosure,i4r_677211167d98b2,error_not_verified_material,2
dp_191_disclosure,i4r_907e66b1c46d77,error_not_verified_material,2
dp_193_disclosure,i4r_ddd0c180402652,incomplete_followup,2
dp_207_disclosure,i4r_36c277e19924ef,incomplete_followup,2
dp_221_disclosure,i4r_a5c9015fcc205e,incomplete_followup,2
dp_243_disclosure,i4r_904ac0001198bc,incomplete_followup,2
dp_294_disclosure,i4r_f45e09f5bc283f,incomplete_control_citation_retrieval,2
dp_021_disclosure,i4r_ece0397b04bfa9,incomplete_control_citation_retrieval,2
dp_020_disclosure,i4r_9008b2600de80c,incomplete_followup,3
dp_095_disclosure,i4r_943c99d2618261,incomplete_followup,3
dp_108_disclosure,i4r_f0ac45a4d0b553,incomplete_followup,3
dp_148_disclosure,i4r_19321c88424658,incomplete_followup,3
dp_208_disclosure,i4r_d25399d7025632,incomplete_followup,3
dp_210_disclosure,i4r_81ed5e78bd7922,incomplete_followup,3
dp_214_disclosure,i4r_adaea32e2a25ee,error_not_verified_material,3
dp_267_disclosure,i4r_fb4ff09a1124e4,incomplete_followup,3
dp_285_disclosure,i4r_20d617740fb019,incomplete_followup,3
dp_292_disclosure,i4r_55d334eaeb4010,incomplete_followup,3
dp_302_disclosure,i4r_4ce7d02a3a4801,incomplete_followup,3
dp_313_disclosure,i4r_34409cd0399949,incomplete_followup,3
dp_324_disclosure,i4r_5dfaf41eeeee6a,incomplete_followup,3
report_088986d1a728_disclosure,i4r_4a701ccef80255,error_not_verified_material,3
report_2dde11440492_disclosure,i4r_9008b2600de80c,subsequent_disclosure,3
report_2f792d86ba6c_disclosure,i4r_dfc6fa3a718df4,incomplete_followup,3
report_52bea92b7c10_disclosure,i4r_19321c88424658,subsequent_disclosure,3
report_7e04fdf7bfb2_disclosure,i4r_10ac5e85e02ecd,publicity_unverified,3
report_83421b0452f2_disclosure,i4r_943c99d2618261,subsequent_disclosure,3
dp_227_disclosure,i4r_b909931e3840c4,insufficient_article_age,3
dp_226_disclosure,i4r_bbc3a15a115bdf,incomplete_followup,3
dp_049_disclosure,i4r_9add9d2fff6627,incomplete_followup,3
dp_064_disclosure,i4r_3b061a93c341ed,error_not_verified_material,3
dp_092_disclosure,i4r_40a2331682db05,incomplete_followup,3
report_590bd2f69efe_disclosure,i4r_0758d17ecc15af,error_not_verified_material,3
report_5437ba586f46_disclosure,i4r_0d99e2b3dcaee6,incomplete_followup,3
dp_311_disclosure,i4r_ecb666850e02da,retraction_status_not_eligible,3
dp_278_disclosure,i4r_03517c132d475a,retraction_status_not_eligible,3
dp_015_disclosure,i4r_a8e2f8f02be321,error_not_verified_material,3
dp_041_disclosure,i4r_faaae14cc9ebbe,error_not_verified_material,3
dp_103_disclosure,i4r_0a422a46c0cf91,incomplete_followup,3
dp_110_disclosure,i4r_05967d9d4f528b,error_not_verified_material,3
dp_149_disclosure,i4r_677211167d98b2,error_not_verified_material,3
dp_191_disclosure,i4r_907e66b1c46d77,error_not_verified_material,3
dp_193_disclosure,i4r_ddd0c180402652,incomplete_followup,3
dp_207_disclosure,i4r_36c277e19924ef,incomplete_followup,3
dp_221_disclosure,i4r_a5c9015fcc205e,incomplete_followup,3
dp_243_disclosure,i4r_904ac0001198bc,incomplete_followup,3
dp_294_disclosure,i4r_f45e09f5bc283f,incomplete_control_citation_retrieval,3
dp_021_disclosure,i4r_ece0397b04bfa9,incomplete_control_citation_retrieval,3
