canonical_source_id,source_ids,catalog_entries,assessment_eligibility,assessment_resolved,disposition,adjudication_conflict
dp_001,dp_001,1,yes,no,,no
dp_002,dp_002,1,no,no,,no
dp_003,dp_003,1,no,no,,no
dp_004,dp_004,1,yes,yes,favorable_or_no_material_error_reported,no
dp_005,dp_005,1,yes,yes,favorable_or_no_material_error_reported,no
dp_006,dp_006,1,no,no,,no
dp_007,dp_007,1,yes,yes,favorable_or_no_material_error_reported,no
dp_008,dp_008,1,no,no,,no
dp_009,dp_009,1,yes,no,,no
dp_010,dp_010,1,yes,no,,no
dp_011,dp_011,1,no,no,,no
dp_012,dp_012,1,yes,yes,favorable_or_no_material_error_reported,no
dp_013,dp_013,1,no,no,,no
dp_014,dp_014,1,no,no,,no
dp_015,dp_015,1,yes,no,,no
dp_016,dp_016,1,yes,yes,robustness_or_replication_concern,no
dp_017,dp_017,1,no,no,,no
dp_018,dp_018,1,no,no,,no
dp_019,dp_019,1,yes,yes,favorable_or_no_material_error_reported,no
dp_020,dp_020;report_2dde11440492,2,yes,yes,verified_material_error,no
dp_021,dp_021,1,yes,yes,verified_material_statistical_error,no
dp_022,dp_022,1,no,no,,no
dp_023,dp_023,1,yes,no,,no
dp_024,dp_024,1,yes,yes,favorable_or_no_material_error_reported,no
dp_025,dp_025,1,yes,yes,favorable_or_no_material_error_reported,no
dp_026,dp_026,1,yes,yes,robustness_or_replication_concern,no
dp_027,dp_027,1,yes,yes,favorable_or_no_material_error_reported,no
dp_028,dp_028,1,yes,yes,favorable_or_no_material_error_reported,no
dp_029,dp_029,1,yes,no,,no
dp_030,dp_030,1,yes,yes,robustness_or_replication_concern,no
dp_031,dp_031,1,no,no,,no
dp_032,dp_032,1,yes,no,,no
dp_033,dp_033,1,yes,yes,robustness_or_replication_concern,no
dp_034,dp_034,1,yes,yes,favorable_or_no_material_error_reported,no
dp_035,dp_035,1,yes,yes,favorable_or_no_material_error_reported,no
dp_036,dp_036,1,yes,yes,robustness_or_replication_concern,no
dp_037,dp_037,1,yes,yes,favorable_or_no_material_error_reported,no
dp_038,dp_038,1,no,no,,no
dp_039,dp_039;report_e493aff15e98,2,yes,yes,mixed_or_failed_new_data_replication,no
dp_040,dp_040,1,yes,yes,favorable_or_no_material_error_reported,no
dp_041,dp_041;report_869b5ee590f1,2,yes,no,,no
dp_042,dp_042,1,yes,yes,favorable_or_no_material_error_reported,no
dp_043,dp_043,1,yes,yes,favorable_or_no_material_error_reported,no
dp_044,dp_044,1,no,no,,no
dp_045,dp_045,1,yes,yes,favorable_or_no_material_error_reported,no
dp_046,dp_046,1,yes,yes,favorable_or_no_material_error_reported,no
dp_047,dp_047,1,yes,yes,favorable_or_no_material_error_reported,no
dp_048,dp_048,1,yes,yes,favorable_or_no_material_error_reported,no
dp_049,dp_049,1,yes,yes,verified_secondary_comparison_error,no
dp_050,dp_050,1,yes,yes,favorable_or_no_material_error_reported,no
dp_051,dp_051,1,yes,no,,no
dp_052,dp_052,1,no,no,,no
dp_053,dp_053,1,yes,yes,favorable_or_no_material_error_reported,no
dp_054,dp_054,1,yes,yes,favorable_or_no_material_error_reported,no
dp_055,dp_055,1,yes,yes,robustness_or_replication_concern,no
dp_056,dp_056,1,yes,no,,no
dp_057,dp_057,1,yes,yes,favorable_or_no_material_error_reported,no
dp_058,dp_058,1,yes,no,,no
dp_059,dp_059,1,yes,yes,favorable_or_no_material_error_reported,no
dp_060,dp_060,1,no,no,,no
dp_061,dp_061,1,yes,yes,favorable_or_no_material_error_reported,no
dp_062,dp_062,1,yes,yes,favorable_or_no_material_error_reported,no
dp_063,dp_063,1,no,no,,no
dp_064,dp_064,1,yes,yes,verified_secondary_quantity_error_main_claim_unchanged,no
dp_065,dp_065,1,yes,yes,robustness_or_replication_concern,no
dp_066,dp_066,1,yes,yes,favorable_or_no_material_error_reported,no
dp_067,dp_067,1,yes,yes,robustness_or_replication_concern,no
dp_068,dp_068,1,no,no,,no
dp_069,dp_069,1,yes,yes,favorable_or_no_material_error_reported,no
dp_070,dp_070,1,yes,no,,no
dp_071,dp_071,1,no,no,,no
dp_072,dp_072,1,yes,yes,favorable_or_no_material_error_reported,no
dp_073,dp_073,1,yes,yes,robustness_or_replication_concern,no
dp_074,dp_074,1,yes,yes,favorable_or_no_material_error_reported,no
dp_075,dp_075,1,yes,no,,no
dp_076,dp_076,1,yes,yes,favorable_or_no_material_error_reported,no
dp_077,dp_077,1,yes,yes,robustness_or_replication_concern,no
dp_078,dp_078;report_54760f3ce87e,2,yes,yes,favorable_or_no_material_error_reported,no
dp_079,dp_079,1,yes,yes,favorable_or_no_material_error_reported,no
dp_080,dp_080,1,yes,yes,favorable_or_no_material_error_reported,no
dp_081,dp_081,1,yes,no,,no
dp_082,dp_082,1,yes,no,,no
dp_083,dp_083,1,yes,yes,favorable_or_no_material_error_reported,no
dp_084,dp_084,1,no,no,,no
dp_085,dp_085;report_2ba6e124788d,2,yes,no,,no
dp_086,dp_086,1,yes,yes,robustness_or_replication_concern,no
dp_087,dp_087;report_3f405379726e,2,yes,yes,favorable_or_no_material_error_reported,no
dp_088,dp_088,1,yes,yes,robustness_or_replication_concern,no
dp_089,dp_089;report_077fcead2bdd,2,yes,yes,robustness_or_replication_concern,no
dp_090,dp_090,1,yes,yes,minor_error_or_materiality_unresolved,no
dp_091,dp_091,1,yes,no,,no
dp_092,dp_092,1,yes,yes,verified_error_in_stated_robustness_sample,no
dp_093,dp_093,1,yes,yes,favorable_or_no_material_error_reported,no
dp_094,dp_094;report_95553d627471,2,yes,yes,robustness,no
dp_095,dp_095;report_83421b0452f2,2,yes,yes,verified_material_GMM_error_consequence_disputed,no
dp_096,dp_096,1,no,no,,no
dp_097,dp_097,1,yes,no,,no
dp_098,dp_098,1,no,no,,no
dp_099,dp_099;report_318a2dea7b11,2,yes,yes,favorable_or_no_material_error_reported,no
dp_100,dp_100,1,no,no,,no
dp_101,dp_101,1,no,no,,no
dp_102,dp_102,1,no,no,,no
dp_103,dp_103,1,yes,yes,demonstrated_material_error,no
dp_104,dp_104;report_65803781fe9e,2,yes,yes,robustness_or_replication_concern,no
dp_105,dp_105;report_847150e275c5,2,yes,yes,robustness_concern,no
dp_106,dp_106;report_f65390241feb,2,yes,yes,favorable_assessment,no
dp_107,dp_107,1,no,no,,no
dp_108,dp_108;report_c44a94ff33b4,2,yes,yes,verified_material_city_coding_error_secondary_claims,no
dp_109,dp_109,1,no,no,,no
dp_110,dp_110;report_013c1e38ca22,2,yes,yes,verified_limited_error,no
dp_111,dp_111;report_917ba368c8fa,2,yes,yes,minor_error,no
dp_112,dp_112,1,yes,yes,robustness_concern,no
dp_113,dp_113;report_64d2bdaadf68,2,yes,yes,favorable_assessment,no
dp_114,dp_114;report_111f75ef12be,2,yes,yes,favorable_assessment,no
dp_115,dp_115;report_ed6b80f144ed,2,yes,yes,minor_error,no
dp_116,dp_116,1,yes,no,,no
dp_117,dp_117,1,no,no,,no
dp_118,dp_118,1,yes,yes,robustness_concern,no
dp_119,dp_119;report_4194b145419c,2,yes,yes,favorable_assessment,no
dp_120,dp_120,1,yes,yes,robustness_concern,no
dp_121,dp_121;report_49a16f6cfda5,2,yes,yes,minor_error,no
dp_122,dp_122;report_726a9cf5bf0d,2,yes,yes,favorable_assessment,no
dp_123,dp_123,1,no,no,,no
dp_124,dp_124,1,no,no,,no
dp_125,dp_125,1,no,no,,no
dp_126,dp_126;report_ea9c2b0ff092,2,yes,yes,minor_error,no
dp_127,dp_127,1,yes,yes,robustness_concern,no
dp_128,dp_128;report_8c8d6dc18f21,2,yes,yes,favorable_assessment,no
dp_129,dp_129,1,yes,no,,no
dp_130,dp_130,1,yes,yes,robustness_concern,no
dp_131,dp_131,1,yes,yes,robustness_concern,no
dp_132,dp_132;report_859116e7eb38,2,yes,yes,robustness_assessment,no
dp_133,dp_133,1,yes,yes,robustness_concern,no
dp_134,dp_134,1,yes,yes,robustness_concern,no
dp_135,dp_135,1,yes,yes,minor_error,no
dp_136,dp_136,1,no,no,,no
dp_137,dp_137;report_63c3f58d6b55,2,yes,no,,no
dp_138,dp_138;report_c2baf1ad50bb,2,yes,yes,favorable_assessment,no
dp_139,dp_139;report_ec7dbde1767c,2,yes,yes,favorable_assessment,no
dp_140,dp_140;report_b26a6524eda1;report_f7f8e5b7ec44,3,yes,yes,minor_reporting_discrepancy_and_robustness_concern,no
dp_141,dp_141,1,no,no,,no
dp_142,dp_142;report_5d73ec1dc3d6,2,yes,yes,favorable_assessment,no
dp_143,dp_143,1,no,no,,no
dp_144,dp_144;report_438642c3c161,2,yes,yes,minor_error,no
dp_145,dp_145;report_70623055b3d8,2,yes,yes,minor_error,no
dp_146,dp_146;report_7b6e3711f962,2,yes,yes,favorable_assessment,no
dp_147,dp_147,1,yes,yes,favorable_assessment,no
dp_148,dp_148;report_52bea92b7c10,2,yes,yes,material_error,no
dp_149,dp_149,1,yes,yes,verified_limited_error,no
dp_150,dp_150,1,no,no,,no
dp_151,dp_151,1,yes,yes,minor_error,no
dp_152,dp_152,1,yes,yes,minor_error,no
dp_153,dp_153;report_8ebbd6f41128,2,yes,no,,no
dp_154,dp_154;report_300fff3932d7,2,yes,yes,linked_previous_review,no
dp_155,dp_155,1,yes,yes,minor_error,no
dp_156,dp_156,1,yes,yes,favorable_assessment,no
dp_157,dp_157,1,yes,yes,robustness_concern,no
dp_158,dp_158,1,yes,yes,robustness_dispute,no
dp_159,dp_159,1,no,no,,no
dp_160,dp_160,1,yes,yes,robustness_concern,no
dp_161,dp_161,1,yes,yes,unresolved,no
dp_162,dp_162,1,yes,yes,robustness_concern,no
dp_163,dp_163,1,yes,yes,favorable_assessment,no
dp_164,dp_164,1,yes,yes,favorable_assessment,no
dp_165,dp_165;report_78a6d365d73e,2,yes,yes,minor_error,no
dp_166,dp_166,1,yes,yes,favorable_assessment,no
dp_167,dp_167,1,yes,yes,favorable_assessment,no
dp_168,dp_168;report_5328fbe6f83f,2,yes,yes,robustness_concern,no
dp_169,dp_169,1,yes,no,,no
dp_170,dp_170;report_62881c68084b,2,yes,yes,minor_error,no
dp_171,dp_171,1,yes,yes,favorable_assessment,no
dp_172,dp_172;report_4cb285ca816f,2,yes,yes,favorable_assessment_with_reproducibility_discrepancies,no
dp_173,dp_173,1,yes,yes,favorable_assessment,no
dp_174,dp_174,1,yes,yes,favorable_assessment,no
dp_175,dp_175;report_94a65cd398d5,2,yes,yes,minor_error,no
dp_176,dp_176,1,yes,no,,no
dp_177,dp_177,1,yes,yes,robustness_concern,no
dp_178,dp_178,1,yes,yes,robustness_concern,no
dp_179,dp_179,1,no,no,,no
dp_180,dp_180,1,yes,yes,minor_error,no
dp_181,dp_181,1,yes,yes,robustness_concern,no
dp_182,dp_182,1,no,no,,no
dp_183,dp_183,1,no,no,,no
dp_184,dp_184,1,no,no,,no
dp_185,dp_185,1,yes,no,,no
dp_186,dp_186,1,yes,yes,minor_error,no
dp_187,dp_187,1,yes,yes,robustness_concern,no
dp_188,dp_188,1,yes,yes,favorable_assessment,no
dp_189,dp_189,1,yes,yes,favorable_assessment,no
dp_190,dp_190,1,no,no,,no
dp_191,dp_191,1,yes,no,,no
dp_192,dp_192,1,no,no,,no
dp_193,dp_193;report_f8f4a01aaac4,2,yes,yes,demonstrated_material_error,no
dp_194,dp_194,1,no,no,,no
dp_195,dp_195,1,no,no,,no
dp_196,dp_196;report_b056c7640453,2,yes,yes,minor_error,no
dp_197,dp_197;report_adc462f785ab,2,yes,yes,favorable_assessment,no
dp_198,dp_198,1,yes,no,,no
dp_199,dp_199;report_55b052c42573,2,yes,yes,favorable_assessment,no
dp_200,dp_200,1,no,no,,no
dp_201,dp_201,1,yes,no,,no
dp_202,dp_202,1,yes,yes,favorable_assessment,no
dp_203,dp_203,1,yes,yes,favorable_assessment,no
dp_204,dp_204;report_85d27f187f5e,2,yes,yes,robustness_concern,no
dp_205,dp_205,1,yes,yes,failed_replication,no
dp_206,dp_206,1,yes,yes,minor_error,no
dp_207,dp_207;report_1f90474faad5,2,yes,yes,demonstrated_material_error,no
dp_208,dp_208;report_e5369beb10cf,2,yes,yes,material_error,no
dp_209,dp_209,1,no,no,,no
dp_210,dp_210,1,yes,yes,material_error,no
dp_211,dp_211;report_5a1b2e97cdc1,2,yes,yes,favorable_assessment,no
dp_212,dp_212;report_b42733a6a663,2,yes,yes,favorable_assessment,no
dp_213,dp_213;report_ddc4ef0fbe5d,2,yes,yes,robustness_concern,no
dp_214,dp_214,1,yes,yes,material_error,no
dp_215,dp_215;report_bfd18568d399,2,yes,yes,minor_error_with_robustness_concern,no
dp_216,dp_216,1,yes,no,,no
dp_217,dp_217,1,no,no,,no
dp_218,dp_218;report_aefc27d5ae78,2,yes,yes,favorable_assessment,no
dp_219,dp_219;report_2ee3d7892331,2,yes,yes,minor_error,no
dp_220,dp_220,1,no,no,,no
dp_221,dp_221;report_e5ae077f3448,2,yes,yes,demonstrated_material_error,no
dp_222,dp_222;report_6385b2ec544a,2,yes,yes,favorable_assessment,no
dp_223,dp_223,1,yes,yes,favorable_assessment,no
dp_224,dp_224,1,yes,yes,favorable_assessment,no
dp_225,dp_225,1,no,no,,no
dp_226,dp_226,1,yes,yes,material_error,no
dp_227,dp_227,1,yes,yes,material_error,no
dp_228,dp_228,1,yes,yes,favorable_assessment,no
dp_229,dp_229,1,yes,yes,robustness_concern,no
dp_230,dp_230;report_3e68a5b034dd,2,yes,no,,no
dp_231,dp_231,1,yes,yes,favorable_assessment,no
dp_232,dp_232,1,yes,yes,robustness_concern,no
dp_233,dp_233;report_ddf1ed671493,2,yes,yes,favorable_assessment,no
dp_234,dp_234,1,no,no,,no
dp_235,dp_235;report_0b9eaac400f8,2,yes,yes,favorable_assessment,no
dp_236,dp_236;report_03263d6ee814,2,yes,yes,mixed_or_failed_new_data_replication,no
dp_237,dp_237;report_afa0fe28996c,2,yes,yes,favorable_assessment,no
dp_238,dp_238,1,yes,yes,favorable_assessment,no
dp_239,dp_239,1,yes,yes,mixed_or_failed_new_data_replication,no
dp_240,dp_240,1,yes,no,,no
dp_241,dp_241,1,yes,no,,no
dp_242,dp_242,1,no,no,,no
dp_243,dp_243;report_c6dca261c36a,2,yes,yes,demonstrated_material_error,no
dp_244,dp_244,1,no,no,,no
dp_245,dp_245;dp_279,2,yes,yes,favorable_assessment,no
dp_246,dp_246;report_28c867c4993d,2,yes,yes,favorable_assessment,no
dp_247,dp_247;report_c7f2656f19f5,2,yes,yes,favorable_assessment,no
dp_248,dp_248,1,no,no,,no
dp_249,dp_249,1,no,no,,no
dp_250,dp_250,1,yes,yes,mixed_or_failed_new_data_replication,no
dp_251,dp_251,1,yes,yes,minor_reporting_and_reproduction_discrepancies,no
dp_252,dp_252,1,yes,yes,favorable_assessment,no
dp_253,dp_253;report_6a279044dcee,2,yes,yes,favorable_assessment,no
dp_254,dp_254,1,no,no,,no
dp_255,dp_255,1,yes,yes,favorable_assessment,no
dp_256,dp_256,1,yes,yes,favorable_assessment,no
dp_257,dp_257,1,yes,yes,favorable_assessment,no
dp_258,dp_258;report_d1dff71b45f4,2,yes,yes,robustness_concern,no
dp_259,dp_259;report_48ae850d3c4c,2,yes,yes,favorable_assessment,no
dp_260,dp_260,1,yes,yes,favorable_assessment,no
dp_261,dp_261,1,yes,yes,robustness_concern,no
dp_262,dp_262,1,no,no,,no
dp_263,dp_263,1,yes,yes,robustness_concern,no
dp_264,dp_264,1,no,no,,no
dp_265,dp_265,1,no,no,,no
dp_266,dp_266,1,no,no,,no
dp_267,dp_267,1,yes,yes,material_error,no
dp_268,dp_268;report_9037987430de,2,yes,yes,limited_coding_and_robustness_concern,no
dp_269,dp_269,1,yes,yes,minor_error_no_verified_material_consequence,no
dp_270,dp_270,1,no,no,,no
dp_271,dp_271,1,yes,yes,acknowledged_units_error_without_verified_material_main_effect_change,no
dp_272,dp_272,1,no,no,,no
dp_273,dp_273,1,yes,yes,favorable_assessment,no
dp_274,dp_274,1,yes,yes,minor_error_no_verified_material_consequence,no
dp_275,dp_275,1,yes,yes,favorable_assessment,no
dp_276,dp_276;report_780942f101b3,2,yes,no,,no
dp_277,dp_277;report_23a9252aef51,2,yes,yes,favorable_assessment,no
dp_278,dp_278,1,yes,yes,verified_material_statistical_error,no
dp_280,dp_280;report_746e7973905e,2,yes,yes,favorable_assessment,no
dp_281,dp_281,1,no,no,,no
dp_282,dp_282,1,no,no,,no
dp_283,dp_283,1,yes,yes,robustness_concern,no
dp_284,dp_284,1,no,no,,no
dp_285,dp_285,1,yes,yes,material_error,no
dp_286,dp_286,1,no,no,,no
dp_287,dp_287,1,no,no,,no
dp_288,dp_288;report_b41a30aeb61b,2,yes,yes,minor_error_no_verified_material_consequence,no
dp_289,dp_289;report_52b025b81bea,2,yes,yes,favorable_assessment,no
dp_290,dp_290;report_0990ab487ba5,2,yes,yes,favorable_assessment,no
dp_291,dp_291;report_3c9cbb3fc4b8,2,yes,yes,favorable_assessment,no
dp_292,dp_292,1,yes,yes,material_error,no
dp_293,dp_293,1,yes,yes,measurement_validity_concern,no
dp_294,dp_294,1,yes,yes,material_error,no
dp_295,dp_295,1,yes,yes,robustness_concern,no
dp_296,dp_296,1,no,no,,no
dp_297,dp_297,1,no,no,,no
dp_298,dp_298,1,yes,yes,favorable_assessment,no
dp_299,dp_299,1,yes,no,,no
dp_300,dp_300;report_5da2179e3559,2,yes,yes,favorable_assessment,no
dp_301,dp_301,1,yes,yes,robustness_concern,no
dp_302,dp_302,1,yes,yes,material_error,no
dp_303,dp_303,1,yes,yes,model_support_disagreement_not_verified_coding_error,no
dp_304,dp_304,1,no,no,,no
dp_305,dp_305;report_48e3e8dec4b5,2,yes,no,,no
dp_306,dp_306,1,no,no,,no
dp_307,dp_307,1,yes,yes,duplicated_rows_without_verified_change_in_primary_inference,no
dp_308,dp_308,1,no,no,,no
dp_309,dp_309;report_ee38b5cf0c36,2,yes,yes,minor_error_no_verified_material_consequence,no
dp_310,dp_310,1,no,no,,no
dp_311,dp_311,1,yes,yes,material_scoring_error_in_personality_finding,no
dp_312,dp_312,1,no,no,,no
dp_313,dp_313,1,yes,yes,material_error,no
dp_314,dp_314,1,no,no,,no
dp_315,dp_315,1,no,no,,no
dp_316,dp_316;report_54d4acbe1ca7,2,yes,yes,minor_error_no_verified_material_consequence,no
dp_317,dp_317,1,yes,yes,robustness_concern,no
dp_318,dp_318,1,no,no,,no
dp_319,dp_319,1,no,no,,no
dp_320,dp_320,1,no,no,,no
dp_321,dp_321;report_84be28b9ecb3,2,yes,yes,computational_portability_issue_results_reproduced,no
dp_322,dp_322,1,no,no,,no
dp_323,dp_323;report_ec8d68edcc23,2,yes,yes,minor_reporting_discrepancy_with_data_reconstruction_limitations,no
dp_324,dp_324,1,yes,yes,material_error,no
dp_325,dp_325,1,no,no,,no
dp_326,dp_326,1,no,no,,no
dp_327,dp_327,1,yes,no,,no
dp_328,dp_328,1,no,no,,no
dp_329,dp_329,1,no,no,,no
dp_330,dp_330,1,yes,no,,no
dp_331,dp_331,1,yes,yes,favorable_assessment,no
report_01d3b0f74ad3,report_01d3b0f74ad3,1,yes,yes,robustness_only,no
report_031bce2940e1,report_031bce2940e1,1,yes,no,,no
report_034f3cfa5895,report_034f3cfa5895,1,yes,yes,reproduced,no
report_03ac432e2012,report_03ac432e2012,1,yes,yes,robustness_dispute,no
report_03df53dc216f,report_03df53dc216f,1,yes,yes,robustness_dispute,no
report_0425a20fb3e7,report_0425a20fb3e7,1,yes,yes,favorable_assessment_with_robustness_caveat,no
report_04ef61718bc9,report_04ef61718bc9,1,yes,yes,partial_reproduction,no
report_07d5d343c603,report_07d5d343c603,1,yes,yes,robustness_concern,no
report_088986d1a728,report_088986d1a728,1,yes,yes,verified_material_error_subsequently_retracted,no
report_0a1270bb9a9d,report_0a1270bb9a9d,1,yes,yes,reproduced,no
report_0a3ce4480b8d,report_0a3ce4480b8d,1,unresolved,no,,no
report_0b5122ccd268,report_0b5122ccd268,1,yes,yes,multiple_independent_reports_minor_error,no
report_0c4af26983ac,report_0c4af26983ac,1,yes,yes,minor_execution_errors,no
report_0cdfd7779776,report_0cdfd7779776,1,yes,yes,robustness_dispute,no
report_0e8623ca4cdc,report_0e8623ca4cdc,1,unresolved,no,,no
report_0ecec415b607,report_0ecec415b607,1,yes,yes,reproduced,no
report_0ed9bf5f9a71,report_0ed9bf5f9a71,1,yes,yes,robustness_or_replication_concern,no
report_0f0b51d3c83d,report_0f0b51d3c83d,1,yes,yes,favorable_or_no_material_error_reported,no
report_0f5d0a6ce514,report_0f5d0a6ce514,1,yes,yes,robustness_concern,no
report_0f71b3a9e282,report_0f71b3a9e282,1,yes,yes,multiple_independent_reports_minor_error,no
report_0f8e8c6d9a0c,report_0f8e8c6d9a0c,1,unresolved,no,,no
report_0facb9bdb772,report_0facb9bdb772,1,yes,yes,robustness_only,no
report_102fa498c658,report_102fa498c658,1,yes,yes,favorable_or_no_material_error_reported,no
report_1038ad88495f,report_1038ad88495f,1,yes,yes,reproduced,no
report_117ccd13ae51,report_117ccd13ae51,1,yes,yes,minor_typographical_error_and_robustness,no
report_13543fae5f0d,report_13543fae5f0d,1,yes,yes,robustness_only,no
report_17615f22175f,report_17615f22175f,1,yes,yes,minor_error,no
report_180de0be9052,report_180de0be9052,1,yes,yes,reproduced,no
report_19c3ee595fc7,report_19c3ee595fc7,1,yes,no,,no
report_19c9277027f4,report_19c9277027f4,1,yes,yes,reproduced,no
report_1ccbfbef81d1,report_1ccbfbef81d1,1,yes,yes,robustness_dispute,no
report_1e99491ab20f,report_1e99491ab20f,1,yes,no,,no
report_1ef3fd4e5166,report_1ef3fd4e5166,1,yes,no,,no
report_1efb9ff6b290,report_1efb9ff6b290,1,yes,yes,partial_reproduction,no
report_203b27c0b1a6,report_203b27c0b1a6,1,yes,yes,error_strengthens_result,no
report_22c50b4556c1,report_22c50b4556c1,1,yes,yes,reproduced,no
report_23e037b9a073,report_23e037b9a073,1,yes,yes,verified_error_in_stated_robustness_sample,no
report_25fa9c5ebab8,report_25fa9c5ebab8,1,yes,yes,favorable_or_no_material_error_reported,no
report_2713d65ee366,report_2713d65ee366,1,yes,no,,no
report_27252c88eb9c,report_27252c88eb9c,1,unresolved,no,,no
report_2748bfa718f4,report_2748bfa718f4,1,yes,yes,favorable_or_no_material_error_reported,no
report_276862ff6cc4,report_276862ff6cc4,1,yes,no,,no
report_2a2fdd1808ed,report_2a2fdd1808ed,1,yes,no,,no
report_2aedc6cdf5ea,report_2aedc6cdf5ea,1,yes,yes,reproduced,no
report_2af5962ea1ca,report_2af5962ea1ca,1,yes,yes,minor_error,no
report_2cbf5df8aefc,report_2cbf5df8aefc,1,unresolved,no,,no
report_2d0614eec3f5,report_2d0614eec3f5,1,yes,yes,favorable_or_no_material_error_reported,no
report_2e8015f6771c,report_2e8015f6771c,1,yes,yes,minor_error,no
report_2f770cb667b4,report_2f770cb667b4,1,yes,yes,robustness_only,no
report_2f792d86ba6c,report_2f792d86ba6c,1,yes,yes,verified_material_error_in_secondary_IV_robustness,no
report_313337566cca,report_313337566cca,1,yes,yes,reproduced,no
report_317bbaa7f373,report_317bbaa7f373,1,yes,yes,robustness_dispute,no
report_323c63c13b44,report_323c63c13b44,1,yes,yes,robustness_or_replication_concern,no
report_324e39312a52,report_324e39312a52,1,yes,no,,no
report_32899d883e60,report_32899d883e60,1,yes,yes,minor_reproduction_discrepancy_and_robustness,no
report_3340367f828c,report_3340367f828c,1,yes,yes,favorable_or_no_material_error_reported,no
report_350263be01cc,report_350263be01cc,1,yes,yes,robustness_only,no
report_36350ebecd44,report_36350ebecd44,1,yes,no,,no
report_36dd6624e387,report_36dd6624e387,1,yes,no,,no
report_38042f8fab98,report_38042f8fab98,1,yes,yes,reproduced,no
report_385138889ad1,report_385138889ad1,1,yes,no,,no
report_386d83cc3844,report_386d83cc3844,1,yes,yes,minor_error,no
report_38b5d014475d,report_38b5d014475d,1,yes,no,,no
report_393f26b87c95,report_393f26b87c95,1,yes,yes,robustness_dispute,no
report_394855884c45,report_394855884c45,1,yes,yes,favorable_or_no_material_error_reported,no
report_3957dceafbb8,report_3957dceafbb8,1,yes,yes,favorable_or_no_material_error_reported,no
report_3a412384841e,report_3a412384841e,1,yes,yes,minor_error,no
report_3a9255e8aaf9,report_3a9255e8aaf9,1,yes,no,,no
report_3c6fd10f4bb2,report_3c6fd10f4bb2,1,yes,yes,favorable_or_no_material_error_reported,no
report_3c7368c75d1c,report_3c7368c75d1c,1,yes,yes,robustness_concern_and_minor_reproduction_discrepancy,no
report_3d04acf29362,report_3d04acf29362,1,yes,yes,verified_secondary_quantity_error_main_claim_unchanged,no
report_3d17a45b05e8,report_3d17a45b05e8,1,yes,yes,favorable_assessment_with_modeling_robustness,no
report_3da709722dd1,report_3da709722dd1,1,yes,yes,robustness_only,no
report_3ea3dcfd7ce8,report_3ea3dcfd7ce8,1,yes,no,,no
report_405857e47dec,report_405857e47dec,1,yes,yes,favorable_or_no_material_error_reported,no
report_426f30fc736c,report_426f30fc736c,1,yes,yes,robustness_only,no
report_42d464450881,report_42d464450881,1,yes,no,,no
report_4533b3f73770,report_4533b3f73770,1,yes,yes,reproduced,no
report_485c06b26373,report_485c06b26373,1,yes,yes,favorable_assessment_with_secondary_robustness,no
report_488392fa8d15,report_488392fa8d15,1,yes,no,,no
report_4968d35b0fba,report_4968d35b0fba,1,yes,yes,robustness_concern,no
report_49db3e2bf54e,report_49db3e2bf54e,1,unresolved,no,,no
report_5003934d7f11,report_5003934d7f11,1,yes,yes,reproduced,no
report_529ee199e8d9,report_529ee199e8d9,1,yes,no,,no
report_53da140009b8,report_53da140009b8,1,yes,yes,favorable_or_no_material_error_reported,no
report_5437ba586f46,report_5437ba586f46,1,yes,yes,verified_material_coding_error,no
report_545e8437a0f7,report_545e8437a0f7,1,yes,yes,reproduced,no
report_550084c248dc,report_550084c248dc,1,yes,yes,favorable_assessment_with_reporting_discrepancy,no
report_551a1b4adf78,report_551a1b4adf78,1,yes,yes,reproduced,no
report_573bd43586da,report_573bd43586da,1,yes,yes,robustness_concern,no
report_589fa23b9532,report_589fa23b9532,1,yes,yes,favorable_or_no_material_error_reported,no
report_58dfe8b66caa,report_58dfe8b66caa,1,yes,yes,favorable_or_no_material_error_reported,no
report_590bd2f69efe,report_590bd2f69efe,1,yes,yes,verified_specific_interpretation_error_models_reproduce,no
report_5bb2a5efb9a9,report_5bb2a5efb9a9,1,unresolved,no,,no
report_5bd243a4562a,report_5bd243a4562a,1,yes,yes,robustness_only,no
report_5d24a4102638,report_5d24a4102638,1,yes,yes,minor_error_and_robustness,no
report_5f6c25143883,report_5f6c25143883,1,yes,yes,favorable_assessment,no
report_5f95f3c12b64,report_5f95f3c12b64,1,yes,no,,no
report_5ff8b07dffd7,report_5ff8b07dffd7,1,yes,no,,no
report_60214574faf5,report_60214574faf5,1,yes,yes,favorable_assessment,no
report_62ce4a2f1052,report_62ce4a2f1052,1,yes,no,,no
report_637ea4721309,report_637ea4721309,1,yes,yes,favorable_assessment,no
report_6394b080d758,report_6394b080d758,1,yes,yes,minor_error,no
report_63a489b4867a,report_63a489b4867a,1,yes,yes,favorable_assessment,no
report_63b95e0a73bf,report_63b95e0a73bf,1,no,no,,no
report_64d6a849fe81,report_64d6a849fe81,1,yes,yes,minor_error,no
report_652ceb482bdd,report_652ceb482bdd,1,yes,yes,favorable,no
report_657d6789dfcb,report_657d6789dfcb,1,yes,no,,no
report_670b1936f654,report_670b1936f654,1,yes,no,,no
report_67910b9c42e5,report_67910b9c42e5,1,yes,yes,minor_error,no
report_68458202da63,report_68458202da63,1,yes,yes,favorable,no
report_68608b5c104f,report_68608b5c104f,1,yes,yes,robustness_concern,no
report_686dc5480e75,report_686dc5480e75,1,yes,no,,no
report_6876536c6342,report_6876536c6342,1,yes,yes,minor_error,no
report_68bdcb8c872e,report_68bdcb8c872e,1,yes,yes,favorable,no
report_6cd014ce1d90,report_6cd014ce1d90,1,yes,yes,robustness,no
report_6cffdb4fbbe1,report_6cffdb4fbbe1,1,yes,no,,no
report_6d87c7bf3502,report_6d87c7bf3502,1,yes,yes,minor_error_and_robustness,no
report_6e16fa666cce,report_6e16fa666cce,1,yes,yes,minor_error_or_materiality_unresolved,no
report_6e760b3ec360,report_6e760b3ec360,1,yes,no,,no
report_6effccc0095a,report_6effccc0095a,1,yes,no,,no
report_6fee70db84f9,report_6fee70db84f9,1,yes,yes,favorable,no
report_70f54a122931,report_70f54a122931,1,yes,no,,no
report_71fb132c3ec3,report_71fb132c3ec3,1,yes,yes,minor_error,no
report_739bcf3028e9,report_739bcf3028e9,1,yes,yes,minor_error,no
report_73f84ad32827,report_73f84ad32827,1,yes,yes,robustness,no
report_74c8331744fa,report_74c8331744fa,1,yes,yes,minor_error,no
report_75e85cb29cc1,report_75e85cb29cc1,1,yes,yes,minor_error,no
report_76689919aa7b,report_76689919aa7b,1,yes,yes,favorable,no
report_767ed52a7503,report_767ed52a7503,1,yes,no,,no
report_76cd8a9e8fea,report_76cd8a9e8fea,1,yes,no,,no
report_76e1bc253d3c,report_76e1bc253d3c,1,yes,yes,robustness_assessment,no
report_76f614c90463,report_76f614c90463,1,no,no,,no
report_774d2dde3549,report_774d2dde3549,1,yes,yes,robustness,no
report_7941276db142,report_7941276db142,1,yes,yes,minor_error,no
report_79b3dfcb472d,report_79b3dfcb472d,1,yes,yes,minor_error,no
report_79ef3eacb036,report_79ef3eacb036,1,yes,no,,no
report_7b72d6d7ac3f,report_7b72d6d7ac3f,1,yes,no,,no
report_7bafb5e09f22,report_7bafb5e09f22,1,yes,no,,no
report_7bb8243d4722,report_7bb8243d4722,1,yes,yes,favorable,no
report_7bdee2c58f72,report_7bdee2c58f72,1,yes,yes,minor_error,no
report_7cb80d382920,report_7cb80d382920,1,yes,yes,minor_error,no
report_7d07f92524e7,report_7d07f92524e7,1,yes,no,,no
report_7df3ecdd3fbc,report_7df3ecdd3fbc,1,yes,yes,robustness,no
report_7e04fdf7bfb2,report_7e04fdf7bfb2,1,yes,yes,material_secondary_error,no
report_80272db5e8c6,report_80272db5e8c6,1,yes,yes,favorable_assessment,no
report_8081728c8128,report_8081728c8128,1,yes,yes,favorable,no
report_81150904aedd,report_81150904aedd,1,yes,yes,robustness,no
report_8179797314d5,report_8179797314d5,1,yes,no,,no
report_81cf468b169a,report_81cf468b169a,1,yes,no,,no
report_8290e13f6cb7,report_8290e13f6cb7,1,yes,no,,no
report_839e017284ca,report_839e017284ca,1,yes,yes,minor_error,no
report_83fc3494a79a,report_83fc3494a79a,1,yes,yes,minor_error,no
report_850e8ee1d4b8,report_850e8ee1d4b8,1,yes,yes,robustness,no
report_859394d98638,report_859394d98638,1,yes,no,,no
report_85fbf173df9d,report_85fbf173df9d,1,yes,no,,no
report_876371161281,report_876371161281,1,yes,no,,no
report_8807c6761590,report_8807c6761590,1,yes,no,,no
report_88c31d5e4579,report_88c31d5e4579,1,yes,no,,no
report_890ecb7e62c7,report_890ecb7e62c7,1,yes,no,,no
report_89ed7484a3ce,report_89ed7484a3ce,1,yes,no,,no
report_8a62d85e50f0,report_8a62d85e50f0,1,yes,no,,no
report_8aa2c4234fee,report_8aa2c4234fee,1,yes,no,,no
report_8b644d8dbe22,report_8b644d8dbe22,1,yes,no,,no
report_8bbbebd983c3,report_8bbbebd983c3,1,yes,yes,minor_error,no
report_8c6b6db02811,report_8c6b6db02811,1,yes,yes,favorable_with_scope_limits,no
report_8caa5396834e,report_8caa5396834e,1,yes,yes,robustness,no
report_8cee2db71265,report_8cee2db71265,1,yes,no,,no
report_8d03d85b9d9a,report_8d03d85b9d9a,1,yes,no,,no
report_8d1934da91f2,report_8d1934da91f2,1,yes,yes,robustness,no
report_8d7f2f99a86f,report_8d7f2f99a86f,1,yes,no,,no
report_8fa34877f181,report_8fa34877f181,1,yes,no,,no
report_906e8a5c262f,report_906e8a5c262f,1,yes,yes,minor_error,no
report_9077fcd8986c,report_9077fcd8986c,1,yes,no,,no
report_914dded38da9,report_914dded38da9,1,yes,no,,no
report_91787aed0ded,report_91787aed0ded,1,yes,yes,minor_error,no
report_921e82936cf9,report_921e82936cf9,1,yes,yes,minor_error,no
report_9289040efecc,report_9289040efecc,1,yes,yes,robustness_concern,no
report_93b166dd6c9b,report_93b166dd6c9b,1,yes,no,,no
report_9578ed0cf863,report_9578ed0cf863,1,yes,yes,mixed_or_failed_new_data_replication,no
report_959ed0e7bca7,report_959ed0e7bca7,1,yes,no,,no
report_968dc0f486c5,report_968dc0f486c5,1,yes,yes,minor_error,no
report_96da3b4e0058,report_96da3b4e0058,1,yes,yes,favorable,no
report_96fb50a0af80,report_96fb50a0af80,1,yes,no,,no
report_97233bd5a4ee,report_97233bd5a4ee,1,yes,no,,no
report_977172a380dd,report_977172a380dd,1,yes,yes,favorable_assessment,no
report_97912deea82e,report_97912deea82e,1,yes,no,,no
report_97b9dbb928b5,report_97b9dbb928b5,1,yes,no,,no
report_98d325388526,report_98d325388526,1,yes,no,,no
report_9bbb1f9e6cb0,report_9bbb1f9e6cb0,1,yes,no,,no
report_9cca1f42f9f8,report_9cca1f42f9f8,1,yes,no,,no
report_9cebe1d78bed,report_9cebe1d78bed,1,yes,yes,multiple_assessments_minor_errors,no
report_a1c4fa3a5380,report_a1c4fa3a5380,1,yes,yes,favorable_assessment,no
report_a25f2ad859e3,report_a25f2ad859e3,1,yes,no,,no
report_a39057b430cc,report_a39057b430cc,1,yes,no,,no
report_a47e663f344f,report_a47e663f344f,1,yes,no,,no
report_a55b58fb15e6,report_a55b58fb15e6,1,yes,yes,favorable,no
report_a56bb2fe13ac,report_a56bb2fe13ac,1,yes,yes,favorable,no
report_a614537a7cf1,report_a614537a7cf1,1,yes,no,,no
report_a73316183cbc,report_a73316183cbc,1,yes,yes,robustness,no
report_a8d7c4d1da61,report_a8d7c4d1da61,1,yes,no,,no
report_a9e4b16d7711,report_a9e4b16d7711,1,yes,no,,no
report_aa6015a229e9,report_aa6015a229e9,1,yes,yes,minor_error,no
report_ac792d25b85b,report_ac792d25b85b,1,yes,no,,no
report_acee3855883d,report_acee3855883d,1,yes,yes,minor_error,no
report_adddaac3ae6f,report_adddaac3ae6f,1,yes,no,,no
report_ae3c337e2262,report_ae3c337e2262,1,no,no,,no
report_b1242bc10d93,report_b1242bc10d93,1,yes,yes,minor_error,no
report_b377cb06e96d,report_b377cb06e96d,1,yes,yes,minor_error,no
report_b38dbf8f76d0,report_b38dbf8f76d0,1,yes,yes,robustness_concern,no
report_b55f7a2952ec,report_b55f7a2952ec,1,yes,yes,robustness_concern,no
report_b5c8e11ef2cb,report_b5c8e11ef2cb,1,yes,no,,no
report_b5ee64de051f,report_b5ee64de051f,1,yes,yes,favorable_assessment,no
report_b600ae8b75e9,report_b600ae8b75e9,1,yes,yes,robustness_concern,no
report_b6de6e872d53,report_b6de6e872d53,1,yes,yes,robustness_concern,no
report_b71d6d4c41f4,report_b71d6d4c41f4,1,yes,yes,robustness_concern,no
report_b9e41e070505,report_b9e41e070505,1,yes,no,,no
report_ba8b9fa7362c,report_ba8b9fa7362c,1,yes,yes,favorable_assessment,no
report_bd6d70080f15,report_bd6d70080f15,1,yes,no,,no
report_bdaec4a6ba60,report_bdaec4a6ba60,1,yes,yes,robustness_concern,no
report_bdf26a445bbc,report_bdf26a445bbc,1,yes,yes,robustness_concern,no
report_be97b2010c5d,report_be97b2010c5d,1,yes,yes,robustness_concern,no
report_be9c14ba21ae,report_be9c14ba21ae,1,yes,yes,favorable_assessment,no
report_bffa1271e151,report_bffa1271e151,1,yes,no,,no
report_c0c9f446a6ce,report_c0c9f446a6ce,1,yes,no,,no
report_c0cb23e9efc0,report_c0cb23e9efc0,1,yes,no,,no
report_c3ea52003ae3,report_c3ea52003ae3,1,yes,no,,no
report_c46a57bef27d,report_c46a57bef27d,1,yes,yes,favorable_assessment,no
report_c49f6fb5640e,report_c49f6fb5640e,1,yes,yes,favorable_assessment,no
report_c4ed09f97dcb,report_c4ed09f97dcb,1,yes,yes,favorable_assessment,no
report_c548b36748c7,report_c548b36748c7,1,yes,no,,no
report_c55c0ae82b1e,report_c55c0ae82b1e,1,yes,yes,favorable_assessment,no
report_c5b0b5cd110b,report_c5b0b5cd110b,1,yes,yes,minor_error,no
report_c5ef8d58f571,report_c5ef8d58f571,1,yes,no,,no
report_c8481e245c47,report_c8481e245c47,1,yes,yes,robustness_concern,no
report_c8f2b1557cdf,report_c8f2b1557cdf,1,yes,yes,favorable_assessment,no
report_ca5fa450fb83,report_ca5fa450fb83,1,yes,no,,no
report_cb45594f8f09,report_cb45594f8f09,1,yes,yes,robustness_concern,no
report_cbaa15c2cc70,report_cbaa15c2cc70,1,yes,no,,no
report_cc7ce2d4ecb8,report_cc7ce2d4ecb8,1,yes,no,,no
report_cc97f2b93fc2,report_cc97f2b93fc2,1,yes,yes,minor_error_no_verified_material_consequence,no
report_cdcd099e5668,report_cdcd099e5668,1,yes,yes,robustness_concern,no
report_ce15fc62b8de,report_ce15fc62b8de,1,yes,no,,no
report_ce19a9f10a57,report_ce19a9f10a57,1,yes,yes,favorable_assessment,no
report_ced363c4c8bc,report_ced363c4c8bc,1,yes,yes,minor_error,no
report_cef722f52f77,report_cef722f52f77,1,yes,yes,favorable_assessment,no
report_cf556e174287,report_cf556e174287,1,yes,no,,no
report_cfd8f82c70d7,report_cfd8f82c70d7,1,yes,yes,minor_error,no
report_cff0211bb8e8,report_cff0211bb8e8,1,yes,yes,favorable_assessment,no
report_cffb1b4be23b,report_cffb1b4be23b,1,yes,yes,favorable_assessment,no
report_d02718db7129,report_d02718db7129,1,yes,yes,favorable_assessment,no
report_d06e7bd06a67,report_d06e7bd06a67,1,yes,yes,favorable_assessment,no
report_d09a267d54fd,report_d09a267d54fd,1,yes,yes,minor_error,no
report_d20485341bfd,report_d20485341bfd,1,yes,no,,no
report_d31287601c51,report_d31287601c51,1,yes,yes,favorable_assessment,no
report_d587e96a9879,report_d587e96a9879,1,yes,yes,minor_error,no
report_d5c37735e1a6,report_d5c37735e1a6,1,yes,no,,no
report_d5ca85edae17,report_d5ca85edae17,1,yes,yes,robustness_assessment,no
report_d5f67b495034,report_d5f67b495034,1,yes,yes,favorable_assessment,no
report_d6df41f8f42c,report_d6df41f8f42c,1,yes,no,,no
report_d73130c4281a,report_d73130c4281a,1,yes,yes,favorable_assessment,no
report_d777db4196d5,report_d777db4196d5,1,yes,no,,no
report_d7b86b942111,report_d7b86b942111,1,yes,yes,favorable_assessment,no
report_d92c5a205682,report_d92c5a205682,1,yes,yes,minor_error,no
report_dc096d9a7b69,report_dc096d9a7b69,1,yes,yes,favorable_assessment,no
report_dc10859bf227,report_dc10859bf227,1,yes,yes,minor_error,no
report_de3dd9dea903,report_de3dd9dea903,1,yes,yes,robustness_concern,no
report_dea7bfe5a225,report_dea7bfe5a225,1,yes,no,,no
report_dfcfb62a7a80,report_dfcfb62a7a80,1,yes,no,,no
report_e19ed9fa8b88,report_e19ed9fa8b88,1,yes,no,,no
report_e250d36949e9,report_e250d36949e9,1,yes,yes,minor_error,no
report_e40830f78b8d,report_e40830f78b8d,1,yes,yes,minor_error,no
report_e4a97187db80,report_e4a97187db80,1,yes,no,,no
report_e4f54b0dd964,report_e4f54b0dd964,1,yes,yes,minor_error_no_verified_material_consequence,no
report_e5830ac97c35,report_e5830ac97c35,1,yes,no,,no
report_e679777d638d,report_e679777d638d,1,yes,no,,no
report_e71897f8921a,report_e71897f8921a,1,yes,yes,favorable_assessment,no
report_e7a4f728faa3,report_e7a4f728faa3,1,yes,yes,multiple_assessments_no_verified_material_error,no
report_e8a4d40d8d58,report_e8a4d40d8d58,1,yes,no,,no
report_e8c36ade9112,report_e8c36ade9112,1,yes,no,,no
report_ea4a55b0df90,report_ea4a55b0df90,1,yes,no,,no
report_ea555dc8c7a7,report_ea555dc8c7a7,1,yes,no,,no
report_ea8ed203c778,report_ea8ed203c778,1,yes,no,,no
report_ec78c1f06296,report_ec78c1f06296,1,yes,yes,robustness_concern,no
report_ed15002db08e,report_ed15002db08e,1,yes,no,,no
report_ed2409828557,report_ed2409828557,1,yes,yes,robustness_concern,no
report_edc790e0ed42,report_edc790e0ed42,1,yes,no,,no
report_ee1c0db6337d,report_ee1c0db6337d,1,yes,yes,favorable_assessment,no
report_ee21fd8d8139,report_ee21fd8d8139,1,yes,yes,favorable_assessment,no
report_ee6fa60a20bd,report_ee6fa60a20bd,1,yes,yes,minor_error,no
report_ee9729d69397,report_ee9729d69397,1,yes,yes,favorable_assessment,no
report_ef395cda5e19,report_ef395cda5e19,1,yes,no,,no
report_f3193586784a,report_f3193586784a,1,yes,no,,no
report_f6b9ffef58cb,report_f6b9ffef58cb,1,yes,no,,no
report_f7e5230b8c75,report_f7e5230b8c75,1,yes,yes,software_version_reproducibility,no
report_f9082a063d37,report_f9082a063d37,1,yes,yes,robustness_concern,no
report_f92779f10701,report_f92779f10701,1,yes,yes,favorable_assessment,no
report_fd4ca10d5639,report_fd4ca10d5639,1,yes,yes,minor_errors_or_reproducible,no
report_fd69ad23f868,report_fd69ad23f868,1,yes,no,,no
report_ff0cd29c98e7,report_ff0cd29c98e7,1,yes,yes,minor_error,no
report_ffebba29c24d,report_ffebba29c24d,1,yes,yes,robustness_concern,no
